person_type,daas_severity_id,questionnair_id,person_id,idx
Severe Depression,low,daas1,patient21,1
Severe Depression,low,daas2,patient8,2
Severe Depression,low,daas3,patient3,3
Severe Depression,low,daas4,patient39,4
Severe Depression,low,daas5,patient37,5
Severe Depression,low,daas6,patient3,6
Severe Depression,low,daas7,patient49,7
Severe Depression,low,daas8,patient18,8
Severe Depression,low,daas9,patient41,9
Severe Depression,low,daas10,patient37,10
Severe Depression,low,daas11,patient49,11
Severe Depression,low,daas12,patient33,12
Severe Depression,low,daas13,patient25,13
Severe Depression,low,daas14,patient6,14
Severe Depression,low,daas15,patient43,15
Severe Depression,low,daas16,patient39,16
Severe Depression,low,daas17,patient4,17
Severe Depression,low,daas18,patient35,18
Severe Depression,low,daas19,patient46,19
Severe Depression,low,daas20,patient24,20
Moderate Depression,low,daas21,patient93,21
Moderate Depression,low,daas22,patient86,22
Moderate Depression,low,daas23,patient58,23
Moderate Depression,low,daas24,patient100,24
Moderate Depression,low,daas25,patient80,25
Moderate Depression,low,daas26,patient87,26
Moderate Depression,low,daas27,patient65,27
Moderate Depression,low,daas28,patient62,28
Moderate Depression,low,daas29,patient56,29
Moderate Depression,low,daas30,patient88,30
Moderate Depression,low,daas31,patient98,31
Moderate Depression,low,daas32,patient79,32
Moderate Depression,low,daas33,patient70,33
Moderate Depression,low,daas34,patient90,34
Moderate Depression,low,daas35,patient71,35
Moderate Depression,low,daas36,patient64,36
Moderate Depression,low,daas37,patient63,37
Moderate Depression,low,daas38,patient60,38
Moderate Depression,low,daas39,patient75,39
Moderate Depression,low,daas40,patient99,40
Moderate Depression,low,daas41,patient69,41
Moderate Depression,low,daas42,patient72,42
Moderate Depression,low,daas43,patient55,43
Moderate Depression,low,daas44,patient61,44
Moderate Depression,low,daas45,patient66,45
Moderate Depression,low,daas46,patient75,46
Moderate Depression,low,daas47,patient93,47
Moderate Depression,low,daas48,patient87,48
Moderate Depression,low,daas49,patient51,49
Moderate Depression,low,daas50,patient53,50
Moderate Depression,low,daas51,patient52,51
Moderate Depression,low,daas52,patient92,52
Moderate Depression,low,daas53,patient52,53
Moderate Depression,low,daas54,patient59,54
Moderate Depression,low,daas55,patient73,55
Moderate Depression,low,daas56,patient94,56
Moderate Depression,low,daas57,patient86,57
Moderate Depression,low,daas58,patient63,58
Moderate Depression,low,daas59,patient79,59
Moderate Depression,low,daas60,patient62,60
Mixed,low,daas61,patient127,61
Mixed,low,daas62,patient54,62
Mixed,low,daas63,patient80,63
Mixed,low,daas64,patient120,64
Mixed,low,daas65,patient111,65
Mixed,low,daas66,patient148,66
Mixed,low,daas67,patient78,67
Mixed,low,daas68,patient128,68
Mixed,low,daas69,patient134,69
Mixed,low,daas70,patient102,70
Mixed,low,daas71,patient78,71
Mixed,low,daas72,patient132,72
Mixed,low,daas73,patient75,73
Mixed,low,daas74,patient128,74
Mixed,low,daas75,patient99,75
Mixed,low,daas76,patient106,76
Mixed,low,daas77,patient121,77
Mixed,low,daas78,patient80,78
Mixed,low,daas79,patient66,79
Mixed,low,daas80,patient61,80
Mixed,low,daas81,patient122,81
Mixed,low,daas82,patient118,82
Mixed,low,daas83,patient100,83
Mixed,low,daas84,patient106,84
Mixed,low,daas85,patient125,85
Mixed,low,daas86,patient135,86
Mixed,low,daas87,patient130,87
Mixed,low,daas88,patient63,88
Mixed,low,daas89,patient52,89
Mixed,low,daas90,patient87,90
Mixed,low,daas91,patient88,91
Mixed,low,daas92,patient119,92
Mixed,low,daas93,patient98,93
Mixed,low,daas94,patient120,94
Mixed,low,daas95,patient126,95
Mixed,low,daas96,patient137,96
Mixed,low,daas97,patient124,97
Mixed,low,daas98,patient106,98
Mixed,low,daas99,patient94,99
Mixed,low,daas100,patient74,100
Mixed,low,daas101,patient100,101
Mixed,low,daas102,patient106,102
Mixed,low,daas103,patient96,103
Mixed,low,daas104,patient64,104
Mixed,low,daas105,patient86,105
Mixed,low,daas106,patient51,106
Mixed,low,daas107,patient125,107
Mixed,low,daas108,patient102,108
Mixed,low,daas109,patient108,109
Mixed,low,daas110,patient120,110
Mixed,low,daas111,patient98,111
Mixed,low,daas112,patient126,112
Mixed,low,daas113,patient130,113
Mixed,low,daas114,patient87,114
Mixed,low,daas115,patient82,115
Mixed,low,daas116,patient136,116
Mixed,low,daas117,patient106,117
Mixed,low,daas118,patient61,118
Mixed,low,daas119,patient116,119
Mixed,low,daas120,patient110,120
Anxious,low,daas121,patient194,121
Anxious,low,daas122,patient190,122
Anxious,low,daas123,patient197,123
Anxious,low,daas124,patient152,124
Anxious,low,daas125,patient199,125
Anxious,low,daas126,patient162,126
Anxious,low,daas127,patient155,127
Anxious,low,daas128,patient192,128
Anxious,low,daas129,patient196,129
Anxious,low,daas130,patient163,130
Anxious,low,daas131,patient180,131
Anxious,low,daas132,patient192,132
Anxious,low,daas133,patient185,133
Anxious,low,daas134,patient179,134
Anxious,low,daas135,patient160,135
Anxious,low,daas136,patient163,136
Anxious,low,daas137,patient192,137
Anxious,low,daas138,patient182,138
Anxious,low,daas139,patient154,139
Anxious,low,daas140,patient171,140
Anxious,low,daas141,patient199,141
Anxious,low,daas142,patient166,142
Anxious,low,daas143,patient167,143
Anxious,low,daas144,patient162,144
Anxious,low,daas145,patient197,145
Anxious,low,daas146,patient164,146
Anxious,low,daas147,patient160,147
Anxious,low,daas148,patient186,148
Anxious,low,daas149,patient172,149
Anxious,low,daas150,patient183,150
Anxious,low,daas151,patient199,151
Anxious,low,daas152,patient199,152
Anxious,low,daas153,patient188,153
Anxious,low,daas154,patient181,154
Anxious,low,daas155,patient182,155
Anxious,low,daas156,patient189,156
Anxious,low,daas157,patient168,157
Anxious,low,daas158,patient183,158
Anxious,low,daas159,patient154,159
Anxious,low,daas160,patient193,160
Severely Anxious,low,daas161,patient233,161
Severely Anxious,low,daas162,patient240,162
Severely Anxious,low,daas163,patient225,163
Severely Anxious,low,daas164,patient205,164
Severely Anxious,low,daas165,patient245,165
Severely Anxious,low,daas166,patient240,166
Severely Anxious,low,daas167,patient202,167
Severely Anxious,low,daas168,patient207,168
Severely Anxious,low,daas169,patient222,169
Severely Anxious,low,daas170,patient231,170
Severely Anxious,low,daas171,patient250,171
Severely Anxious,low,daas172,patient212,172
Severely Anxious,low,daas173,patient209,173
Severely Anxious,low,daas174,patient221,174
Severely Anxious,low,daas175,patient249,175
Severely Anxious,low,daas176,patient222,176
Severely Anxious,low,daas177,patient246,177
Severely Anxious,low,daas178,patient216,178
Severely Anxious,low,daas179,patient238,179
Severely Anxious,low,daas180,patient201,180
Severe Depression,medium,daas181,patient29,181
Severe Depression,medium,daas182,patient43,182
Severe Depression,medium,daas183,patient33,183
Severe Depression,medium,daas184,patient26,184
Severe Depression,medium,daas185,patient46,185
Severe Depression,medium,daas186,patient29,186
Severe Depression,medium,daas187,patient41,187
Severe Depression,medium,daas188,patient35,188
Severe Depression,medium,daas189,patient26,189
Severe Depression,medium,daas190,patient46,190
Severe Depression,medium,daas191,patient27,191
Severe Depression,medium,daas192,patient25,192
Severe Depression,medium,daas193,patient42,193
Severe Depression,medium,daas194,patient17,194
Severe Depression,medium,daas195,patient15,195
Severe Depression,medium,daas196,patient12,196
Severe Depression,medium,daas197,patient24,197
Severe Depression,medium,daas198,patient45,198
Severe Depression,medium,daas199,patient35,199
Severe Depression,medium,daas200,patient18,200
Severe Depression,medium,daas201,patient11,201
Severe Depression,medium,daas202,patient47,202
Severe Depression,medium,daas203,patient12,203
Severe Depression,medium,daas204,patient48,204
Severe Depression,medium,daas205,patient11,205
Severe Depression,medium,daas206,patient27,206
Severe Depression,medium,daas207,patient32,207
Severe Depression,medium,daas208,patient30,208
Severe Depression,medium,daas209,patient42,209
Severe Depression,medium,daas210,patient31,210
Moderate Depression,medium,daas211,patient54,211
Moderate Depression,medium,daas212,patient59,212
Moderate Depression,medium,daas213,patient66,213
Moderate Depression,medium,daas214,patient70,214
Moderate Depression,medium,daas215,patient66,215
Moderate Depression,medium,daas216,patient54,216
Moderate Depression,medium,daas217,patient98,217
Moderate Depression,medium,daas218,patient91,218
Moderate Depression,medium,daas219,patient94,219
Moderate Depression,medium,daas220,patient72,220
Moderate Depression,medium,daas221,patient77,221
Moderate Depression,medium,daas222,patient78,222
Moderate Depression,medium,daas223,patient84,223
Moderate Depression,medium,daas224,patient83,224
Moderate Depression,medium,daas225,patient56,225
Moderate Depression,medium,daas226,patient64,226
Moderate Depression,medium,daas227,patient57,227
Moderate Depression,medium,daas228,patient86,228
Moderate Depression,medium,daas229,patient93,229
Moderate Depression,medium,daas230,patient87,230
Moderate Depression,medium,daas231,patient87,231
Moderate Depression,medium,daas232,patient55,232
Moderate Depression,medium,daas233,patient74,233
Moderate Depression,medium,daas234,patient66,234
Moderate Depression,medium,daas235,patient93,235
Moderate Depression,medium,daas236,patient66,236
Moderate Depression,medium,daas237,patient78,237
Moderate Depression,medium,daas238,patient60,238
Moderate Depression,medium,daas239,patient97,239
Moderate Depression,medium,daas240,patient70,240
Mixed,medium,daas241,patient109,241
Mixed,medium,daas242,patient99,242
Mixed,medium,daas243,patient84,243
Mixed,medium,daas244,patient117,244
Mixed,medium,daas245,patient94,245
Mixed,medium,daas246,patient55,246
Mixed,medium,daas247,patient83,247
Mixed,medium,daas248,patient81,248
Mixed,medium,daas249,patient58,249
Mixed,medium,daas250,patient113,250
Mixed,medium,daas251,patient97,251
Mixed,medium,daas252,patient77,252
Mixed,medium,daas253,patient119,253
Mixed,medium,daas254,patient111,254
Mixed,medium,daas255,patient121,255
Mixed,medium,daas256,patient143,256
Mixed,medium,daas257,patient102,257
Mixed,medium,daas258,patient55,258
Mixed,medium,daas259,patient52,259
Mixed,medium,daas260,patient59,260
Mixed,medium,daas261,patient129,261
Mixed,medium,daas262,patient80,262
Mixed,medium,daas263,patient138,263
Mixed,medium,daas264,patient112,264
Mixed,medium,daas265,patient131,265
Mixed,medium,daas266,patient72,266
Mixed,medium,daas267,patient132,267
Mixed,medium,daas268,patient112,268
Mixed,medium,daas269,patient146,269
Mixed,medium,daas270,patient51,270
Mixed,medium,daas271,patient113,271
Mixed,medium,daas272,patient97,272
Mixed,medium,daas273,patient104,273
Mixed,medium,daas274,patient86,274
Mixed,medium,daas275,patient141,275
Mixed,medium,daas276,patient67,276
Mixed,medium,daas277,patient119,277
Mixed,medium,daas278,patient133,278
Mixed,medium,daas279,patient61,279
Mixed,medium,daas280,patient69,280
Mixed,medium,daas281,patient70,281
Mixed,medium,daas282,patient123,282
Mixed,medium,daas283,patient70,283
Mixed,medium,daas284,patient58,284
Mixed,medium,daas285,patient85,285
Mixed,medium,daas286,patient130,286
Mixed,medium,daas287,patient118,287
Mixed,medium,daas288,patient63,288
Mixed,medium,daas289,patient77,289
Mixed,medium,daas290,patient92,290
Mixed,medium,daas291,patient147,291
Mixed,medium,daas292,patient62,292
Mixed,medium,daas293,patient65,293
Mixed,medium,daas294,patient148,294
Mixed,medium,daas295,patient85,295
Mixed,medium,daas296,patient129,296
Mixed,medium,daas297,patient111,297
Mixed,medium,daas298,patient64,298
Mixed,medium,daas299,patient100,299
Mixed,medium,daas300,patient142,300
Anxious,medium,daas301,patient189,301
Anxious,medium,daas302,patient196,302
Anxious,medium,daas303,patient177,303
Anxious,medium,daas304,patient200,304
Anxious,medium,daas305,patient177,305
Anxious,medium,daas306,patient160,306
Anxious,medium,daas307,patient176,307
Anxious,medium,daas308,patient180,308
Anxious,medium,daas309,patient173,309
Anxious,medium,daas310,patient167,310
Anxious,medium,daas311,patient180,311
Anxious,medium,daas312,patient187,312
Anxious,medium,daas313,patient179,313
Anxious,medium,daas314,patient177,314
Anxious,medium,daas315,patient163,315
Anxious,medium,daas316,patient185,316
Anxious,medium,daas317,patient169,317
Anxious,medium,daas318,patient197,318
Anxious,medium,daas319,patient174,319
Anxious,medium,daas320,patient156,320
Anxious,medium,daas321,patient195,321
Anxious,medium,daas322,patient196,322
Anxious,medium,daas323,patient165,323
Anxious,medium,daas324,patient153,324
Anxious,medium,daas325,patient183,325
Anxious,medium,daas326,patient151,326
Anxious,medium,daas327,patient175,327
Anxious,medium,daas328,patient152,328
Anxious,medium,daas329,patient184,329
Anxious,medium,daas330,patient156,330
Anxious,medium,daas331,patient186,331
Anxious,medium,daas332,patient171,332
Anxious,medium,daas333,patient165,333
Anxious,medium,daas334,patient187,334
Anxious,medium,daas335,patient187,335
Anxious,medium,daas336,patient188,336
Anxious,medium,daas337,patient154,337
Anxious,medium,daas338,patient199,338
Anxious,medium,daas339,patient189,339
Anxious,medium,daas340,patient185,340
Severely Anxious,medium,daas341,patient243,341
Severely Anxious,medium,daas342,patient220,342
Severely Anxious,medium,daas343,patient250,343
Severely Anxious,medium,daas344,patient202,344
Severely Anxious,medium,daas345,patient227,345
Severely Anxious,medium,daas346,patient243,346
Severely Anxious,medium,daas347,patient229,347
Severely Anxious,medium,daas348,patient218,348
Severely Anxious,medium,daas349,patient235,349
Severely Anxious,medium,daas350,patient230,350
Severely Anxious,medium,daas351,patient213,351
Severely Anxious,medium,daas352,patient239,352
Severely Anxious,medium,daas353,patient228,353
Severely Anxious,medium,daas354,patient225,354
Severely Anxious,medium,daas355,patient216,355
Severely Anxious,medium,daas356,patient215,356
Severely Anxious,medium,daas357,patient204,357
Severely Anxious,medium,daas358,patient210,358
Severely Anxious,medium,daas359,patient235,359
Severely Anxious,medium,daas360,patient219,360
Severely Anxious,medium,daas361,patient209,361
Severely Anxious,medium,daas362,patient223,362
Severely Anxious,medium,daas363,patient241,363
Severely Anxious,medium,daas364,patient206,364
Severely Anxious,medium,daas365,patient224,365
Severely Anxious,medium,daas366,patient249,366
Severely Anxious,medium,daas367,patient202,367
Severely Anxious,medium,daas368,patient207,368
Severely Anxious,medium,daas369,patient245,369
Severely Anxious,medium,daas370,patient232,370
Severe Depression,high,daas371,patient42,371
Severe Depression,high,daas372,patient35,372
Severe Depression,high,daas373,patient45,373
Severe Depression,high,daas374,patient42,374
Severe Depression,high,daas375,patient44,375
Severe Depression,high,daas376,patient22,376
Severe Depression,high,daas377,patient29,377
Severe Depression,high,daas378,patient39,378
Severe Depression,high,daas379,patient5,379
Severe Depression,high,daas380,patient26,380
Severe Depression,high,daas381,patient3,381
Severe Depression,high,daas382,patient48,382
Severe Depression,high,daas383,patient46,383
Severe Depression,high,daas384,patient22,384
Severe Depression,high,daas385,patient32,385
Severe Depression,high,daas386,patient27,386
Severe Depression,high,daas387,patient5,387
Severe Depression,high,daas388,patient8,388
Severe Depression,high,daas389,patient29,389
Severe Depression,high,daas390,patient47,390
Severe Depression,high,daas391,patient23,391
Severe Depression,high,daas392,patient45,392
Severe Depression,high,daas393,patient36,393
Severe Depression,high,daas394,patient37,394
Severe Depression,high,daas395,patient11,395
Severe Depression,high,daas396,patient35,396
Severe Depression,high,daas397,patient44,397
Severe Depression,high,daas398,patient46,398
Severe Depression,high,daas399,patient35,399
Severe Depression,high,daas400,patient38,400
Severe Depression,high,daas401,patient28,401
Severe Depression,high,daas402,patient1,402
Severe Depression,high,daas403,patient26,403
Severe Depression,high,daas404,patient14,404
Severe Depression,high,daas405,patient3,405
Severe Depression,high,daas406,patient30,406
Severe Depression,high,daas407,patient18,407
Severe Depression,high,daas408,patient4,408
Severe Depression,high,daas409,patient29,409
Severe Depression,high,daas410,patient36,410
Severe Depression,high,daas411,patient16,411
Severe Depression,high,daas412,patient45,412
Severe Depression,high,daas413,patient6,413
Severe Depression,high,daas414,patient7,414
Severe Depression,high,daas415,patient1,415
Severe Depression,high,daas416,patient19,416
Severe Depression,high,daas417,patient31,417
Severe Depression,high,daas418,patient48,418
Severe Depression,high,daas419,patient34,419
Severe Depression,high,daas420,patient49,420
Severe Depression,high,daas421,patient19,421
Severe Depression,high,daas422,patient20,422
Severe Depression,high,daas423,patient46,423
Severe Depression,high,daas424,patient12,424
Severe Depression,high,daas425,patient41,425
Severe Depression,high,daas426,patient8,426
Severe Depression,high,daas427,patient49,427
Severe Depression,high,daas428,patient35,428
Severe Depression,high,daas429,patient44,429
Severe Depression,high,daas430,patient38,430
Severe Depression,high,daas431,patient17,431
Severe Depression,high,daas432,patient49,432
Severe Depression,high,daas433,patient22,433
Severe Depression,high,daas434,patient14,434
Severe Depression,high,daas435,patient19,435
Severe Depression,high,daas436,patient41,436
Severe Depression,high,daas437,patient1,437
Severe Depression,high,daas438,patient11,438
Severe Depression,high,daas439,patient35,439
Severe Depression,high,daas440,patient32,440
Severe Depression,high,daas441,patient17,441
Severe Depression,high,daas442,patient47,442
Severe Depression,high,daas443,patient4,443
Severe Depression,high,daas444,patient36,444
Severe Depression,high,daas445,patient40,445
Severe Depression,high,daas446,patient20,446
Severe Depression,high,daas447,patient41,447
Severe Depression,high,daas448,patient29,448
Severe Depression,high,daas449,patient8,449
Severe Depression,high,daas450,patient38,450
Severe Depression,high,daas451,patient16,451
Severe Depression,high,daas452,patient26,452
Severe Depression,high,daas453,patient30,453
Severe Depression,high,daas454,patient1,454
Severe Depression,high,daas455,patient18,455
Severe Depression,high,daas456,patient29,456
Severe Depression,high,daas457,patient27,457
Severe Depression,high,daas458,patient45,458
Severe Depression,high,daas459,patient36,459
Severe Depression,high,daas460,patient44,460
Severe Depression,high,daas461,patient3,461
Severe Depression,high,daas462,patient15,462
Severe Depression,high,daas463,patient9,463
Severe Depression,high,daas464,patient48,464
Severe Depression,high,daas465,patient3,465
Severe Depression,high,daas466,patient21,466
Severe Depression,high,daas467,patient17,467
Severe Depression,high,daas468,patient40,468
Severe Depression,high,daas469,patient30,469
Severe Depression,high,daas470,patient11,470
Moderate Depression,high,daas471,patient99,471
Moderate Depression,high,daas472,patient65,472
Moderate Depression,high,daas473,patient72,473
Moderate Depression,high,daas474,patient53,474
Moderate Depression,high,daas475,patient82,475
Moderate Depression,high,daas476,patient60,476
Moderate Depression,high,daas477,patient88,477
Moderate Depression,high,daas478,patient100,478
Moderate Depression,high,daas479,patient80,479
Moderate Depression,high,daas480,patient94,480
Moderate Depression,high,daas481,patient72,481
Moderate Depression,high,daas482,patient84,482
Moderate Depression,high,daas483,patient62,483
Moderate Depression,high,daas484,patient72,484
Moderate Depression,high,daas485,patient68,485
Moderate Depression,high,daas486,patient60,486
Moderate Depression,high,daas487,patient60,487
Moderate Depression,high,daas488,patient86,488
Moderate Depression,high,daas489,patient72,489
Moderate Depression,high,daas490,patient51,490
Moderate Depression,high,daas491,patient94,491
Moderate Depression,high,daas492,patient96,492
Moderate Depression,high,daas493,patient95,493
Moderate Depression,high,daas494,patient84,494
Moderate Depression,high,daas495,patient75,495
Moderate Depression,high,daas496,patient89,496
Moderate Depression,high,daas497,patient70,497
Moderate Depression,high,daas498,patient55,498
Moderate Depression,high,daas499,patient66,499
Moderate Depression,high,daas500,patient78,500
Moderate Depression,high,daas501,patient55,501
Moderate Depression,high,daas502,patient58,502
Moderate Depression,high,daas503,patient58,503
Moderate Depression,high,daas504,patient51,504
Moderate Depression,high,daas505,patient57,505
Moderate Depression,high,daas506,patient52,506
Moderate Depression,high,daas507,patient97,507
Moderate Depression,high,daas508,patient71,508
Moderate Depression,high,daas509,patient67,509
Moderate Depression,high,daas510,patient99,510
Moderate Depression,high,daas511,patient65,511
Moderate Depression,high,daas512,patient61,512
Moderate Depression,high,daas513,patient88,513
Moderate Depression,high,daas514,patient54,514
Moderate Depression,high,daas515,patient68,515
Moderate Depression,high,daas516,patient61,516
Moderate Depression,high,daas517,patient62,517
Moderate Depression,high,daas518,patient68,518
Moderate Depression,high,daas519,patient53,519
Moderate Depression,high,daas520,patient68,520
Moderate Depression,high,daas521,patient82,521
Moderate Depression,high,daas522,patient69,522
Moderate Depression,high,daas523,patient54,523
Moderate Depression,high,daas524,patient64,524
Moderate Depression,high,daas525,patient89,525
Moderate Depression,high,daas526,patient70,526
Moderate Depression,high,daas527,patient64,527
Moderate Depression,high,daas528,patient92,528
Moderate Depression,high,daas529,patient89,529
Moderate Depression,high,daas530,patient88,530
Moderate Depression,high,daas531,patient64,531
Moderate Depression,high,daas532,patient61,532
Moderate Depression,high,daas533,patient88,533
Moderate Depression,high,daas534,patient80,534
Moderate Depression,high,daas535,patient71,535
Moderate Depression,high,daas536,patient51,536
Moderate Depression,high,daas537,patient91,537
Moderate Depression,high,daas538,patient62,538
Moderate Depression,high,daas539,patient59,539
Moderate Depression,high,daas540,patient64,540
Moderate Depression,high,daas541,patient75,541
Moderate Depression,high,daas542,patient69,542
Moderate Depression,high,daas543,patient62,543
Moderate Depression,high,daas544,patient58,544
Moderate Depression,high,daas545,patient67,545
Moderate Depression,high,daas546,patient62,546
Moderate Depression,high,daas547,patient73,547
Moderate Depression,high,daas548,patient60,548
Moderate Depression,high,daas549,patient92,549
Moderate Depression,high,daas550,patient54,550
Moderate Depression,high,daas551,patient60,551
Moderate Depression,high,daas552,patient95,552
Moderate Depression,high,daas553,patient66,553
Moderate Depression,high,daas554,patient97,554
Moderate Depression,high,daas555,patient90,555
Moderate Depression,high,daas556,patient69,556
Moderate Depression,high,daas557,patient54,557
Moderate Depression,high,daas558,patient84,558
Moderate Depression,high,daas559,patient62,559
Moderate Depression,high,daas560,patient81,560
Moderate Depression,high,daas561,patient83,561
Moderate Depression,high,daas562,patient94,562
Moderate Depression,high,daas563,patient73,563
Moderate Depression,high,daas564,patient98,564
Moderate Depression,high,daas565,patient75,565
Moderate Depression,high,daas566,patient77,566
Moderate Depression,high,daas567,patient76,567
Moderate Depression,high,daas568,patient75,568
Moderate Depression,high,daas569,patient69,569
Moderate Depression,high,daas570,patient92,570
Mixed,high,daas571,patient111,571
Mixed,high,daas572,patient126,572
Mixed,high,daas573,patient65,573
Mixed,high,daas574,patient115,574
Mixed,high,daas575,patient79,575
Mixed,high,daas576,patient128,576
Mixed,high,daas577,patient101,577
Mixed,high,daas578,patient128,578
Mixed,high,daas579,patient107,579
Mixed,high,daas580,patient148,580
Mixed,high,daas581,patient114,581
Mixed,high,daas582,patient117,582
Mixed,high,daas583,patient65,583
Mixed,high,daas584,patient62,584
Mixed,high,daas585,patient82,585
Mixed,high,daas586,patient77,586
Mixed,high,daas587,patient78,587
Mixed,high,daas588,patient141,588
Mixed,high,daas589,patient122,589
Mixed,high,daas590,patient135,590
Mixed,high,daas591,patient51,591
Mixed,high,daas592,patient108,592
Mixed,high,daas593,patient52,593
Mixed,high,daas594,patient108,594
Mixed,high,daas595,patient130,595
Mixed,high,daas596,patient90,596
Mixed,high,daas597,patient144,597
Mixed,high,daas598,patient147,598
Mixed,high,daas599,patient120,599
Mixed,high,daas600,patient115,600
Mixed,high,daas601,patient56,601
Mixed,high,daas602,patient95,602
Mixed,high,daas603,patient107,603
Mixed,high,daas604,patient103,604
Mixed,high,daas605,patient133,605
Mixed,high,daas606,patient82,606
Mixed,high,daas607,patient70,607
Mixed,high,daas608,patient121,608
Mixed,high,daas609,patient147,609
Mixed,high,daas610,patient79,610
Mixed,high,daas611,patient106,611
Mixed,high,daas612,patient144,612
Mixed,high,daas613,patient71,613
Mixed,high,daas614,patient128,614
Mixed,high,daas615,patient110,615
Mixed,high,daas616,patient95,616
Mixed,high,daas617,patient58,617
Mixed,high,daas618,patient77,618
Mixed,high,daas619,patient129,619
Mixed,high,daas620,patient115,620
Mixed,high,daas621,patient125,621
Mixed,high,daas622,patient84,622
Mixed,high,daas623,patient105,623
Mixed,high,daas624,patient79,624
Mixed,high,daas625,patient120,625
Mixed,high,daas626,patient96,626
Mixed,high,daas627,patient128,627
Mixed,high,daas628,patient88,628
Mixed,high,daas629,patient115,629
Mixed,high,daas630,patient124,630
Anxious,high,daas631,patient183,631
Anxious,high,daas632,patient196,632
Anxious,high,daas633,patient177,633
Anxious,high,daas634,patient152,634
Anxious,high,daas635,patient189,635
Anxious,high,daas636,patient181,636
Anxious,high,daas637,patient169,637
Anxious,high,daas638,patient196,638
Anxious,high,daas639,patient155,639
Anxious,high,daas640,patient169,640
Anxious,high,daas641,patient171,641
Anxious,high,daas642,patient168,642
Anxious,high,daas643,patient197,643
Anxious,high,daas644,patient154,644
Anxious,high,daas645,patient176,645
Anxious,high,daas646,patient174,646
Anxious,high,daas647,patient177,647
Anxious,high,daas648,patient161,648
Anxious,high,daas649,patient190,649
Anxious,high,daas650,patient161,650
Anxious,high,daas651,patient196,651
Anxious,high,daas652,patient160,652
Anxious,high,daas653,patient166,653
Anxious,high,daas654,patient179,654
Anxious,high,daas655,patient195,655
Anxious,high,daas656,patient196,656
Anxious,high,daas657,patient161,657
Anxious,high,daas658,patient181,658
Anxious,high,daas659,patient165,659
Anxious,high,daas660,patient194,660
Anxious,high,daas661,patient183,661
Anxious,high,daas662,patient184,662
Anxious,high,daas663,patient189,663
Anxious,high,daas664,patient174,664
Anxious,high,daas665,patient155,665
Anxious,high,daas666,patient200,666
Anxious,high,daas667,patient195,667
Anxious,high,daas668,patient176,668
Anxious,high,daas669,patient154,669
Anxious,high,daas670,patient155,670
Severely Anxious,high,daas671,patient221,671
Severely Anxious,high,daas672,patient230,672
Severely Anxious,high,daas673,patient220,673
Severely Anxious,high,daas674,patient236,674
Severely Anxious,high,daas675,patient204,675
Severely Anxious,high,daas676,patient208,676
Severely Anxious,high,daas677,patient227,677
Severely Anxious,high,daas678,patient222,678
Severely Anxious,high,daas679,patient233,679
Severely Anxious,high,daas680,patient217,680
Severely Anxious,high,daas681,patient238,681
Severely Anxious,high,daas682,patient250,682
Severely Anxious,high,daas683,patient218,683
Severely Anxious,high,daas684,patient211,684
Severely Anxious,high,daas685,patient246,685
Severely Anxious,high,daas686,patient216,686
Severely Anxious,high,daas687,patient207,687
Severely Anxious,high,daas688,patient246,688
Severely Anxious,high,daas689,patient233,689
Severely Anxious,high,daas690,patient202,690
Severely Anxious,high,daas691,patient249,691
Severely Anxious,high,daas692,patient212,692
Severely Anxious,high,daas693,patient207,693
Severely Anxious,high,daas694,patient246,694
Severely Anxious,high,daas695,patient234,695
Severely Anxious,high,daas696,patient247,696
Severely Anxious,high,daas697,patient215,697
Severely Anxious,high,daas698,patient231,698
Severely Anxious,high,daas699,patient217,699
Severely Anxious,high,daas700,patient221,700
Severely Anxious,high,daas701,patient246,701
Severely Anxious,high,daas702,patient205,702
Severely Anxious,high,daas703,patient245,703
Severely Anxious,high,daas704,patient220,704
Severely Anxious,high,daas705,patient220,705
Severely Anxious,high,daas706,patient236,706
Severely Anxious,high,daas707,patient224,707
Severely Anxious,high,daas708,patient249,708
Severely Anxious,high,daas709,patient210,709
Severely Anxious,high,daas710,patient220,710
Severely Anxious,high,daas711,patient248,711
Severely Anxious,high,daas712,patient208,712
Severely Anxious,high,daas713,patient208,713
Severely Anxious,high,daas714,patient234,714
Severely Anxious,high,daas715,patient236,715
Severely Anxious,high,daas716,patient241,716
Severely Anxious,high,daas717,patient236,717
Severely Anxious,high,daas718,patient210,718
Severely Anxious,high,daas719,patient225,719
Severely Anxious,high,daas720,patient245,720
Severely Anxious,high,daas721,patient248,721
Severely Anxious,high,daas722,patient205,722
Severely Anxious,high,daas723,patient230,723
Severely Anxious,high,daas724,patient232,724
Severely Anxious,high,daas725,patient226,725
Severely Anxious,high,daas726,patient226,726
Severely Anxious,high,daas727,patient201,727
Severely Anxious,high,daas728,patient221,728
Severely Anxious,high,daas729,patient229,729
Severely Anxious,high,daas730,patient232,730
Severely Anxious,high,daas731,patient214,731
Severely Anxious,high,daas732,patient236,732
Severely Anxious,high,daas733,patient213,733
Severely Anxious,high,daas734,patient219,734
Severely Anxious,high,daas735,patient248,735
Severely Anxious,high,daas736,patient203,736
Severely Anxious,high,daas737,patient207,737
Severely Anxious,high,daas738,patient250,738
Severely Anxious,high,daas739,patient220,739
Severely Anxious,high,daas740,patient250,740
Severely Anxious,high,daas741,patient224,741
Severely Anxious,high,daas742,patient247,742
Severely Anxious,high,daas743,patient235,743
Severely Anxious,high,daas744,patient231,744
Severely Anxious,high,daas745,patient241,745
Severely Anxious,high,daas746,patient207,746
Severely Anxious,high,daas747,patient242,747
Severely Anxious,high,daas748,patient208,748
Severely Anxious,high,daas749,patient219,749
Severely Anxious,high,daas750,patient225,750
Severely Anxious,high,daas751,patient249,751
Severely Anxious,high,daas752,patient244,752
Severely Anxious,high,daas753,patient217,753
Severely Anxious,high,daas754,patient222,754
Severely Anxious,high,daas755,patient245,755
Severely Anxious,high,daas756,patient239,756
Severely Anxious,high,daas757,patient233,757
Severely Anxious,high,daas758,patient215,758
Severely Anxious,high,daas759,patient221,759
Severely Anxious,high,daas760,patient237,760
Severely Anxious,high,daas761,patient225,761
Severely Anxious,high,daas762,patient207,762
Severely Anxious,high,daas763,patient201,763
Severely Anxious,high,daas764,patient243,764
Severely Anxious,high,daas765,patient225,765
Severely Anxious,high,daas766,patient230,766
Severely Anxious,high,daas767,patient213,767
Severely Anxious,high,daas768,patient221,768
Severely Anxious,high,daas769,patient213,769
Severely Anxious,high,daas770,patient222,770