person_type,diagnosis_id,session_id,person_id,idx
Severe Depression,Depression,session1,patient44,1
Severe Depression,Depression,session2,patient39,2
Severe Depression,Depression,session3,patient2,3
Severe Depression,Depression,session4,patient16,4
Severe Depression,Depression,session5,patient7,5
Severe Depression,Depression,session6,patient17,6
Severe Depression,Depression,session7,patient1,7
Severe Depression,Depression,session8,patient17,8
Severe Depression,Depression,session9,patient18,9
Severe Depression,Depression,session10,patient2,10
Severe Depression,Depression,session11,patient46,11
Severe Depression,Depression,session12,patient48,12
Severe Depression,Depression,session13,patient22,13
Severe Depression,Depression,session14,patient48,14
Severe Depression,Depression,session15,patient4,15
Severe Depression,Depression,session16,patient41,16
Severe Depression,Depression,session17,patient28,17
Severe Depression,Depression,session18,patient49,18
Severe Depression,Depression,session19,patient30,19
Severe Depression,Depression,session20,patient11,20
Severe Depression,Depression,session21,patient42,21
Severe Depression,Depression,session22,patient18,22
Severe Depression,Depression,session23,patient25,23
Severe Depression,Depression,session24,patient5,24
Severe Depression,Depression,session25,patient48,25
Severe Depression,Depression,session26,patient47,26
Severe Depression,Depression,session27,patient25,27
Severe Depression,Depression,session28,patient36,28
Severe Depression,Depression,session29,patient40,29
Severe Depression,Depression,session30,patient5,30
Severe Depression,Depression,session31,patient6,31
Severe Depression,Depression,session32,patient20,32
Severe Depression,Depression,session33,patient31,33
Severe Depression,Depression,session34,patient18,34
Severe Depression,Depression,session35,patient11,35
Severe Depression,Depression,session36,patient7,36
Severe Depression,Depression,session37,patient41,37
Severe Depression,Depression,session38,patient33,38
Severe Depression,Depression,session39,patient15,39
Severe Depression,Depression,session40,patient7,40
Severe Depression,Depression,session41,patient11,41
Severe Depression,Depression,session42,patient41,42
Severe Depression,Depression,session43,patient27,43
Severe Depression,Depression,session44,patient49,44
Severe Depression,Depression,session45,patient19,45
Severe Depression,Depression,session46,patient41,46
Severe Depression,Depression,session47,patient22,47
Severe Depression,Depression,session48,patient25,48
Severe Depression,Depression,session49,patient35,49
Severe Depression,Depression,session50,patient25,50
Severe Depression,Depression,session51,patient41,51
Severe Depression,Depression,session52,patient8,52
Severe Depression,Depression,session53,patient39,53
Severe Depression,Depression,session54,patient19,54
Severe Depression,Depression,session55,patient4,55
Severe Depression,Depression,session56,patient50,56
Severe Depression,Depression,session57,patient41,57
Severe Depression,Depression,session58,patient13,58
Severe Depression,Depression,session59,patient10,59
Severe Depression,Depression,session60,patient50,60
Severe Depression,Depression,session61,patient25,61
Severe Depression,Depression,session62,patient25,62
Severe Depression,Depression,session63,patient20,63
Severe Depression,Depression,session64,patient28,64
Severe Depression,Depression,session65,patient5,65
Severe Depression,Depression,session66,patient7,66
Severe Depression,Depression,session67,patient4,67
Severe Depression,Depression,session68,patient36,68
Severe Depression,Depression,session69,patient37,69
Severe Depression,Depression,session70,patient26,70
Severe Depression,Depression,session71,patient47,71
Severe Depression,Depression,session72,patient32,72
Severe Depression,Depression,session73,patient23,73
Severe Depression,Depression,session74,patient33,74
Severe Depression,Depression,session75,patient3,75
Severe Depression,Depression,session76,patient41,76
Severe Depression,Depression,session77,patient8,77
Severe Depression,Depression,session78,patient40,78
Severe Depression,Depression,session79,patient13,79
Severe Depression,Depression,session80,patient34,80
Moderate Depression,Depression,session81,patient60,81
Moderate Depression,Depression,session82,patient70,82
Moderate Depression,Depression,session83,patient76,83
Moderate Depression,Depression,session84,patient100,84
Moderate Depression,Depression,session85,patient54,85
Moderate Depression,Depression,session86,patient62,86
Moderate Depression,Depression,session87,patient66,87
Moderate Depression,Depression,session88,patient87,88
Moderate Depression,Depression,session89,patient100,89
Moderate Depression,Depression,session90,patient86,90
Moderate Depression,Depression,session91,patient53,91
Moderate Depression,Depression,session92,patient63,92
Moderate Depression,Depression,session93,patient82,93
Moderate Depression,Depression,session94,patient74,94
Moderate Depression,Depression,session95,patient96,95
Moderate Depression,Depression,session96,patient58,96
Moderate Depression,Depression,session97,patient76,97
Moderate Depression,Depression,session98,patient78,98
Moderate Depression,Depression,session99,patient86,99
Moderate Depression,Depression,session100,patient84,100
Moderate Depression,Depression,session101,patient87,101
Moderate Depression,Depression,session102,patient83,102
Moderate Depression,Depression,session103,patient93,103
Moderate Depression,Depression,session104,patient83,104
Moderate Depression,Depression,session105,patient64,105
Moderate Depression,Depression,session106,patient85,106
Moderate Depression,Depression,session107,patient90,107
Moderate Depression,Depression,session108,patient85,108
Moderate Depression,Depression,session109,patient83,109
Moderate Depression,Depression,session110,patient72,110
Moderate Depression,Depression,session111,patient59,111
Moderate Depression,Depression,session112,patient100,112
Moderate Depression,Depression,session113,patient70,113
Moderate Depression,Depression,session114,patient96,114
Moderate Depression,Depression,session115,patient80,115
Moderate Depression,Depression,session116,patient98,116
Moderate Depression,Depression,session117,patient81,117
Moderate Depression,Depression,session118,patient92,118
Moderate Depression,Depression,session119,patient86,119
Moderate Depression,Depression,session120,patient76,120
Moderate Depression,Depression,session121,patient98,121
Moderate Depression,Depression,session122,patient95,122
Moderate Depression,Depression,session123,patient66,123
Moderate Depression,Depression,session124,patient63,124
Moderate Depression,Depression,session125,patient97,125
Moderate Depression,Depression,session126,patient90,126
Moderate Depression,Depression,session127,patient70,127
Moderate Depression,Depression,session128,patient87,128
Moderate Depression,Depression,session129,patient60,129
Moderate Depression,Depression,session130,patient99,130
Moderate Depression,Depression,session131,patient98,131
Moderate Depression,Depression,session132,patient98,132
Moderate Depression,Depression,session133,patient65,133
Moderate Depression,Depression,session134,patient75,134
Moderate Depression,Depression,session135,patient59,135
Moderate Depression,Depression,session136,patient55,136
Moderate Depression,Depression,session137,patient52,137
Moderate Depression,Depression,session138,patient91,138
Moderate Depression,Depression,session139,patient60,139
Moderate Depression,Depression,session140,patient89,140
Mixed,Depressoin,session141,patient88,141
Mixed,Depressoin,session142,patient64,142
Mixed,Depressoin,session143,patient128,143
Mixed,Depressoin,session144,patient91,144
Mixed,Depressoin,session145,patient68,145
Mixed,Depressoin,session146,patient129,146
Mixed,Depressoin,session147,patient74,147
Mixed,Depressoin,session148,patient76,148
Mixed,Depressoin,session149,patient136,149
Mixed,Depressoin,session150,patient111,150
Mixed,Depressoin,session151,patient94,151
Mixed,Depressoin,session152,patient126,152
Mixed,Depressoin,session153,patient86,153
Mixed,Depressoin,session154,patient118,154
Mixed,Depressoin,session155,patient76,155
Mixed,Depressoin,session156,patient146,156
Mixed,Depressoin,session157,patient102,157
Mixed,Depressoin,session158,patient144,158
Mixed,Depressoin,session159,patient72,159
Mixed,Depressoin,session160,patient125,160
Mixed,Depressoin,session161,patient137,161
Mixed,Depressoin,session162,patient129,162
Mixed,Depressoin,session163,patient66,163
Mixed,Depressoin,session164,patient61,164
Mixed,Depressoin,session165,patient55,165
Mixed,Depressoin,session166,patient142,166
Mixed,Depressoin,session167,patient127,167
Mixed,Depressoin,session168,patient78,168
Mixed,Depressoin,session169,patient140,169
Mixed,Depressoin,session170,patient123,170
Anxious,Depression,session171,patient166,171
Anxious,Depression,session172,patient182,172
Anxious,Depression,session173,patient182,173
Anxious,Depression,session174,patient200,174
Anxious,Depression,session175,patient179,175
Anxious,Depression,session176,patient177,176
Anxious,Depression,session177,patient161,177
Anxious,Depression,session178,patient176,178
Anxious,Depression,session179,patient195,179
Anxious,Depression,session180,patient177,180
Anxious,Depression,session181,patient177,181
Anxious,Depression,session182,patient169,182
Anxious,Depression,session183,patient200,183
Anxious,Depression,session184,patient182,184
Anxious,Depression,session185,patient199,185
Anxious,Depression,session186,patient181,186
Anxious,Depression,session187,patient189,187
Anxious,Depression,session188,patient151,188
Anxious,Depression,session189,patient159,189
Anxious,Depression,session190,patient156,190
Anxious,Depression,session191,patient182,191
Anxious,Depression,session192,patient159,192
Anxious,Depression,session193,patient154,193
Anxious,Depression,session194,patient200,194
Anxious,Depression,session195,patient156,195
Anxious,Depression,session196,patient153,196
Anxious,Depression,session197,patient177,197
Anxious,Depression,session198,patient164,198
Anxious,Depression,session199,patient153,199
Anxious,Depression,session200,patient182,200
Anxious,Depression,session201,patient154,201
Anxious,Depression,session202,patient185,202
Anxious,Depression,session203,patient163,203
Anxious,Depression,session204,patient199,204
Anxious,Depression,session205,patient190,205
Anxious,Depression,session206,patient191,206
Anxious,Depression,session207,patient172,207
Anxious,Depression,session208,patient171,208
Anxious,Depression,session209,patient181,209
Anxious,Depression,session210,patient200,210
Anxious,Depression,session211,patient167,211
Anxious,Depression,session212,patient179,212
Anxious,Depression,session213,patient176,213
Anxious,Depression,session214,patient176,214
Anxious,Depression,session215,patient158,215
Anxious,Depression,session216,patient189,216
Anxious,Depression,session217,patient196,217
Anxious,Depression,session218,patient176,218
Anxious,Depression,session219,patient196,219
Anxious,Depression,session220,patient180,220
Anxious,Depression,session221,patient188,221
Anxious,Depression,session222,patient165,222
Anxious,Depression,session223,patient163,223
Anxious,Depression,session224,patient168,224
Anxious,Depression,session225,patient198,225
Anxious,Depression,session226,patient193,226
Anxious,Depression,session227,patient169,227
Anxious,Depression,session228,patient187,228
Anxious,Depression,session229,patient162,229
Anxious,Depression,session230,patient178,230
Severely Anxious,Depression,session231,patient247,231
Severely Anxious,Depression,session232,patient230,232
Severely Anxious,Depression,session233,patient248,233
Severely Anxious,Depression,session234,patient207,234
Severely Anxious,Depression,session235,patient250,235
Severely Anxious,Depression,session236,patient224,236
Severely Anxious,Depression,session237,patient245,237
Severely Anxious,Depression,session238,patient221,238
Severely Anxious,Depression,session239,patient204,239
Severely Anxious,Depression,session240,patient223,240
Severely Anxious,Depression,session241,patient239,241
Severely Anxious,Depression,session242,patient215,242
Severely Anxious,Depression,session243,patient201,243
Severely Anxious,Depression,session244,patient217,244
Severely Anxious,Depression,session245,patient246,245
Severely Anxious,Depression,session246,patient216,246
Severely Anxious,Depression,session247,patient205,247
Severely Anxious,Depression,session248,patient219,248
Severely Anxious,Depression,session249,patient203,249
Severely Anxious,Depression,session250,patient225,250
Severely Anxious,Depression,session251,patient245,251
Severely Anxious,Depression,session252,patient222,252
Severely Anxious,Depression,session253,patient247,253
Severely Anxious,Depression,session254,patient242,254
Severely Anxious,Depression,session255,patient234,255
Severely Anxious,Depression,session256,patient201,256
Severely Anxious,Depression,session257,patient210,257
Severely Anxious,Depression,session258,patient241,258
Severely Anxious,Depression,session259,patient237,259
Severely Anxious,Depression,session260,patient220,260
Severely Anxious,Depression,session261,patient239,261
Severely Anxious,Depression,session262,patient248,262
Severely Anxious,Depression,session263,patient210,263
Severely Anxious,Depression,session264,patient230,264
Severely Anxious,Depression,session265,patient238,265
Severely Anxious,Depression,session266,patient239,266
Severely Anxious,Depression,session267,patient227,267
Severely Anxious,Depression,session268,patient250,268
Severely Anxious,Depression,session269,patient223,269
Severely Anxious,Depression,session270,patient214,270
Severely Anxious,Depression,session271,patient202,271
Severely Anxious,Depression,session272,patient229,272
Severely Anxious,Depression,session273,patient227,273
Severely Anxious,Depression,session274,patient243,274
Severely Anxious,Depression,session275,patient237,275
Severely Anxious,Depression,session276,patient207,276
Severely Anxious,Depression,session277,patient229,277
Severely Anxious,Depression,session278,patient229,278
Severely Anxious,Depression,session279,patient242,279
Severely Anxious,Depression,session280,patient217,280
Severely Anxious,Depression,session281,patient233,281
Severely Anxious,Depression,session282,patient247,282
Severely Anxious,Depression,session283,patient214,283
Severely Anxious,Depression,session284,patient206,284
Severely Anxious,Depression,session285,patient205,285
Severely Anxious,Depression,session286,patient249,286
Severely Anxious,Depression,session287,patient230,287
Severely Anxious,Depression,session288,patient235,288
Severely Anxious,Depression,session289,patient218,289
Severely Anxious,Depression,session290,patient240,290
Severe Depression,None,session291,patient49,291
Severe Depression,None,session292,patient40,292
Severe Depression,None,session293,patient30,293
Severe Depression,None,session294,patient30,294
Severe Depression,None,session295,patient1,295
Moderate Depression,None,session296,patient82,296
Moderate Depression,None,session297,patient64,297
Moderate Depression,None,session298,patient94,298
Moderate Depression,None,session299,patient55,299
Moderate Depression,None,session300,patient96,300
Moderate Depression,None,session301,patient78,301
Moderate Depression,None,session302,patient60,302
Moderate Depression,None,session303,patient84,303
Moderate Depression,None,session304,patient87,304
Moderate Depression,None,session305,patient73,305
Moderate Depression,None,session306,patient85,306
Moderate Depression,None,session307,patient75,307
Moderate Depression,None,session308,patient58,308
Moderate Depression,None,session309,patient82,309
Moderate Depression,None,session310,patient72,310
Moderate Depression,None,session311,patient93,311
Moderate Depression,None,session312,patient92,312
Moderate Depression,None,session313,patient65,313
Moderate Depression,None,session314,patient52,314
Moderate Depression,None,session315,patient69,315
Mixed,None,session316,patient106,316
Mixed,None,session317,patient112,317
Mixed,None,session318,patient138,318
Mixed,None,session319,patient138,319
Mixed,None,session320,patient65,320
Mixed,None,session321,patient70,321
Mixed,None,session322,patient112,322
Mixed,None,session323,patient135,323
Mixed,None,session324,patient144,324
Mixed,None,session325,patient102,325
Mixed,None,session326,patient100,326
Mixed,None,session327,patient114,327
Mixed,None,session328,patient129,328
Mixed,None,session329,patient147,329
Mixed,None,session330,patient119,330
Mixed,None,session331,patient131,331
Mixed,None,session332,patient146,332
Mixed,None,session333,patient69,333
Mixed,None,session334,patient96,334
Mixed,None,session335,patient105,335
Mixed,None,session336,patient104,336
Mixed,None,session337,patient104,337
Mixed,None,session338,patient57,338
Mixed,None,session339,patient116,339
Mixed,None,session340,patient62,340
Mixed,None,session341,patient93,341
Mixed,None,session342,patient111,342
Mixed,None,session343,patient53,343
Mixed,None,session344,patient60,344
Mixed,None,session345,patient58,345
Mixed,None,session346,patient91,346
Mixed,None,session347,patient53,347
Mixed,None,session348,patient141,348
Mixed,None,session349,patient76,349
Mixed,None,session350,patient128,350
Mixed,None,session351,patient68,351
Mixed,None,session352,patient83,352
Mixed,None,session353,patient110,353
Mixed,None,session354,patient122,354
Mixed,None,session355,patient89,355
Mixed,None,session356,patient132,356
Mixed,None,session357,patient141,357
Mixed,None,session358,patient134,358
Mixed,None,session359,patient108,359
Mixed,None,session360,patient67,360
Mixed,None,session361,patient69,361
Mixed,None,session362,patient89,362
Mixed,None,session363,patient91,363
Mixed,None,session364,patient143,364
Mixed,None,session365,patient133,365
Anxious,None,session366,patient156,366
Anxious,None,session367,patient151,367
Anxious,None,session368,patient163,368
Anxious,None,session369,patient198,369
Anxious,None,session370,patient167,370
Anxious,None,session371,patient164,371
Anxious,None,session372,patient166,372
Anxious,None,session373,patient183,373
Anxious,None,session374,patient182,374
Anxious,None,session375,patient187,375
Anxious,None,session376,patient169,376
Anxious,None,session377,patient154,377
Anxious,None,session378,patient198,378
Anxious,None,session379,patient172,379
Anxious,None,session380,patient175,380
Anxious,None,session381,patient195,381
Anxious,None,session382,patient171,382
Anxious,None,session383,patient177,383
Anxious,None,session384,patient169,384
Anxious,None,session385,patient169,385
Severely Anxious,None,session386,patient204,386
Severely Anxious,None,session387,patient218,387
Severely Anxious,None,session388,patient229,388
Severely Anxious,None,session389,patient245,389
Severely Anxious,None,session390,patient223,390
Severe Depression,Anxiety,session391,patient38,391
Severe Depression,Anxiety,session392,patient50,392
Severe Depression,Anxiety,session393,patient41,393
Severe Depression,Anxiety,session394,patient47,394
Severe Depression,Anxiety,session395,patient18,395
Severe Depression,Anxiety,session396,patient50,396
Severe Depression,Anxiety,session397,patient13,397
Severe Depression,Anxiety,session398,patient25,398
Severe Depression,Anxiety,session399,patient4,399
Severe Depression,Anxiety,session400,patient49,400
Severe Depression,Anxiety,session401,patient15,401
Severe Depression,Anxiety,session402,patient47,402
Severe Depression,Anxiety,session403,patient37,403
Severe Depression,Anxiety,session404,patient42,404
Severe Depression,Anxiety,session405,patient37,405
Severe Depression,Anxiety,session406,patient29,406
Severe Depression,Anxiety,session407,patient17,407
Severe Depression,Anxiety,session408,patient12,408
Severe Depression,Anxiety,session409,patient45,409
Severe Depression,Anxiety,session410,patient3,410
Moderate Depression,Anxiety,session411,patient70,411
Moderate Depression,Anxiety,session412,patient58,412
Moderate Depression,Anxiety,session413,patient73,413
Moderate Depression,Anxiety,session414,patient84,414
Moderate Depression,Anxiety,session415,patient70,415
Moderate Depression,Anxiety,session416,patient97,416
Moderate Depression,Anxiety,session417,patient83,417
Moderate Depression,Anxiety,session418,patient76,418
Moderate Depression,Anxiety,session419,patient99,419
Moderate Depression,Anxiety,session420,patient92,420
Moderate Depression,Anxiety,session421,patient94,421
Moderate Depression,Anxiety,session422,patient79,422
Moderate Depression,Anxiety,session423,patient56,423
Moderate Depression,Anxiety,session424,patient51,424
Moderate Depression,Anxiety,session425,patient99,425
Moderate Depression,Anxiety,session426,patient72,426
Moderate Depression,Anxiety,session427,patient59,427
Moderate Depression,Anxiety,session428,patient53,428
Moderate Depression,Anxiety,session429,patient80,429
Moderate Depression,Anxiety,session430,patient55,430
Moderate Depression,Anxiety,session431,patient71,431
Moderate Depression,Anxiety,session432,patient53,432
Moderate Depression,Anxiety,session433,patient89,433
Moderate Depression,Anxiety,session434,patient94,434
Moderate Depression,Anxiety,session435,patient83,435
Moderate Depression,Anxiety,session436,patient51,436
Moderate Depression,Anxiety,session437,patient74,437
Moderate Depression,Anxiety,session438,patient92,438
Moderate Depression,Anxiety,session439,patient91,439
Moderate Depression,Anxiety,session440,patient100,440
Moderate Depression,Anxiety,session441,patient86,441
Moderate Depression,Anxiety,session442,patient97,442
Moderate Depression,Anxiety,session443,patient88,443
Moderate Depression,Anxiety,session444,patient88,444
Moderate Depression,Anxiety,session445,patient59,445
Moderate Depression,Anxiety,session446,patient82,446
Moderate Depression,Anxiety,session447,patient91,447
Moderate Depression,Anxiety,session448,patient89,448
Moderate Depression,Anxiety,session449,patient63,449
Moderate Depression,Anxiety,session450,patient52,450
Mixed,Anxiety,session451,patient51,451
Mixed,Anxiety,session452,patient83,452
Mixed,Anxiety,session453,patient79,453
Mixed,Anxiety,session454,patient129,454
Mixed,Anxiety,session455,patient87,455
Mixed,Anxiety,session456,patient62,456
Mixed,Anxiety,session457,patient69,457
Mixed,Anxiety,session458,patient116,458
Mixed,Anxiety,session459,patient145,459
Mixed,Anxiety,session460,patient91,460
Mixed,Anxiety,session461,patient126,461
Mixed,Anxiety,session462,patient106,462
Mixed,Anxiety,session463,patient135,463
Mixed,Anxiety,session464,patient137,464
Mixed,Anxiety,session465,patient51,465
Mixed,Anxiety,session466,patient68,466
Mixed,Anxiety,session467,patient145,467
Mixed,Anxiety,session468,patient66,468
Mixed,Anxiety,session469,patient147,469
Mixed,Anxiety,session470,patient77,470
Mixed,Anxiety,session471,patient113,471
Mixed,Anxiety,session472,patient108,472
Mixed,Anxiety,session473,patient92,473
Mixed,Anxiety,session474,patient85,474
Mixed,Anxiety,session475,patient60,475
Mixed,Anxiety,session476,patient51,476
Mixed,Anxiety,session477,patient146,477
Mixed,Anxiety,session478,patient111,478
Mixed,Anxiety,session479,patient149,479
Mixed,Anxiety,session480,patient107,480
Anxious,Anxiety,session481,patient174,481
Anxious,Anxiety,session482,patient183,482
Anxious,Anxiety,session483,patient198,483
Anxious,Anxiety,session484,patient186,484
Anxious,Anxiety,session485,patient183,485
Anxious,Anxiety,session486,patient169,486
Anxious,Anxiety,session487,patient152,487
Anxious,Anxiety,session488,patient163,488
Anxious,Anxiety,session489,patient177,489
Anxious,Anxiety,session490,patient191,490
Anxious,Anxiety,session491,patient160,491
Anxious,Anxiety,session492,patient185,492
Anxious,Anxiety,session493,patient195,493
Anxious,Anxiety,session494,patient200,494
Anxious,Anxiety,session495,patient192,495
Anxious,Anxiety,session496,patient183,496
Anxious,Anxiety,session497,patient189,497
Anxious,Anxiety,session498,patient190,498
Anxious,Anxiety,session499,patient166,499
Anxious,Anxiety,session500,patient179,500
Anxious,Anxiety,session501,patient186,501
Anxious,Anxiety,session502,patient182,502
Anxious,Anxiety,session503,patient196,503
Anxious,Anxiety,session504,patient174,504
Anxious,Anxiety,session505,patient199,505
Anxious,Anxiety,session506,patient172,506
Anxious,Anxiety,session507,patient181,507
Anxious,Anxiety,session508,patient176,508
Anxious,Anxiety,session509,patient159,509
Anxious,Anxiety,session510,patient183,510
Anxious,Anxiety,session511,patient194,511
Anxious,Anxiety,session512,patient198,512
Anxious,Anxiety,session513,patient154,513
Anxious,Anxiety,session514,patient166,514
Anxious,Anxiety,session515,patient176,515
Anxious,Anxiety,session516,patient186,516
Anxious,Anxiety,session517,patient191,517
Anxious,Anxiety,session518,patient184,518
Anxious,Anxiety,session519,patient187,519
Anxious,Anxiety,session520,patient175,520
Anxious,Anxiety,session521,patient166,521
Anxious,Anxiety,session522,patient176,522
Anxious,Anxiety,session523,patient196,523
Anxious,Anxiety,session524,patient200,524
Anxious,Anxiety,session525,patient166,525
Anxious,Anxiety,session526,patient178,526
Anxious,Anxiety,session527,patient169,527
Anxious,Anxiety,session528,patient191,528
Anxious,Anxiety,session529,patient155,529
Anxious,Anxiety,session530,patient184,530
Anxious,Anxiety,session531,patient188,531
Anxious,Anxiety,session532,patient185,532
Anxious,Anxiety,session533,patient151,533
Anxious,Anxiety,session534,patient155,534
Anxious,Anxiety,session535,patient196,535
Anxious,Anxiety,session536,patient151,536
Anxious,Anxiety,session537,patient159,537
Anxious,Anxiety,session538,patient195,538
Anxious,Anxiety,session539,patient171,539
Anxious,Anxiety,session540,patient200,540
Anxious,Anxiety,session541,patient179,541
Anxious,Anxiety,session542,patient162,542
Anxious,Anxiety,session543,patient162,543
Anxious,Anxiety,session544,patient197,544
Anxious,Anxiety,session545,patient176,545
Anxious,Anxiety,session546,patient152,546
Anxious,Anxiety,session547,patient174,547
Anxious,Anxiety,session548,patient170,548
Anxious,Anxiety,session549,patient172,549
Anxious,Anxiety,session550,patient197,550
Anxious,Anxiety,session551,patient186,551
Anxious,Anxiety,session552,patient177,552
Anxious,Anxiety,session553,patient189,553
Anxious,Anxiety,session554,patient159,554
Anxious,Anxiety,session555,patient193,555
Anxious,Anxiety,session556,patient168,556
Anxious,Anxiety,session557,patient174,557
Anxious,Anxiety,session558,patient164,558
Anxious,Anxiety,session559,patient151,559
Anxious,Anxiety,session560,patient165,560
Severely Anxious,Anxiety,session561,patient234,561
Severely Anxious,Anxiety,session562,patient205,562
Severely Anxious,Anxiety,session563,patient223,563
Severely Anxious,Anxiety,session564,patient236,564
Severely Anxious,Anxiety,session565,patient233,565
Severely Anxious,Anxiety,session566,patient211,566
Severely Anxious,Anxiety,session567,patient230,567
Severely Anxious,Anxiety,session568,patient243,568
Severely Anxious,Anxiety,session569,patient226,569
Severely Anxious,Anxiety,session570,patient221,570
Severely Anxious,Anxiety,session571,patient241,571
Severely Anxious,Anxiety,session572,patient245,572
Severely Anxious,Anxiety,session573,patient223,573
Severely Anxious,Anxiety,session574,patient208,574
Severely Anxious,Anxiety,session575,patient241,575
Severely Anxious,Anxiety,session576,patient218,576
Severely Anxious,Anxiety,session577,patient219,577
Severely Anxious,Anxiety,session578,patient225,578
Severely Anxious,Anxiety,session579,patient227,579
Severely Anxious,Anxiety,session580,patient246,580
Severely Anxious,Anxiety,session581,patient242,581
Severely Anxious,Anxiety,session582,patient212,582
Severely Anxious,Anxiety,session583,patient231,583
Severely Anxious,Anxiety,session584,patient211,584
Severely Anxious,Anxiety,session585,patient210,585
Severely Anxious,Anxiety,session586,patient220,586
Severely Anxious,Anxiety,session587,patient208,587
Severely Anxious,Anxiety,session588,patient216,588
Severely Anxious,Anxiety,session589,patient221,589
Severely Anxious,Anxiety,session590,patient201,590
Severely Anxious,Anxiety,session591,patient217,591
Severely Anxious,Anxiety,session592,patient215,592
Severely Anxious,Anxiety,session593,patient226,593
Severely Anxious,Anxiety,session594,patient213,594
Severely Anxious,Anxiety,session595,patient250,595
Severely Anxious,Anxiety,session596,patient207,596
Severely Anxious,Anxiety,session597,patient234,597
Severely Anxious,Anxiety,session598,patient246,598
Severely Anxious,Anxiety,session599,patient226,599
Severely Anxious,Anxiety,session600,patient236,600
Severely Anxious,Anxiety,session601,patient219,601
Severely Anxious,Anxiety,session602,patient213,602
Severely Anxious,Anxiety,session603,patient210,603
Severely Anxious,Anxiety,session604,patient209,604
Severely Anxious,Anxiety,session605,patient211,605
Severely Anxious,Anxiety,session606,patient236,606
Severely Anxious,Anxiety,session607,patient244,607
Severely Anxious,Anxiety,session608,patient237,608
Severely Anxious,Anxiety,session609,patient211,609
Severely Anxious,Anxiety,session610,patient233,610
Severely Anxious,Anxiety,session611,patient235,611
Severely Anxious,Anxiety,session612,patient211,612
Severely Anxious,Anxiety,session613,patient246,613
Severely Anxious,Anxiety,session614,patient239,614
Severely Anxious,Anxiety,session615,patient227,615
Severely Anxious,Anxiety,session616,patient221,616
Severely Anxious,Anxiety,session617,patient211,617
Severely Anxious,Anxiety,session618,patient241,618
Severely Anxious,Anxiety,session619,patient205,619
Severely Anxious,Anxiety,session620,patient248,620
Severely Anxious,Anxiety,session621,patient213,621
Severely Anxious,Anxiety,session622,patient244,622
Severely Anxious,Anxiety,session623,patient221,623
Severely Anxious,Anxiety,session624,patient212,624
Severely Anxious,Anxiety,session625,patient234,625
Severely Anxious,Anxiety,session626,patient207,626
Severely Anxious,Anxiety,session627,patient234,627
Severely Anxious,Anxiety,session628,patient244,628
Severely Anxious,Anxiety,session629,patient235,629
Severely Anxious,Anxiety,session630,patient202,630
Severely Anxious,Anxiety,session631,patient205,631
Severely Anxious,Anxiety,session632,patient226,632
Severely Anxious,Anxiety,session633,patient225,633
Severely Anxious,Anxiety,session634,patient210,634
Severely Anxious,Anxiety,session635,patient240,635
Severely Anxious,Anxiety,session636,patient214,636
Severely Anxious,Anxiety,session637,patient247,637
Severely Anxious,Anxiety,session638,patient211,638
Severely Anxious,Anxiety,session639,patient240,639
Severely Anxious,Anxiety,session640,patient222,640
Severely Anxious,Anxiety,session641,patient223,641
Severely Anxious,Anxiety,session642,patient237,642
Severely Anxious,Anxiety,session643,patient234,643
Severely Anxious,Anxiety,session644,patient211,644
Severely Anxious,Anxiety,session645,patient227,645
Severely Anxious,Anxiety,session646,patient218,646
Severely Anxious,Anxiety,session647,patient214,647
Severely Anxious,Anxiety,session648,patient216,648
Severely Anxious,Anxiety,session649,patient214,649
Severely Anxious,Anxiety,session650,patient207,650