type,idx,name,person_id
Severe Depression,1,patient1,patient1
Severe Depression,2,patient2,patient2
Severe Depression,3,patient3,patient3
Severe Depression,4,patient4,patient4
Severe Depression,5,patient5,patient5
Severe Depression,6,patient6,patient6
Severe Depression,7,patient7,patient7
Severe Depression,8,patient8,patient8
Severe Depression,9,patient9,patient9
Severe Depression,10,patient10,patient10
Severe Depression,11,patient11,patient11
Severe Depression,12,patient12,patient12
Severe Depression,13,patient13,patient13
Severe Depression,14,patient14,patient14
Severe Depression,15,patient15,patient15
Severe Depression,16,patient16,patient16
Severe Depression,17,patient17,patient17
Severe Depression,18,patient18,patient18
Severe Depression,19,patient19,patient19
Severe Depression,20,patient20,patient20
Severe Depression,21,patient21,patient21
Severe Depression,22,patient22,patient22
Severe Depression,23,patient23,patient23
Severe Depression,24,patient24,patient24
Severe Depression,25,patient25,patient25
Severe Depression,26,patient26,patient26
Severe Depression,27,patient27,patient27
Severe Depression,28,patient28,patient28
Severe Depression,29,patient29,patient29
Severe Depression,30,patient30,patient30
Severe Depression,31,patient31,patient31
Severe Depression,32,patient32,patient32
Severe Depression,33,patient33,patient33
Severe Depression,34,patient34,patient34
Severe Depression,35,patient35,patient35
Severe Depression,36,patient36,patient36
Severe Depression,37,patient37,patient37
Severe Depression,38,patient38,patient38
Severe Depression,39,patient39,patient39
Severe Depression,40,patient40,patient40
Severe Depression,41,patient41,patient41
Severe Depression,42,patient42,patient42
Severe Depression,43,patient43,patient43
Severe Depression,44,patient44,patient44
Severe Depression,45,patient45,patient45
Severe Depression,46,patient46,patient46
Severe Depression,47,patient47,patient47
Severe Depression,48,patient48,patient48
Severe Depression,49,patient49,patient49
Severe Depression,50,patient50,patient50
Moderate Depression,51,patient51,patient51
Moderate Depression,52,patient52,patient52
Moderate Depression,53,patient53,patient53
Moderate Depression,54,patient54,patient54
Moderate Depression,55,patient55,patient55
Moderate Depression,56,patient56,patient56
Moderate Depression,57,patient57,patient57
Moderate Depression,58,patient58,patient58
Moderate Depression,59,patient59,patient59
Moderate Depression,60,patient60,patient60
Moderate Depression,61,patient61,patient61
Moderate Depression,62,patient62,patient62
Moderate Depression,63,patient63,patient63
Moderate Depression,64,patient64,patient64
Moderate Depression,65,patient65,patient65
Moderate Depression,66,patient66,patient66
Moderate Depression,67,patient67,patient67
Moderate Depression,68,patient68,patient68
Moderate Depression,69,patient69,patient69
Moderate Depression,70,patient70,patient70
Moderate Depression,71,patient71,patient71
Moderate Depression,72,patient72,patient72
Moderate Depression,73,patient73,patient73
Moderate Depression,74,patient74,patient74
Moderate Depression,75,patient75,patient75
Moderate Depression,76,patient76,patient76
Moderate Depression,77,patient77,patient77
Moderate Depression,78,patient78,patient78
Moderate Depression,79,patient79,patient79
Moderate Depression,80,patient80,patient80
Moderate Depression,81,patient81,patient81
Moderate Depression,82,patient82,patient82
Moderate Depression,83,patient83,patient83
Moderate Depression,84,patient84,patient84
Moderate Depression,85,patient85,patient85
Moderate Depression,86,patient86,patient86
Moderate Depression,87,patient87,patient87
Moderate Depression,88,patient88,patient88
Moderate Depression,89,patient89,patient89
Moderate Depression,90,patient90,patient90
Moderate Depression,91,patient91,patient91
Moderate Depression,92,patient92,patient92
Moderate Depression,93,patient93,patient93
Moderate Depression,94,patient94,patient94
Moderate Depression,95,patient95,patient95
Moderate Depression,96,patient96,patient96
Moderate Depression,97,patient97,patient97
Moderate Depression,98,patient98,patient98
Moderate Depression,99,patient99,patient99
Moderate Depression,100,patient100,patient100
Mixed,101,patient101,patient101
Mixed,102,patient102,patient102
Mixed,103,patient103,patient103
Mixed,104,patient104,patient104
Mixed,105,patient105,patient105
Mixed,106,patient106,patient106
Mixed,107,patient107,patient107
Mixed,108,patient108,patient108
Mixed,109,patient109,patient109
Mixed,110,patient110,patient110
Mixed,111,patient111,patient111
Mixed,112,patient112,patient112
Mixed,113,patient113,patient113
Mixed,114,patient114,patient114
Mixed,115,patient115,patient115
Mixed,116,patient116,patient116
Mixed,117,patient117,patient117
Mixed,118,patient118,patient118
Mixed,119,patient119,patient119
Mixed,120,patient120,patient120
Mixed,121,patient121,patient121
Mixed,122,patient122,patient122
Mixed,123,patient123,patient123
Mixed,124,patient124,patient124
Mixed,125,patient125,patient125
Mixed,126,patient126,patient126
Mixed,127,patient127,patient127
Mixed,128,patient128,patient128
Mixed,129,patient129,patient129
Mixed,130,patient130,patient130
Mixed,131,patient131,patient131
Mixed,132,patient132,patient132
Mixed,133,patient133,patient133
Mixed,134,patient134,patient134
Mixed,135,patient135,patient135
Mixed,136,patient136,patient136
Mixed,137,patient137,patient137
Mixed,138,patient138,patient138
Mixed,139,patient139,patient139
Mixed,140,patient140,patient140
Mixed,141,patient141,patient141
Mixed,142,patient142,patient142
Mixed,143,patient143,patient143
Mixed,144,patient144,patient144
Mixed,145,patient145,patient145
Mixed,146,patient146,patient146
Mixed,147,patient147,patient147
Mixed,148,patient148,patient148
Mixed,149,patient149,patient149
Mixed,150,patient150,patient150
Anxious,151,patient151,patient151
Anxious,152,patient152,patient152
Anxious,153,patient153,patient153
Anxious,154,patient154,patient154
Anxious,155,patient155,patient155
Anxious,156,patient156,patient156
Anxious,157,patient157,patient157
Anxious,158,patient158,patient158
Anxious,159,patient159,patient159
Anxious,160,patient160,patient160
Anxious,161,patient161,patient161
Anxious,162,patient162,patient162
Anxious,163,patient163,patient163
Anxious,164,patient164,patient164
Anxious,165,patient165,patient165
Anxious,166,patient166,patient166
Anxious,167,patient167,patient167
Anxious,168,patient168,patient168
Anxious,169,patient169,patient169
Anxious,170,patient170,patient170
Anxious,171,patient171,patient171
Anxious,172,patient172,patient172
Anxious,173,patient173,patient173
Anxious,174,patient174,patient174
Anxious,175,patient175,patient175
Anxious,176,patient176,patient176
Anxious,177,patient177,patient177
Anxious,178,patient178,patient178
Anxious,179,patient179,patient179
Anxious,180,patient180,patient180
Anxious,181,patient181,patient181
Anxious,182,patient182,patient182
Anxious,183,patient183,patient183
Anxious,184,patient184,patient184
Anxious,185,patient185,patient185
Anxious,186,patient186,patient186
Anxious,187,patient187,patient187
Anxious,188,patient188,patient188
Anxious,189,patient189,patient189
Anxious,190,patient190,patient190
Anxious,191,patient191,patient191
Anxious,192,patient192,patient192
Anxious,193,patient193,patient193
Anxious,194,patient194,patient194
Anxious,195,patient195,patient195
Anxious,196,patient196,patient196
Anxious,197,patient197,patient197
Anxious,198,patient198,patient198
Anxious,199,patient199,patient199
Anxious,200,patient200,patient200
Severely Anxious,201,patient201,patient201
Severely Anxious,202,patient202,patient202
Severely Anxious,203,patient203,patient203
Severely Anxious,204,patient204,patient204
Severely Anxious,205,patient205,patient205
Severely Anxious,206,patient206,patient206
Severely Anxious,207,patient207,patient207
Severely Anxious,208,patient208,patient208
Severely Anxious,209,patient209,patient209
Severely Anxious,210,patient210,patient210
Severely Anxious,211,patient211,patient211
Severely Anxious,212,patient212,patient212
Severely Anxious,213,patient213,patient213
Severely Anxious,214,patient214,patient214
Severely Anxious,215,patient215,patient215
Severely Anxious,216,patient216,patient216
Severely Anxious,217,patient217,patient217
Severely Anxious,218,patient218,patient218
Severely Anxious,219,patient219,patient219
Severely Anxious,220,patient220,patient220
Severely Anxious,221,patient221,patient221
Severely Anxious,222,patient222,patient222
Severely Anxious,223,patient223,patient223
Severely Anxious,224,patient224,patient224
Severely Anxious,225,patient225,patient225
Severely Anxious,226,patient226,patient226
Severely Anxious,227,patient227,patient227
Severely Anxious,228,patient228,patient228
Severely Anxious,229,patient229,patient229
Severely Anxious,230,patient230,patient230
Severely Anxious,231,patient231,patient231
Severely Anxious,232,patient232,patient232
Severely Anxious,233,patient233,patient233
Severely Anxious,234,patient234,patient234
Severely Anxious,235,patient235,patient235
Severely Anxious,236,patient236,patient236
Severely Anxious,237,patient237,patient237
Severely Anxious,238,patient238,patient238
Severely Anxious,239,patient239,patient239
Severely Anxious,240,patient240,patient240
Severely Anxious,241,patient241,patient241
Severely Anxious,242,patient242,patient242
Severely Anxious,243,patient243,patient243
Severely Anxious,244,patient244,patient244
Severely Anxious,245,patient245,patient245
Severely Anxious,246,patient246,patient246
Severely Anxious,247,patient247,patient247
Severely Anxious,248,patient248,patient248
Severely Anxious,249,patient249,patient249
Severely Anxious,250,patient250,patient250