person_type,is_missed_id,session_id,person_id,idx
Severe Depression,TRUE,session1,patient11,1
Severe Depression,TRUE,session2,patient36,2
Severe Depression,TRUE,session3,patient21,3
Severe Depression,TRUE,session4,patient30,4
Severe Depression,TRUE,session5,patient2,5
Severe Depression,TRUE,session6,patient20,6
Severe Depression,TRUE,session7,patient47,7
Severe Depression,TRUE,session8,patient39,8
Severe Depression,TRUE,session9,patient5,9
Severe Depression,TRUE,session10,patient50,10
Severe Depression,TRUE,session11,patient49,11
Severe Depression,TRUE,session12,patient47,12
Severe Depression,TRUE,session13,patient19,13
Severe Depression,TRUE,session14,patient41,14
Severe Depression,TRUE,session15,patient5,15
Severe Depression,TRUE,session16,patient41,16
Severe Depression,TRUE,session17,patient29,17
Severe Depression,TRUE,session18,patient40,18
Severe Depression,TRUE,session19,patient37,19
Severe Depression,TRUE,session20,patient14,20
Severe Depression,TRUE,session21,patient40,21
Severe Depression,TRUE,session22,patient27,22
Severe Depression,TRUE,session23,patient1,23
Severe Depression,TRUE,session24,patient29,24
Severe Depression,TRUE,session25,patient32,25
Severe Depression,TRUE,session26,patient14,26
Severe Depression,TRUE,session27,patient38,27
Severe Depression,TRUE,session28,patient43,28
Severe Depression,TRUE,session29,patient5,29
Severe Depression,TRUE,session30,patient39,30
Severe Depression,TRUE,session31,patient6,31
Severe Depression,TRUE,session32,patient5,32
Severe Depression,TRUE,session33,patient7,33
Severe Depression,TRUE,session34,patient19,34
Severe Depression,TRUE,session35,patient48,35
Severe Depression,TRUE,session36,patient9,36
Severe Depression,TRUE,session37,patient34,37
Severe Depression,TRUE,session38,patient32,38
Severe Depression,TRUE,session39,patient20,39
Severe Depression,TRUE,session40,patient44,40
Severe Depression,TRUE,session41,patient20,41
Severe Depression,TRUE,session42,patient45,42
Severe Depression,TRUE,session43,patient7,43
Severe Depression,TRUE,session44,patient12,44
Severe Depression,TRUE,session45,patient34,45
Severe Depression,TRUE,session46,patient24,46
Severe Depression,TRUE,session47,patient4,47
Severe Depression,TRUE,session48,patient11,48
Severe Depression,TRUE,session49,patient39,49
Severe Depression,TRUE,session50,patient1,50
Severe Depression,TRUE,session51,patient45,51
Severe Depression,TRUE,session52,patient17,52
Severe Depression,TRUE,session53,patient30,53
Severe Depression,TRUE,session54,patient25,54
Severe Depression,TRUE,session55,patient44,55
Severe Depression,TRUE,session56,patient35,56
Severe Depression,TRUE,session57,patient17,57
Severe Depression,TRUE,session58,patient25,58
Severe Depression,TRUE,session59,patient43,59
Severe Depression,TRUE,session60,patient47,60
Severe Depression,TRUE,session61,patient31,61
Severe Depression,TRUE,session62,patient43,62
Severe Depression,TRUE,session63,patient40,63
Severe Depression,TRUE,session64,patient16,64
Severe Depression,TRUE,session65,patient26,65
Severe Depression,TRUE,session66,patient45,66
Severe Depression,TRUE,session67,patient45,67
Severe Depression,TRUE,session68,patient41,68
Severe Depression,TRUE,session69,patient28,69
Severe Depression,TRUE,session70,patient18,70
Severe Depression,TRUE,session71,patient5,71
Severe Depression,TRUE,session72,patient49,72
Severe Depression,TRUE,session73,patient26,73
Severe Depression,TRUE,session74,patient3,74
Severe Depression,TRUE,session75,patient15,75
Severe Depression,TRUE,session76,patient31,76
Severe Depression,TRUE,session77,patient6,77
Severe Depression,TRUE,session78,patient5,78
Severe Depression,TRUE,session79,patient23,79
Severe Depression,TRUE,session80,patient24,80
Severe Depression,TRUE,session81,patient29,81
Severe Depression,TRUE,session82,patient13,82
Severe Depression,TRUE,session83,patient10,83
Severe Depression,TRUE,session84,patient45,84
Severe Depression,TRUE,session85,patient18,85
Severe Depression,TRUE,session86,patient31,86
Severe Depression,TRUE,session87,patient43,87
Severe Depression,TRUE,session88,patient40,88
Severe Depression,TRUE,session89,patient24,89
Severe Depression,TRUE,session90,patient49,90
Severe Depression,TRUE,session91,patient15,91
Severe Depression,TRUE,session92,patient44,92
Severe Depression,TRUE,session93,patient45,93
Severe Depression,TRUE,session94,patient37,94
Severe Depression,TRUE,session95,patient23,95
Severe Depression,TRUE,session96,patient41,96
Severe Depression,TRUE,session97,patient49,97
Severe Depression,TRUE,session98,patient15,98
Severe Depression,TRUE,session99,patient14,99
Severe Depression,TRUE,session100,patient32,100
Severe Depression,TRUE,session101,patient40,101
Severe Depression,TRUE,session102,patient1,102
Severe Depression,TRUE,session103,patient27,103
Severe Depression,TRUE,session104,patient19,104
Severe Depression,TRUE,session105,patient2,105
Severe Depression,TRUE,session106,patient50,106
Severe Depression,TRUE,session107,patient1,107
Severe Depression,TRUE,session108,patient23,108
Severe Depression,TRUE,session109,patient43,109
Severe Depression,TRUE,session110,patient14,110
Severe Depression,TRUE,session111,patient22,111
Severe Depression,TRUE,session112,patient25,112
Severe Depression,TRUE,session113,patient44,113
Severe Depression,TRUE,session114,patient11,114
Severe Depression,TRUE,session115,patient26,115
Severe Depression,TRUE,session116,patient30,116
Severe Depression,TRUE,session117,patient42,117
Severe Depression,TRUE,session118,patient1,118
Severe Depression,TRUE,session119,patient43,119
Severe Depression,TRUE,session120,patient13,120
Moderate Depression,TRUE,session121,patient69,121
Moderate Depression,TRUE,session122,patient63,122
Moderate Depression,TRUE,session123,patient78,123
Moderate Depression,TRUE,session124,patient82,124
Moderate Depression,TRUE,session125,patient95,125
Moderate Depression,TRUE,session126,patient70,126
Moderate Depression,TRUE,session127,patient53,127
Moderate Depression,TRUE,session128,patient62,128
Moderate Depression,TRUE,session129,patient68,129
Moderate Depression,TRUE,session130,patient79,130
Moderate Depression,TRUE,session131,patient93,131
Moderate Depression,TRUE,session132,patient57,132
Moderate Depression,TRUE,session133,patient61,133
Moderate Depression,TRUE,session134,patient100,134
Moderate Depression,TRUE,session135,patient93,135
Moderate Depression,TRUE,session136,patient58,136
Moderate Depression,TRUE,session137,patient79,137
Moderate Depression,TRUE,session138,patient65,138
Moderate Depression,TRUE,session139,patient89,139
Moderate Depression,TRUE,session140,patient74,140
Moderate Depression,TRUE,session141,patient75,141
Moderate Depression,TRUE,session142,patient52,142
Moderate Depression,TRUE,session143,patient63,143
Moderate Depression,TRUE,session144,patient80,144
Moderate Depression,TRUE,session145,patient93,145
Moderate Depression,TRUE,session146,patient91,146
Moderate Depression,TRUE,session147,patient87,147
Moderate Depression,TRUE,session148,patient88,148
Moderate Depression,TRUE,session149,patient54,149
Moderate Depression,TRUE,session150,patient62,150
Moderate Depression,TRUE,session151,patient69,151
Moderate Depression,TRUE,session152,patient53,152
Moderate Depression,TRUE,session153,patient63,153
Moderate Depression,TRUE,session154,patient58,154
Moderate Depression,TRUE,session155,patient81,155
Moderate Depression,TRUE,session156,patient70,156
Moderate Depression,TRUE,session157,patient75,157
Moderate Depression,TRUE,session158,patient87,158
Moderate Depression,TRUE,session159,patient100,159
Moderate Depression,TRUE,session160,patient95,160
Moderate Depression,TRUE,session161,patient63,161
Moderate Depression,TRUE,session162,patient61,162
Moderate Depression,TRUE,session163,patient55,163
Moderate Depression,TRUE,session164,patient95,164
Moderate Depression,TRUE,session165,patient52,165
Moderate Depression,TRUE,session166,patient89,166
Moderate Depression,TRUE,session167,patient76,167
Moderate Depression,TRUE,session168,patient94,168
Moderate Depression,TRUE,session169,patient94,169
Moderate Depression,TRUE,session170,patient62,170
Moderate Depression,TRUE,session171,patient84,171
Moderate Depression,TRUE,session172,patient76,172
Moderate Depression,TRUE,session173,patient77,173
Moderate Depression,TRUE,session174,patient98,174
Moderate Depression,TRUE,session175,patient79,175
Moderate Depression,TRUE,session176,patient51,176
Moderate Depression,TRUE,session177,patient75,177
Moderate Depression,TRUE,session178,patient91,178
Moderate Depression,TRUE,session179,patient85,179
Moderate Depression,TRUE,session180,patient54,180
Mixed,TRUE,session181,patient76,181
Mixed,TRUE,session182,patient88,182
Mixed,TRUE,session183,patient110,183
Mixed,TRUE,session184,patient100,184
Mixed,TRUE,session185,patient67,185
Mixed,TRUE,session186,patient101,186
Mixed,TRUE,session187,patient106,187
Mixed,TRUE,session188,patient85,188
Mixed,TRUE,session189,patient142,189
Mixed,TRUE,session190,patient131,190
Mixed,TRUE,session191,patient107,191
Mixed,TRUE,session192,patient105,192
Mixed,TRUE,session193,patient128,193
Mixed,TRUE,session194,patient141,194
Mixed,TRUE,session195,patient86,195
Mixed,TRUE,session196,patient79,196
Mixed,TRUE,session197,patient146,197
Mixed,TRUE,session198,patient51,198
Mixed,TRUE,session199,patient84,199
Mixed,TRUE,session200,patient88,200
Anxious,TRUE,session201,patient152,201
Anxious,TRUE,session202,patient172,202
Anxious,TRUE,session203,patient157,203
Anxious,TRUE,session204,patient168,204
Anxious,TRUE,session205,patient195,205
Anxious,TRUE,session206,patient175,206
Anxious,TRUE,session207,patient154,207
Anxious,TRUE,session208,patient151,208
Anxious,TRUE,session209,patient174,209
Anxious,TRUE,session210,patient178,210
Anxious,TRUE,session211,patient184,211
Anxious,TRUE,session212,patient185,212
Anxious,TRUE,session213,patient196,213
Anxious,TRUE,session214,patient178,214
Anxious,TRUE,session215,patient169,215
Anxious,TRUE,session216,patient166,216
Anxious,TRUE,session217,patient183,217
Anxious,TRUE,session218,patient153,218
Anxious,TRUE,session219,patient184,219
Anxious,TRUE,session220,patient186,220
Anxious,TRUE,session221,patient174,221
Anxious,TRUE,session222,patient165,222
Anxious,TRUE,session223,patient187,223
Anxious,TRUE,session224,patient173,224
Anxious,TRUE,session225,patient174,225
Anxious,TRUE,session226,patient175,226
Anxious,TRUE,session227,patient176,227
Anxious,TRUE,session228,patient185,228
Anxious,TRUE,session229,patient171,229
Anxious,TRUE,session230,patient155,230
Anxious,TRUE,session231,patient194,231
Anxious,TRUE,session232,patient151,232
Anxious,TRUE,session233,patient157,233
Anxious,TRUE,session234,patient200,234
Anxious,TRUE,session235,patient151,235
Anxious,TRUE,session236,patient200,236
Anxious,TRUE,session237,patient187,237
Anxious,TRUE,session238,patient171,238
Anxious,TRUE,session239,patient160,239
Anxious,TRUE,session240,patient200,240
Anxious,TRUE,session241,patient164,241
Anxious,TRUE,session242,patient158,242
Anxious,TRUE,session243,patient151,243
Anxious,TRUE,session244,patient165,244
Anxious,TRUE,session245,patient162,245
Anxious,TRUE,session246,patient169,246
Anxious,TRUE,session247,patient187,247
Anxious,TRUE,session248,patient190,248
Anxious,TRUE,session249,patient163,249
Anxious,TRUE,session250,patient179,250
Anxious,TRUE,session251,patient175,251
Anxious,TRUE,session252,patient153,252
Anxious,TRUE,session253,patient174,253
Anxious,TRUE,session254,patient156,254
Anxious,TRUE,session255,patient153,255
Anxious,TRUE,session256,patient190,256
Anxious,TRUE,session257,patient178,257
Anxious,TRUE,session258,patient159,258
Anxious,TRUE,session259,patient178,259
Anxious,TRUE,session260,patient189,260
Severely Anxious,TRUE,session261,patient201,261
Severely Anxious,TRUE,session262,patient244,262
Severely Anxious,TRUE,session263,patient241,263
Severely Anxious,TRUE,session264,patient248,264
Severely Anxious,TRUE,session265,patient246,265
Severely Anxious,TRUE,session266,patient236,266
Severely Anxious,TRUE,session267,patient246,267
Severely Anxious,TRUE,session268,patient247,268
Severely Anxious,TRUE,session269,patient229,269
Severely Anxious,TRUE,session270,patient238,270
Severely Anxious,TRUE,session271,patient220,271
Severely Anxious,TRUE,session272,patient249,272
Severely Anxious,TRUE,session273,patient226,273
Severely Anxious,TRUE,session274,patient240,274
Severely Anxious,TRUE,session275,patient248,275
Severely Anxious,TRUE,session276,patient234,276
Severely Anxious,TRUE,session277,patient237,277
Severely Anxious,TRUE,session278,patient248,278
Severely Anxious,TRUE,session279,patient228,279
Severely Anxious,TRUE,session280,patient220,280
Severely Anxious,TRUE,session281,patient226,281
Severely Anxious,TRUE,session282,patient212,282
Severely Anxious,TRUE,session283,patient214,283
Severely Anxious,TRUE,session284,patient240,284
Severely Anxious,TRUE,session285,patient225,285
Severely Anxious,TRUE,session286,patient218,286
Severely Anxious,TRUE,session287,patient245,287
Severely Anxious,TRUE,session288,patient204,288
Severely Anxious,TRUE,session289,patient226,289
Severely Anxious,TRUE,session290,patient249,290
Severely Anxious,TRUE,session291,patient238,291
Severely Anxious,TRUE,session292,patient208,292
Severely Anxious,TRUE,session293,patient222,293
Severely Anxious,TRUE,session294,patient236,294
Severely Anxious,TRUE,session295,patient243,295
Severely Anxious,TRUE,session296,patient243,296
Severely Anxious,TRUE,session297,patient201,297
Severely Anxious,TRUE,session298,patient231,298
Severely Anxious,TRUE,session299,patient234,299
Severely Anxious,TRUE,session300,patient247,300
Severely Anxious,TRUE,session301,patient230,301
Severely Anxious,TRUE,session302,patient238,302
Severely Anxious,TRUE,session303,patient217,303
Severely Anxious,TRUE,session304,patient213,304
Severely Anxious,TRUE,session305,patient233,305
Severely Anxious,TRUE,session306,patient214,306
Severely Anxious,TRUE,session307,patient240,307
Severely Anxious,TRUE,session308,patient224,308
Severely Anxious,TRUE,session309,patient209,309
Severely Anxious,TRUE,session310,patient246,310
Severely Anxious,TRUE,session311,patient217,311
Severely Anxious,TRUE,session312,patient223,312
Severely Anxious,TRUE,session313,patient206,313
Severely Anxious,TRUE,session314,patient218,314
Severely Anxious,TRUE,session315,patient237,315
Severely Anxious,TRUE,session316,patient250,316
Severely Anxious,TRUE,session317,patient235,317
Severely Anxious,TRUE,session318,patient225,318
Severely Anxious,TRUE,session319,patient246,319
Severely Anxious,TRUE,session320,patient207,320
Severely Anxious,TRUE,session321,patient235,321
Severely Anxious,TRUE,session322,patient223,322
Severely Anxious,TRUE,session323,patient239,323
Severely Anxious,TRUE,session324,patient208,324
Severely Anxious,TRUE,session325,patient215,325
Severely Anxious,TRUE,session326,patient232,326
Severely Anxious,TRUE,session327,patient235,327
Severely Anxious,TRUE,session328,patient239,328
Severely Anxious,TRUE,session329,patient202,329
Severely Anxious,TRUE,session330,patient237,330
Severely Anxious,TRUE,session331,patient218,331
Severely Anxious,TRUE,session332,patient247,332
Severely Anxious,TRUE,session333,patient212,333
Severely Anxious,TRUE,session334,patient213,334
Severely Anxious,TRUE,session335,patient232,335
Severely Anxious,TRUE,session336,patient221,336
Severely Anxious,TRUE,session337,patient236,337
Severely Anxious,TRUE,session338,patient246,338
Severely Anxious,TRUE,session339,patient210,339
Severely Anxious,TRUE,session340,patient204,340
Severely Anxious,TRUE,session341,patient235,341
Severely Anxious,TRUE,session342,patient242,342
Severely Anxious,TRUE,session343,patient228,343
Severely Anxious,TRUE,session344,patient212,344
Severely Anxious,TRUE,session345,patient216,345
Severely Anxious,TRUE,session346,patient210,346
Severely Anxious,TRUE,session347,patient248,347
Severely Anxious,TRUE,session348,patient223,348
Severely Anxious,TRUE,session349,patient236,349
Severely Anxious,TRUE,session350,patient243,350
Severely Anxious,TRUE,session351,patient241,351
Severely Anxious,TRUE,session352,patient205,352
Severely Anxious,TRUE,session353,patient217,353
Severely Anxious,TRUE,session354,patient236,354
Severely Anxious,TRUE,session355,patient212,355
Severely Anxious,TRUE,session356,patient204,356
Severely Anxious,TRUE,session357,patient229,357
Severely Anxious,TRUE,session358,patient244,358
Severely Anxious,TRUE,session359,patient218,359
Severely Anxious,TRUE,session360,patient210,360
Severely Anxious,TRUE,session361,patient214,361
Severely Anxious,TRUE,session362,patient206,362
Severely Anxious,TRUE,session363,patient205,363
Severely Anxious,TRUE,session364,patient208,364
Severely Anxious,TRUE,session365,patient249,365
Severely Anxious,TRUE,session366,patient207,366
Severely Anxious,TRUE,session367,patient229,367
Severely Anxious,TRUE,session368,patient224,368
Severely Anxious,TRUE,session369,patient226,369
Severely Anxious,TRUE,session370,patient230,370
Severely Anxious,TRUE,session371,patient247,371
Severely Anxious,TRUE,session372,patient245,372
Severely Anxious,TRUE,session373,patient208,373
Severely Anxious,TRUE,session374,patient241,374
Severely Anxious,TRUE,session375,patient245,375
Severely Anxious,TRUE,session376,patient206,376
Severely Anxious,TRUE,session377,patient231,377
Severely Anxious,TRUE,session378,patient209,378
Severely Anxious,TRUE,session379,patient226,379
Severely Anxious,TRUE,session380,patient248,380
Severe Depression,FALSE,session381,patient24,381
Severe Depression,FALSE,session382,patient9,382
Severe Depression,FALSE,session383,patient14,383
Severe Depression,FALSE,session384,patient36,384
Severe Depression,FALSE,session385,patient44,385
Severe Depression,FALSE,session386,patient25,386
Severe Depression,FALSE,session387,patient24,387
Severe Depression,FALSE,session388,patient18,388
Severe Depression,FALSE,session389,patient49,389
Severe Depression,FALSE,session390,patient32,390
Severe Depression,FALSE,session391,patient34,391
Severe Depression,FALSE,session392,patient27,392
Severe Depression,FALSE,session393,patient24,393
Severe Depression,FALSE,session394,patient7,394
Severe Depression,FALSE,session395,patient29,395
Severe Depression,FALSE,session396,patient27,396
Severe Depression,FALSE,session397,patient24,397
Severe Depression,FALSE,session398,patient15,398
Severe Depression,FALSE,session399,patient12,399
Severe Depression,FALSE,session400,patient15,400
Severe Depression,FALSE,session401,patient46,401
Severe Depression,FALSE,session402,patient5,402
Severe Depression,FALSE,session403,patient34,403
Severe Depression,FALSE,session404,patient43,404
Severe Depression,FALSE,session405,patient44,405
Severe Depression,FALSE,session406,patient18,406
Severe Depression,FALSE,session407,patient1,407
Severe Depression,FALSE,session408,patient9,408
Severe Depression,FALSE,session409,patient37,409
Severe Depression,FALSE,session410,patient12,410
Severe Depression,FALSE,session411,patient4,411
Severe Depression,FALSE,session412,patient40,412
Severe Depression,FALSE,session413,patient21,413
Severe Depression,FALSE,session414,patient32,414
Severe Depression,FALSE,session415,patient9,415
Severe Depression,FALSE,session416,patient48,416
Severe Depression,FALSE,session417,patient18,417
Severe Depression,FALSE,session418,patient39,418
Severe Depression,FALSE,session419,patient28,419
Severe Depression,FALSE,session420,patient15,420
Severe Depression,FALSE,session421,patient41,421
Severe Depression,FALSE,session422,patient1,422
Severe Depression,FALSE,session423,patient4,423
Severe Depression,FALSE,session424,patient37,424
Severe Depression,FALSE,session425,patient41,425
Severe Depression,FALSE,session426,patient50,426
Severe Depression,FALSE,session427,patient26,427
Severe Depression,FALSE,session428,patient21,428
Severe Depression,FALSE,session429,patient45,429
Severe Depression,FALSE,session430,patient26,430
Severe Depression,FALSE,session431,patient46,431
Severe Depression,FALSE,session432,patient21,432
Severe Depression,FALSE,session433,patient28,433
Severe Depression,FALSE,session434,patient37,434
Severe Depression,FALSE,session435,patient7,435
Severe Depression,FALSE,session436,patient6,436
Severe Depression,FALSE,session437,patient20,437
Severe Depression,FALSE,session438,patient26,438
Severe Depression,FALSE,session439,patient21,439
Severe Depression,FALSE,session440,patient45,440
Moderate Depression,FALSE,session441,patient84,441
Moderate Depression,FALSE,session442,patient77,442
Moderate Depression,FALSE,session443,patient94,443
Moderate Depression,FALSE,session444,patient79,444
Moderate Depression,FALSE,session445,patient52,445
Moderate Depression,FALSE,session446,patient53,446
Moderate Depression,FALSE,session447,patient52,447
Moderate Depression,FALSE,session448,patient91,448
Moderate Depression,FALSE,session449,patient59,449
Moderate Depression,FALSE,session450,patient70,450
Moderate Depression,FALSE,session451,patient71,451
Moderate Depression,FALSE,session452,patient94,452
Moderate Depression,FALSE,session453,patient100,453
Moderate Depression,FALSE,session454,patient67,454
Moderate Depression,FALSE,session455,patient82,455
Moderate Depression,FALSE,session456,patient54,456
Moderate Depression,FALSE,session457,patient63,457
Moderate Depression,FALSE,session458,patient74,458
Moderate Depression,FALSE,session459,patient76,459
Moderate Depression,FALSE,session460,patient75,460
Moderate Depression,FALSE,session461,patient73,461
Moderate Depression,FALSE,session462,patient96,462
Moderate Depression,FALSE,session463,patient80,463
Moderate Depression,FALSE,session464,patient91,464
Moderate Depression,FALSE,session465,patient82,465
Moderate Depression,FALSE,session466,patient56,466
Moderate Depression,FALSE,session467,patient72,467
Moderate Depression,FALSE,session468,patient100,468
Moderate Depression,FALSE,session469,patient88,469
Moderate Depression,FALSE,session470,patient62,470
Moderate Depression,FALSE,session471,patient79,471
Moderate Depression,FALSE,session472,patient62,472
Moderate Depression,FALSE,session473,patient62,473
Moderate Depression,FALSE,session474,patient63,474
Moderate Depression,FALSE,session475,patient93,475
Moderate Depression,FALSE,session476,patient66,476
Moderate Depression,FALSE,session477,patient74,477
Moderate Depression,FALSE,session478,patient62,478
Moderate Depression,FALSE,session479,patient91,479
Moderate Depression,FALSE,session480,patient70,480
Moderate Depression,FALSE,session481,patient54,481
Moderate Depression,FALSE,session482,patient53,482
Moderate Depression,FALSE,session483,patient76,483
Moderate Depression,FALSE,session484,patient94,484
Moderate Depression,FALSE,session485,patient62,485
Moderate Depression,FALSE,session486,patient79,486
Moderate Depression,FALSE,session487,patient70,487
Moderate Depression,FALSE,session488,patient73,488
Moderate Depression,FALSE,session489,patient55,489
Moderate Depression,FALSE,session490,patient52,490
Moderate Depression,FALSE,session491,patient55,491
Moderate Depression,FALSE,session492,patient93,492
Moderate Depression,FALSE,session493,patient61,493
Moderate Depression,FALSE,session494,patient73,494
Moderate Depression,FALSE,session495,patient95,495
Moderate Depression,FALSE,session496,patient65,496
Moderate Depression,FALSE,session497,patient51,497
Moderate Depression,FALSE,session498,patient67,498
Moderate Depression,FALSE,session499,patient89,499
Moderate Depression,FALSE,session500,patient65,500
Moderate Depression,FALSE,session501,patient90,501
Moderate Depression,FALSE,session502,patient97,502
Moderate Depression,FALSE,session503,patient71,503
Moderate Depression,FALSE,session504,patient89,504
Moderate Depression,FALSE,session505,patient82,505
Moderate Depression,FALSE,session506,patient95,506
Moderate Depression,FALSE,session507,patient86,507
Moderate Depression,FALSE,session508,patient81,508
Moderate Depression,FALSE,session509,patient78,509
Moderate Depression,FALSE,session510,patient84,510
Moderate Depression,FALSE,session511,patient91,511
Moderate Depression,FALSE,session512,patient61,512
Moderate Depression,FALSE,session513,patient70,513
Moderate Depression,FALSE,session514,patient75,514
Moderate Depression,FALSE,session515,patient76,515
Moderate Depression,FALSE,session516,patient60,516
Moderate Depression,FALSE,session517,patient82,517
Moderate Depression,FALSE,session518,patient57,518
Moderate Depression,FALSE,session519,patient90,519
Moderate Depression,FALSE,session520,patient81,520
Moderate Depression,FALSE,session521,patient87,521
Moderate Depression,FALSE,session522,patient98,522
Moderate Depression,FALSE,session523,patient52,523
Moderate Depression,FALSE,session524,patient78,524
Moderate Depression,FALSE,session525,patient63,525
Moderate Depression,FALSE,session526,patient85,526
Moderate Depression,FALSE,session527,patient57,527
Moderate Depression,FALSE,session528,patient88,528
Moderate Depression,FALSE,session529,patient80,529
Moderate Depression,FALSE,session530,patient58,530
Moderate Depression,FALSE,session531,patient62,531
Moderate Depression,FALSE,session532,patient84,532
Moderate Depression,FALSE,session533,patient90,533
Moderate Depression,FALSE,session534,patient75,534
Moderate Depression,FALSE,session535,patient96,535
Moderate Depression,FALSE,session536,patient69,536
Moderate Depression,FALSE,session537,patient74,537
Moderate Depression,FALSE,session538,patient76,538
Moderate Depression,FALSE,session539,patient72,539
Moderate Depression,FALSE,session540,patient67,540
Moderate Depression,FALSE,session541,patient96,541
Moderate Depression,FALSE,session542,patient78,542
Moderate Depression,FALSE,session543,patient96,543
Moderate Depression,FALSE,session544,patient91,544
Moderate Depression,FALSE,session545,patient78,545
Moderate Depression,FALSE,session546,patient100,546
Moderate Depression,FALSE,session547,patient63,547
Moderate Depression,FALSE,session548,patient73,548
Moderate Depression,FALSE,session549,patient73,549
Moderate Depression,FALSE,session550,patient90,550
Moderate Depression,FALSE,session551,patient79,551
Moderate Depression,FALSE,session552,patient94,552
Moderate Depression,FALSE,session553,patient88,553
Moderate Depression,FALSE,session554,patient52,554
Moderate Depression,FALSE,session555,patient93,555
Moderate Depression,FALSE,session556,patient58,556
Moderate Depression,FALSE,session557,patient98,557
Moderate Depression,FALSE,session558,patient96,558
Moderate Depression,FALSE,session559,patient82,559
Moderate Depression,FALSE,session560,patient51,560
Moderate Depression,FALSE,session561,patient99,561
Moderate Depression,FALSE,session562,patient90,562
Moderate Depression,FALSE,session563,patient100,563
Moderate Depression,FALSE,session564,patient73,564
Moderate Depression,FALSE,session565,patient72,565
Moderate Depression,FALSE,session566,patient61,566
Moderate Depression,FALSE,session567,patient100,567
Moderate Depression,FALSE,session568,patient91,568
Moderate Depression,FALSE,session569,patient96,569
Moderate Depression,FALSE,session570,patient74,570
Moderate Depression,FALSE,session571,patient93,571
Moderate Depression,FALSE,session572,patient62,572
Moderate Depression,FALSE,session573,patient78,573
Moderate Depression,FALSE,session574,patient93,574
Moderate Depression,FALSE,session575,patient54,575
Moderate Depression,FALSE,session576,patient75,576
Moderate Depression,FALSE,session577,patient88,577
Moderate Depression,FALSE,session578,patient53,578
Moderate Depression,FALSE,session579,patient53,579
Moderate Depression,FALSE,session580,patient96,580
Mixed,FALSE,session581,patient55,581
Mixed,FALSE,session582,patient53,582
Mixed,FALSE,session583,patient117,583
Mixed,FALSE,session584,patient51,584
Mixed,FALSE,session585,patient67,585
Mixed,FALSE,session586,patient73,586
Mixed,FALSE,session587,patient131,587
Mixed,FALSE,session588,patient121,588
Mixed,FALSE,session589,patient106,589
Mixed,FALSE,session590,patient91,590
Mixed,FALSE,session591,patient88,591
Mixed,FALSE,session592,patient120,592
Mixed,FALSE,session593,patient75,593
Mixed,FALSE,session594,patient106,594
Mixed,FALSE,session595,patient115,595
Mixed,FALSE,session596,patient107,596
Mixed,FALSE,session597,patient140,597
Mixed,FALSE,session598,patient82,598
Mixed,FALSE,session599,patient126,599
Mixed,FALSE,session600,patient135,600
Mixed,FALSE,session601,patient149,601
Mixed,FALSE,session602,patient86,602
Mixed,FALSE,session603,patient130,603
Mixed,FALSE,session604,patient67,604
Mixed,FALSE,session605,patient94,605
Mixed,FALSE,session606,patient127,606
Mixed,FALSE,session607,patient149,607
Mixed,FALSE,session608,patient101,608
Mixed,FALSE,session609,patient149,609
Mixed,FALSE,session610,patient90,610
Mixed,FALSE,session611,patient65,611
Mixed,FALSE,session612,patient98,612
Mixed,FALSE,session613,patient73,613
Mixed,FALSE,session614,patient94,614
Mixed,FALSE,session615,patient113,615
Mixed,FALSE,session616,patient84,616
Mixed,FALSE,session617,patient57,617
Mixed,FALSE,session618,patient120,618
Mixed,FALSE,session619,patient124,619
Mixed,FALSE,session620,patient138,620
Mixed,FALSE,session621,patient53,621
Mixed,FALSE,session622,patient51,622
Mixed,FALSE,session623,patient130,623
Mixed,FALSE,session624,patient95,624
Mixed,FALSE,session625,patient62,625
Mixed,FALSE,session626,patient58,626
Mixed,FALSE,session627,patient131,627
Mixed,FALSE,session628,patient128,628
Mixed,FALSE,session629,patient73,629
Mixed,FALSE,session630,patient100,630
Mixed,FALSE,session631,patient132,631
Mixed,FALSE,session632,patient96,632
Mixed,FALSE,session633,patient96,633
Mixed,FALSE,session634,patient53,634
Mixed,FALSE,session635,patient55,635
Mixed,FALSE,session636,patient77,636
Mixed,FALSE,session637,patient102,637
Mixed,FALSE,session638,patient99,638
Mixed,FALSE,session639,patient62,639
Mixed,FALSE,session640,patient75,640
Mixed,FALSE,session641,patient79,641
Mixed,FALSE,session642,patient62,642
Mixed,FALSE,session643,patient104,643
Mixed,FALSE,session644,patient64,644
Mixed,FALSE,session645,patient123,645
Mixed,FALSE,session646,patient103,646
Mixed,FALSE,session647,patient58,647
Mixed,FALSE,session648,patient63,648
Mixed,FALSE,session649,patient80,649
Mixed,FALSE,session650,patient65,650
Mixed,FALSE,session651,patient104,651
Mixed,FALSE,session652,patient89,652
Mixed,FALSE,session653,patient60,653
Mixed,FALSE,session654,patient143,654
Mixed,FALSE,session655,patient143,655
Mixed,FALSE,session656,patient87,656
Mixed,FALSE,session657,patient81,657
Mixed,FALSE,session658,patient108,658
Mixed,FALSE,session659,patient56,659
Mixed,FALSE,session660,patient67,660
Mixed,FALSE,session661,patient52,661
Mixed,FALSE,session662,patient129,662
Mixed,FALSE,session663,patient148,663
Mixed,FALSE,session664,patient89,664
Mixed,FALSE,session665,patient108,665
Mixed,FALSE,session666,patient61,666
Mixed,FALSE,session667,patient144,667
Mixed,FALSE,session668,patient102,668
Mixed,FALSE,session669,patient142,669
Mixed,FALSE,session670,patient52,670
Mixed,FALSE,session671,patient138,671
Mixed,FALSE,session672,patient145,672
Mixed,FALSE,session673,patient70,673
Mixed,FALSE,session674,patient71,674
Mixed,FALSE,session675,patient141,675
Mixed,FALSE,session676,patient101,676
Mixed,FALSE,session677,patient148,677
Mixed,FALSE,session678,patient116,678
Mixed,FALSE,session679,patient100,679
Mixed,FALSE,session680,patient76,680
Mixed,FALSE,session681,patient109,681
Mixed,FALSE,session682,patient77,682
Mixed,FALSE,session683,patient114,683
Mixed,FALSE,session684,patient119,684
Mixed,FALSE,session685,patient115,685
Mixed,FALSE,session686,patient128,686
Mixed,FALSE,session687,patient118,687
Mixed,FALSE,session688,patient123,688
Mixed,FALSE,session689,patient61,689
Mixed,FALSE,session690,patient99,690
Mixed,FALSE,session691,patient150,691
Mixed,FALSE,session692,patient136,692
Mixed,FALSE,session693,patient79,693
Mixed,FALSE,session694,patient121,694
Mixed,FALSE,session695,patient67,695
Mixed,FALSE,session696,patient134,696
Mixed,FALSE,session697,patient86,697
Mixed,FALSE,session698,patient108,698
Mixed,FALSE,session699,patient148,699
Mixed,FALSE,session700,patient103,700
Mixed,FALSE,session701,patient89,701
Mixed,FALSE,session702,patient92,702
Mixed,FALSE,session703,patient63,703
Mixed,FALSE,session704,patient90,704
Mixed,FALSE,session705,patient100,705
Mixed,FALSE,session706,patient74,706
Mixed,FALSE,session707,patient140,707
Mixed,FALSE,session708,patient121,708
Mixed,FALSE,session709,patient61,709
Mixed,FALSE,session710,patient85,710
Mixed,FALSE,session711,patient77,711
Mixed,FALSE,session712,patient54,712
Mixed,FALSE,session713,patient131,713
Mixed,FALSE,session714,patient109,714
Mixed,FALSE,session715,patient135,715
Mixed,FALSE,session716,patient136,716
Mixed,FALSE,session717,patient73,717
Mixed,FALSE,session718,patient143,718
Mixed,FALSE,session719,patient102,719
Mixed,FALSE,session720,patient138,720
Mixed,FALSE,session721,patient79,721
Mixed,FALSE,session722,patient74,722
Mixed,FALSE,session723,patient119,723
Mixed,FALSE,session724,patient51,724
Mixed,FALSE,session725,patient114,725
Mixed,FALSE,session726,patient113,726
Mixed,FALSE,session727,patient105,727
Mixed,FALSE,session728,patient105,728
Mixed,FALSE,session729,patient143,729
Mixed,FALSE,session730,patient124,730
Mixed,FALSE,session731,patient131,731
Mixed,FALSE,session732,patient113,732
Mixed,FALSE,session733,patient51,733
Mixed,FALSE,session734,patient73,734
Mixed,FALSE,session735,patient134,735
Mixed,FALSE,session736,patient58,736
Mixed,FALSE,session737,patient71,737
Mixed,FALSE,session738,patient81,738
Mixed,FALSE,session739,patient111,739
Mixed,FALSE,session740,patient99,740
Mixed,FALSE,session741,patient76,741
Mixed,FALSE,session742,patient121,742
Mixed,FALSE,session743,patient146,743
Mixed,FALSE,session744,patient93,744
Mixed,FALSE,session745,patient106,745
Mixed,FALSE,session746,patient92,746
Mixed,FALSE,session747,patient94,747
Mixed,FALSE,session748,patient124,748
Mixed,FALSE,session749,patient141,749
Mixed,FALSE,session750,patient51,750
Mixed,FALSE,session751,patient72,751
Mixed,FALSE,session752,patient101,752
Mixed,FALSE,session753,patient67,753
Mixed,FALSE,session754,patient92,754
Mixed,FALSE,session755,patient73,755
Mixed,FALSE,session756,patient52,756
Mixed,FALSE,session757,patient110,757
Mixed,FALSE,session758,patient87,758
Mixed,FALSE,session759,patient147,759
Mixed,FALSE,session760,patient51,760
Anxious,FALSE,session761,patient164,761
Anxious,FALSE,session762,patient164,762
Anxious,FALSE,session763,patient169,763
Anxious,FALSE,session764,patient154,764
Anxious,FALSE,session765,patient157,765
Anxious,FALSE,session766,patient156,766
Anxious,FALSE,session767,patient158,767
Anxious,FALSE,session768,patient174,768
Anxious,FALSE,session769,patient191,769
Anxious,FALSE,session770,patient165,770
Anxious,FALSE,session771,patient169,771
Anxious,FALSE,session772,patient176,772
Anxious,FALSE,session773,patient153,773
Anxious,FALSE,session774,patient162,774
Anxious,FALSE,session775,patient193,775
Anxious,FALSE,session776,patient168,776
Anxious,FALSE,session777,patient196,777
Anxious,FALSE,session778,patient160,778
Anxious,FALSE,session779,patient170,779
Anxious,FALSE,session780,patient171,780
Anxious,FALSE,session781,patient170,781
Anxious,FALSE,session782,patient187,782
Anxious,FALSE,session783,patient152,783
Anxious,FALSE,session784,patient152,784
Anxious,FALSE,session785,patient151,785
Anxious,FALSE,session786,patient152,786
Anxious,FALSE,session787,patient183,787
Anxious,FALSE,session788,patient200,788
Anxious,FALSE,session789,patient166,789
Anxious,FALSE,session790,patient154,790
Anxious,FALSE,session791,patient180,791
Anxious,FALSE,session792,patient199,792
Anxious,FALSE,session793,patient156,793
Anxious,FALSE,session794,patient186,794
Anxious,FALSE,session795,patient168,795
Anxious,FALSE,session796,patient184,796
Anxious,FALSE,session797,patient181,797
Anxious,FALSE,session798,patient194,798
Anxious,FALSE,session799,patient176,799
Anxious,FALSE,session800,patient180,800
Anxious,FALSE,session801,patient186,801
Anxious,FALSE,session802,patient164,802
Anxious,FALSE,session803,patient186,803
Anxious,FALSE,session804,patient153,804
Anxious,FALSE,session805,patient169,805
Anxious,FALSE,session806,patient188,806
Anxious,FALSE,session807,patient187,807
Anxious,FALSE,session808,patient167,808
Anxious,FALSE,session809,patient177,809
Anxious,FALSE,session810,patient200,810
Anxious,FALSE,session811,patient153,811
Anxious,FALSE,session812,patient193,812
Anxious,FALSE,session813,patient166,813
Anxious,FALSE,session814,patient199,814
Anxious,FALSE,session815,patient151,815
Anxious,FALSE,session816,patient165,816
Anxious,FALSE,session817,patient181,817
Anxious,FALSE,session818,patient159,818
Anxious,FALSE,session819,patient153,819
Anxious,FALSE,session820,patient177,820
Anxious,FALSE,session821,patient172,821
Anxious,FALSE,session822,patient166,822
Anxious,FALSE,session823,patient192,823
Anxious,FALSE,session824,patient164,824
Anxious,FALSE,session825,patient154,825
Anxious,FALSE,session826,patient155,826
Anxious,FALSE,session827,patient196,827
Anxious,FALSE,session828,patient174,828
Anxious,FALSE,session829,patient162,829
Anxious,FALSE,session830,patient177,830
Anxious,FALSE,session831,patient160,831
Anxious,FALSE,session832,patient194,832
Anxious,FALSE,session833,patient155,833
Anxious,FALSE,session834,patient162,834
Anxious,FALSE,session835,patient183,835
Anxious,FALSE,session836,patient188,836
Anxious,FALSE,session837,patient170,837
Anxious,FALSE,session838,patient186,838
Anxious,FALSE,session839,patient196,839
Anxious,FALSE,session840,patient172,840
Anxious,FALSE,session841,patient194,841
Anxious,FALSE,session842,patient161,842
Anxious,FALSE,session843,patient193,843
Anxious,FALSE,session844,patient188,844
Anxious,FALSE,session845,patient189,845
Anxious,FALSE,session846,patient152,846
Anxious,FALSE,session847,patient179,847
Anxious,FALSE,session848,patient178,848
Anxious,FALSE,session849,patient159,849
Anxious,FALSE,session850,patient189,850
Anxious,FALSE,session851,patient199,851
Anxious,FALSE,session852,patient183,852
Anxious,FALSE,session853,patient162,853
Anxious,FALSE,session854,patient178,854
Anxious,FALSE,session855,patient174,855
Anxious,FALSE,session856,patient185,856
Anxious,FALSE,session857,patient157,857
Anxious,FALSE,session858,patient190,858
Anxious,FALSE,session859,patient180,859
Anxious,FALSE,session860,patient198,860
Anxious,FALSE,session861,patient173,861
Anxious,FALSE,session862,patient191,862
Anxious,FALSE,session863,patient151,863
Anxious,FALSE,session864,patient160,864
Anxious,FALSE,session865,patient185,865
Anxious,FALSE,session866,patient157,866
Anxious,FALSE,session867,patient156,867
Anxious,FALSE,session868,patient189,868
Anxious,FALSE,session869,patient192,869
Anxious,FALSE,session870,patient182,870
Anxious,FALSE,session871,patient176,871
Anxious,FALSE,session872,patient168,872
Anxious,FALSE,session873,patient192,873
Anxious,FALSE,session874,patient188,874
Anxious,FALSE,session875,patient171,875
Anxious,FALSE,session876,patient192,876
Anxious,FALSE,session877,patient164,877
Anxious,FALSE,session878,patient162,878
Anxious,FALSE,session879,patient170,879
Anxious,FALSE,session880,patient182,880
Anxious,FALSE,session881,patient170,881
Anxious,FALSE,session882,patient188,882
Anxious,FALSE,session883,patient200,883
Anxious,FALSE,session884,patient151,884
Anxious,FALSE,session885,patient199,885
Anxious,FALSE,session886,patient179,886
Anxious,FALSE,session887,patient155,887
Anxious,FALSE,session888,patient171,888
Anxious,FALSE,session889,patient165,889
Anxious,FALSE,session890,patient187,890
Anxious,FALSE,session891,patient172,891
Anxious,FALSE,session892,patient157,892
Anxious,FALSE,session893,patient163,893
Anxious,FALSE,session894,patient192,894
Anxious,FALSE,session895,patient163,895
Anxious,FALSE,session896,patient162,896
Anxious,FALSE,session897,patient163,897
Anxious,FALSE,session898,patient197,898
Anxious,FALSE,session899,patient191,899
Anxious,FALSE,session900,patient159,900
Severely Anxious,FALSE,session901,patient225,901
Severely Anxious,FALSE,session902,patient246,902
Severely Anxious,FALSE,session903,patient250,903
Severely Anxious,FALSE,session904,patient239,904
Severely Anxious,FALSE,session905,patient225,905
Severely Anxious,FALSE,session906,patient210,906
Severely Anxious,FALSE,session907,patient247,907
Severely Anxious,FALSE,session908,patient207,908
Severely Anxious,FALSE,session909,patient235,909
Severely Anxious,FALSE,session910,patient235,910
Severely Anxious,FALSE,session911,patient223,911
Severely Anxious,FALSE,session912,patient222,912
Severely Anxious,FALSE,session913,patient242,913
Severely Anxious,FALSE,session914,patient217,914
Severely Anxious,FALSE,session915,patient232,915
Severely Anxious,FALSE,session916,patient222,916
Severely Anxious,FALSE,session917,patient234,917
Severely Anxious,FALSE,session918,patient228,918
Severely Anxious,FALSE,session919,patient237,919
Severely Anxious,FALSE,session920,patient219,920
Severely Anxious,FALSE,session921,patient223,921
Severely Anxious,FALSE,session922,patient238,922
Severely Anxious,FALSE,session923,patient229,923
Severely Anxious,FALSE,session924,patient214,924
Severely Anxious,FALSE,session925,patient227,925
Severely Anxious,FALSE,session926,patient249,926
Severely Anxious,FALSE,session927,patient246,927
Severely Anxious,FALSE,session928,patient248,928
Severely Anxious,FALSE,session929,patient243,929
Severely Anxious,FALSE,session930,patient211,930
Severely Anxious,FALSE,session931,patient207,931
Severely Anxious,FALSE,session932,patient224,932
Severely Anxious,FALSE,session933,patient249,933
Severely Anxious,FALSE,session934,patient236,934
Severely Anxious,FALSE,session935,patient247,935
Severely Anxious,FALSE,session936,patient206,936
Severely Anxious,FALSE,session937,patient208,937
Severely Anxious,FALSE,session938,patient214,938
Severely Anxious,FALSE,session939,patient230,939
Severely Anxious,FALSE,session940,patient239,940
Severely Anxious,FALSE,session941,patient234,941
Severely Anxious,FALSE,session942,patient221,942
Severely Anxious,FALSE,session943,patient221,943
Severely Anxious,FALSE,session944,patient227,944
Severely Anxious,FALSE,session945,patient229,945
Severely Anxious,FALSE,session946,patient230,946
Severely Anxious,FALSE,session947,patient224,947
Severely Anxious,FALSE,session948,patient230,948
Severely Anxious,FALSE,session949,patient241,949
Severely Anxious,FALSE,session950,patient202,950
Severely Anxious,FALSE,session951,patient241,951
Severely Anxious,FALSE,session952,patient203,952
Severely Anxious,FALSE,session953,patient233,953
Severely Anxious,FALSE,session954,patient213,954
Severely Anxious,FALSE,session955,patient239,955
Severely Anxious,FALSE,session956,patient227,956
Severely Anxious,FALSE,session957,patient217,957
Severely Anxious,FALSE,session958,patient209,958
Severely Anxious,FALSE,session959,patient213,959
Severely Anxious,FALSE,session960,patient228,960