person_type,daas_severity_id,questionnair_id,person_id,idx,date
Severe Depression,low,daas1,patient50,1,2022-01-27
Severe Depression,low,daas2,patient22,2,2022-01-27
Severe Depression,low,daas3,patient35,3,2022-02-05
Severe Depression,low,daas4,patient6,4,2022-01-06
Severe Depression,low,daas5,patient8,5,2022-01-10
Severe Depression,low,daas6,patient48,6,2022-02-18
Severe Depression,low,daas7,patient12,7,2022-01-02
Severe Depression,low,daas8,patient44,8,2022-02-24
Severe Depression,low,daas9,patient15,9,2022-01-29
Severe Depression,low,daas10,patient25,10,2022-01-18
Severe Depression,low,daas11,patient50,11,2022-01-17
Severe Depression,low,daas12,patient39,12,2022-02-11
Severe Depression,low,daas13,patient5,13,2022-01-14
Severe Depression,low,daas14,patient13,14,2022-02-12
Severe Depression,low,daas15,patient34,15,2022-01-15
Severe Depression,low,daas16,patient13,16,2022-02-15
Severe Depression,low,daas17,patient4,17,2022-03-01
Severe Depression,low,daas18,patient27,18,2022-01-03
Severe Depression,low,daas19,patient37,19,2022-01-05
Severe Depression,low,daas20,patient15,20,2022-02-15
Moderate Depression,low,daas21,patient76,21,2022-01-17
Moderate Depression,low,daas22,patient71,22,2022-02-06
Moderate Depression,low,daas23,patient91,23,2022-02-21
Moderate Depression,low,daas24,patient74,24,2022-01-25
Moderate Depression,low,daas25,patient55,25,2022-02-24
Moderate Depression,low,daas26,patient59,26,2022-01-11
Moderate Depression,low,daas27,patient62,27,2022-01-26
Moderate Depression,low,daas28,patient93,28,2022-02-13
Moderate Depression,low,daas29,patient66,29,2022-01-29
Moderate Depression,low,daas30,patient98,30,2022-01-03
Moderate Depression,low,daas31,patient92,31,2022-02-09
Moderate Depression,low,daas32,patient76,32,2022-01-31
Moderate Depression,low,daas33,patient59,33,2022-02-13
Moderate Depression,low,daas34,patient86,34,2022-02-11
Moderate Depression,low,daas35,patient84,35,2022-01-18
Moderate Depression,low,daas36,patient68,36,2022-01-26
Moderate Depression,low,daas37,patient90,37,2022-02-01
Moderate Depression,low,daas38,patient90,38,2022-02-03
Moderate Depression,low,daas39,patient60,39,2022-02-24
Moderate Depression,low,daas40,patient97,40,2022-01-09
Moderate Depression,low,daas41,patient68,41,2022-01-13
Moderate Depression,low,daas42,patient56,42,2022-01-03
Moderate Depression,low,daas43,patient99,43,2022-01-03
Moderate Depression,low,daas44,patient98,44,2022-01-25
Moderate Depression,low,daas45,patient75,45,2022-01-05
Moderate Depression,low,daas46,patient86,46,2022-01-02
Moderate Depression,low,daas47,patient60,47,2022-01-06
Moderate Depression,low,daas48,patient62,48,2022-01-15
Moderate Depression,low,daas49,patient76,49,2022-01-18
Moderate Depression,low,daas50,patient53,50,2022-02-20
Moderate Depression,low,daas51,patient93,51,2022-02-03
Moderate Depression,low,daas52,patient77,52,2022-01-27
Moderate Depression,low,daas53,patient98,53,2022-01-02
Moderate Depression,low,daas54,patient61,54,2022-02-24
Moderate Depression,low,daas55,patient96,55,2022-02-21
Moderate Depression,low,daas56,patient65,56,2022-02-10
Moderate Depression,low,daas57,patient64,57,2022-03-01
Moderate Depression,low,daas58,patient58,58,2022-01-07
Moderate Depression,low,daas59,patient73,59,2022-01-28
Moderate Depression,low,daas60,patient62,60,2022-01-10
Mixed,low,daas61,patient92,61,2022-02-18
Mixed,low,daas62,patient52,62,2022-01-24
Mixed,low,daas63,patient138,63,2022-02-19
Mixed,low,daas64,patient70,64,2022-01-15
Mixed,low,daas65,patient63,65,2022-01-15
Mixed,low,daas66,patient83,66,2022-01-13
Mixed,low,daas67,patient106,67,2022-02-14
Mixed,low,daas68,patient102,68,2022-01-12
Mixed,low,daas69,patient72,69,2022-01-26
Mixed,low,daas70,patient127,70,2022-02-05
Mixed,low,daas71,patient107,71,2022-01-18
Mixed,low,daas72,patient109,72,2022-01-06
Mixed,low,daas73,patient124,73,2022-01-01
Mixed,low,daas74,patient66,74,2022-01-19
Mixed,low,daas75,patient52,75,2022-02-02
Mixed,low,daas76,patient118,76,2022-01-18
Mixed,low,daas77,patient81,77,2022-02-18
Mixed,low,daas78,patient119,78,2022-01-01
Mixed,low,daas79,patient113,79,2022-02-18
Mixed,low,daas80,patient88,80,2022-01-07
Mixed,low,daas81,patient59,81,2022-02-20
Mixed,low,daas82,patient145,82,2022-01-17
Mixed,low,daas83,patient120,83,2022-01-26
Mixed,low,daas84,patient75,84,2022-01-25
Mixed,low,daas85,patient91,85,2022-02-22
Mixed,low,daas86,patient85,86,2022-01-02
Mixed,low,daas87,patient80,87,2022-01-09
Mixed,low,daas88,patient103,88,2022-01-13
Mixed,low,daas89,patient127,89,2022-02-22
Mixed,low,daas90,patient61,90,2022-01-30
Mixed,low,daas91,patient103,91,2022-02-07
Mixed,low,daas92,patient113,92,2022-01-25
Mixed,low,daas93,patient102,93,2022-01-28
Mixed,low,daas94,patient113,94,2022-01-17
Mixed,low,daas95,patient89,95,2022-01-11
Mixed,low,daas96,patient61,96,2022-02-20
Mixed,low,daas97,patient124,97,2022-01-05
Mixed,low,daas98,patient114,98,2022-02-14
Mixed,low,daas99,patient73,99,2022-01-08
Mixed,low,daas100,patient122,100,2022-01-15
Mixed,low,daas101,patient129,101,2022-02-06
Mixed,low,daas102,patient132,102,2022-02-20
Mixed,low,daas103,patient147,103,2022-02-12
Mixed,low,daas104,patient140,104,2022-02-27
Mixed,low,daas105,patient69,105,2022-02-25
Mixed,low,daas106,patient65,106,2022-01-11
Mixed,low,daas107,patient114,107,2022-01-28
Mixed,low,daas108,patient114,108,2022-02-07
Mixed,low,daas109,patient67,109,2022-01-21
Mixed,low,daas110,patient62,110,2022-02-22
Mixed,low,daas111,patient101,111,2022-01-19
Mixed,low,daas112,patient81,112,2022-01-17
Mixed,low,daas113,patient96,113,2022-01-08
Mixed,low,daas114,patient101,114,2022-01-09
Mixed,low,daas115,patient51,115,2022-02-10
Mixed,low,daas116,patient99,116,2022-01-24
Mixed,low,daas117,patient57,117,2022-02-11
Mixed,low,daas118,patient65,118,2022-01-05
Mixed,low,daas119,patient63,119,2022-02-02
Mixed,low,daas120,patient68,120,2022-02-07
Anxious,low,daas121,patient154,121,2022-02-23
Anxious,low,daas122,patient160,122,2022-01-21
Anxious,low,daas123,patient181,123,2022-02-17
Anxious,low,daas124,patient156,124,2022-01-20
Anxious,low,daas125,patient159,125,2022-01-29
Anxious,low,daas126,patient166,126,2022-01-01
Anxious,low,daas127,patient159,127,2022-01-18
Anxious,low,daas128,patient154,128,2022-02-09
Anxious,low,daas129,patient169,129,2022-02-21
Anxious,low,daas130,patient192,130,2022-02-02
Anxious,low,daas131,patient168,131,2022-02-09
Anxious,low,daas132,patient156,132,2022-02-26
Anxious,low,daas133,patient151,133,2022-01-27
Anxious,low,daas134,patient194,134,2022-01-19
Anxious,low,daas135,patient171,135,2022-01-01
Anxious,low,daas136,patient190,136,2022-01-20
Anxious,low,daas137,patient168,137,2022-02-23
Anxious,low,daas138,patient177,138,2022-02-21
Anxious,low,daas139,patient168,139,2022-01-09
Anxious,low,daas140,patient169,140,2022-02-09
Anxious,low,daas141,patient153,141,2022-01-31
Anxious,low,daas142,patient168,142,2022-01-06
Anxious,low,daas143,patient172,143,2022-01-04
Anxious,low,daas144,patient168,144,2022-02-11
Anxious,low,daas145,patient178,145,2022-03-01
Anxious,low,daas146,patient154,146,2022-01-16
Anxious,low,daas147,patient194,147,2022-01-04
Anxious,low,daas148,patient166,148,2022-01-15
Anxious,low,daas149,patient160,149,2022-01-08
Anxious,low,daas150,patient174,150,2022-01-21
Anxious,low,daas151,patient199,151,2022-02-07
Anxious,low,daas152,patient185,152,2022-01-15
Anxious,low,daas153,patient162,153,2022-01-19
Anxious,low,daas154,patient196,154,2022-02-28
Anxious,low,daas155,patient187,155,2022-01-05
Anxious,low,daas156,patient168,156,2022-01-31
Anxious,low,daas157,patient159,157,2022-01-25
Anxious,low,daas158,patient183,158,2022-02-25
Anxious,low,daas159,patient175,159,2022-02-11
Anxious,low,daas160,patient195,160,2022-02-04
Severely Anxious,low,daas161,patient210,161,2022-01-08
Severely Anxious,low,daas162,patient235,162,2022-02-16
Severely Anxious,low,daas163,patient212,163,2022-02-19
Severely Anxious,low,daas164,patient208,164,2022-02-04
Severely Anxious,low,daas165,patient212,165,2022-01-09
Severely Anxious,low,daas166,patient207,166,2022-02-08
Severely Anxious,low,daas167,patient206,167,2022-01-04
Severely Anxious,low,daas168,patient226,168,2022-01-11
Severely Anxious,low,daas169,patient241,169,2022-02-19
Severely Anxious,low,daas170,patient235,170,2022-01-23
Severely Anxious,low,daas171,patient213,171,2022-02-09
Severely Anxious,low,daas172,patient246,172,2022-01-21
Severely Anxious,low,daas173,patient241,173,2022-01-01
Severely Anxious,low,daas174,patient239,174,2022-01-14
Severely Anxious,low,daas175,patient230,175,2022-02-06
Severely Anxious,low,daas176,patient218,176,2022-02-08
Severely Anxious,low,daas177,patient218,177,2022-02-04
Severely Anxious,low,daas178,patient214,178,2022-02-01
Severely Anxious,low,daas179,patient205,179,2022-02-22
Severely Anxious,low,daas180,patient238,180,2022-02-19
Severe Depression,medium,daas181,patient19,181,2022-02-05
Severe Depression,medium,daas182,patient24,182,2022-01-29
Severe Depression,medium,daas183,patient6,183,2022-01-01
Severe Depression,medium,daas184,patient2,184,2022-02-15
Severe Depression,medium,daas185,patient24,185,2022-01-19
Severe Depression,medium,daas186,patient26,186,2022-01-21
Severe Depression,medium,daas187,patient3,187,2022-01-31
Severe Depression,medium,daas188,patient38,188,2022-01-30
Severe Depression,medium,daas189,patient30,189,2022-01-02
Severe Depression,medium,daas190,patient27,190,2022-02-18
Severe Depression,medium,daas191,patient8,191,2022-02-19
Severe Depression,medium,daas192,patient36,192,2022-02-25
Severe Depression,medium,daas193,patient29,193,2022-02-26
Severe Depression,medium,daas194,patient17,194,2022-01-06
Severe Depression,medium,daas195,patient46,195,2022-02-18
Severe Depression,medium,daas196,patient12,196,2022-02-24
Severe Depression,medium,daas197,patient22,197,2022-01-21
Severe Depression,medium,daas198,patient27,198,2022-02-20
Severe Depression,medium,daas199,patient18,199,2022-02-04
Severe Depression,medium,daas200,patient16,200,2022-01-08
Severe Depression,medium,daas201,patient21,201,2022-01-05
Severe Depression,medium,daas202,patient49,202,2022-01-30
Severe Depression,medium,daas203,patient50,203,2022-03-01
Severe Depression,medium,daas204,patient36,204,2022-01-13
Severe Depression,medium,daas205,patient41,205,2022-02-24
Severe Depression,medium,daas206,patient31,206,2022-02-28
Severe Depression,medium,daas207,patient27,207,2022-01-08
Severe Depression,medium,daas208,patient37,208,2022-01-20
Severe Depression,medium,daas209,patient4,209,2022-02-05
Severe Depression,medium,daas210,patient27,210,2022-01-07
Moderate Depression,medium,daas211,patient51,211,2022-01-07
Moderate Depression,medium,daas212,patient52,212,2022-01-15
Moderate Depression,medium,daas213,patient54,213,2022-01-25
Moderate Depression,medium,daas214,patient92,214,2022-02-23
Moderate Depression,medium,daas215,patient63,215,2022-02-14
Moderate Depression,medium,daas216,patient51,216,2022-01-07
Moderate Depression,medium,daas217,patient57,217,2022-02-23
Moderate Depression,medium,daas218,patient94,218,2022-02-04
Moderate Depression,medium,daas219,patient70,219,2022-02-26
Moderate Depression,medium,daas220,patient51,220,2022-01-18
Moderate Depression,medium,daas221,patient57,221,2022-01-18
Moderate Depression,medium,daas222,patient77,222,2022-02-08
Moderate Depression,medium,daas223,patient51,223,2022-01-22
Moderate Depression,medium,daas224,patient88,224,2022-02-12
Moderate Depression,medium,daas225,patient94,225,2022-02-18
Moderate Depression,medium,daas226,patient72,226,2022-02-05
Moderate Depression,medium,daas227,patient73,227,2022-01-12
Moderate Depression,medium,daas228,patient76,228,2022-02-28
Moderate Depression,medium,daas229,patient74,229,2022-02-22
Moderate Depression,medium,daas230,patient81,230,2022-01-24
Moderate Depression,medium,daas231,patient92,231,2022-01-11
Moderate Depression,medium,daas232,patient76,232,2022-02-26
Moderate Depression,medium,daas233,patient91,233,2022-01-13
Moderate Depression,medium,daas234,patient66,234,2022-02-24
Moderate Depression,medium,daas235,patient87,235,2022-02-07
Moderate Depression,medium,daas236,patient85,236,2022-01-29
Moderate Depression,medium,daas237,patient100,237,2022-01-10
Moderate Depression,medium,daas238,patient52,238,2022-02-05
Moderate Depression,medium,daas239,patient66,239,2022-01-28
Moderate Depression,medium,daas240,patient85,240,2022-02-08
Mixed,medium,daas241,patient100,241,2022-02-21
Mixed,medium,daas242,patient132,242,2022-01-02
Mixed,medium,daas243,patient81,243,2022-02-14
Mixed,medium,daas244,patient148,244,2022-01-18
Mixed,medium,daas245,patient85,245,2022-01-11
Mixed,medium,daas246,patient68,246,2022-01-30
Mixed,medium,daas247,patient67,247,2022-01-09
Mixed,medium,daas248,patient52,248,2022-02-03
Mixed,medium,daas249,patient136,249,2022-01-20
Mixed,medium,daas250,patient107,250,2022-02-20
Mixed,medium,daas251,patient145,251,2022-01-11
Mixed,medium,daas252,patient142,252,2022-01-15
Mixed,medium,daas253,patient117,253,2022-02-06
Mixed,medium,daas254,patient126,254,2022-02-04
Mixed,medium,daas255,patient104,255,2022-02-18
Mixed,medium,daas256,patient68,256,2022-03-01
Mixed,medium,daas257,patient98,257,2022-02-16
Mixed,medium,daas258,patient103,258,2022-02-22
Mixed,medium,daas259,patient102,259,2022-02-28
Mixed,medium,daas260,patient144,260,2022-01-18
Mixed,medium,daas261,patient91,261,2022-02-18
Mixed,medium,daas262,patient97,262,2022-02-03
Mixed,medium,daas263,patient59,263,2022-02-20
Mixed,medium,daas264,patient118,264,2022-01-17
Mixed,medium,daas265,patient76,265,2022-02-17
Mixed,medium,daas266,patient125,266,2022-02-16
Mixed,medium,daas267,patient121,267,2022-01-17
Mixed,medium,daas268,patient121,268,2022-02-02
Mixed,medium,daas269,patient142,269,2022-01-27
Mixed,medium,daas270,patient101,270,2022-01-29
Mixed,medium,daas271,patient110,271,2022-01-13
Mixed,medium,daas272,patient139,272,2022-01-15
Mixed,medium,daas273,patient109,273,2022-02-28
Mixed,medium,daas274,patient117,274,2022-02-21
Mixed,medium,daas275,patient80,275,2022-01-18
Mixed,medium,daas276,patient126,276,2022-01-14
Mixed,medium,daas277,patient146,277,2022-01-29
Mixed,medium,daas278,patient117,278,2022-01-29
Mixed,medium,daas279,patient52,279,2022-02-15
Mixed,medium,daas280,patient118,280,2022-01-09
Mixed,medium,daas281,patient52,281,2022-02-07
Mixed,medium,daas282,patient65,282,2022-01-24
Mixed,medium,daas283,patient86,283,2022-01-23
Mixed,medium,daas284,patient82,284,2022-02-25
Mixed,medium,daas285,patient65,285,2022-01-14
Mixed,medium,daas286,patient119,286,2022-01-14
Mixed,medium,daas287,patient132,287,2022-01-15
Mixed,medium,daas288,patient76,288,2022-02-06
Mixed,medium,daas289,patient140,289,2022-02-17
Mixed,medium,daas290,patient116,290,2022-02-02
Mixed,medium,daas291,patient67,291,2022-02-12
Mixed,medium,daas292,patient111,292,2022-01-06
Mixed,medium,daas293,patient70,293,2022-02-12
Mixed,medium,daas294,patient57,294,2022-02-20
Mixed,medium,daas295,patient66,295,2022-01-30
Mixed,medium,daas296,patient63,296,2022-02-09
Mixed,medium,daas297,patient114,297,2022-02-15
Mixed,medium,daas298,patient97,298,2022-01-18
Mixed,medium,daas299,patient127,299,2022-02-28
Mixed,medium,daas300,patient67,300,2022-02-01
Anxious,medium,daas301,patient169,301,2022-01-18
Anxious,medium,daas302,patient169,302,2022-01-01
Anxious,medium,daas303,patient168,303,2022-01-12
Anxious,medium,daas304,patient157,304,2022-02-21
Anxious,medium,daas305,patient169,305,2022-01-28
Anxious,medium,daas306,patient170,306,2022-02-19
Anxious,medium,daas307,patient167,307,2022-02-13
Anxious,medium,daas308,patient191,308,2022-02-09
Anxious,medium,daas309,patient177,309,2022-02-16
Anxious,medium,daas310,patient197,310,2022-02-07
Anxious,medium,daas311,patient178,311,2022-02-03
Anxious,medium,daas312,patient157,312,2022-01-12
Anxious,medium,daas313,patient169,313,2022-01-26
Anxious,medium,daas314,patient185,314,2022-02-23
Anxious,medium,daas315,patient195,315,2022-02-10
Anxious,medium,daas316,patient170,316,2022-01-31
Anxious,medium,daas317,patient181,317,2022-01-05
Anxious,medium,daas318,patient174,318,2022-01-03
Anxious,medium,daas319,patient182,319,2022-01-25
Anxious,medium,daas320,patient193,320,2022-01-05
Anxious,medium,daas321,patient172,321,2022-01-24
Anxious,medium,daas322,patient165,322,2022-02-12
Anxious,medium,daas323,patient198,323,2022-01-01
Anxious,medium,daas324,patient169,324,2022-02-25
Anxious,medium,daas325,patient179,325,2022-01-13
Anxious,medium,daas326,patient188,326,2022-02-20
Anxious,medium,daas327,patient184,327,2022-02-17
Anxious,medium,daas328,patient182,328,2022-02-14
Anxious,medium,daas329,patient191,329,2022-02-12
Anxious,medium,daas330,patient197,330,2022-02-15
Anxious,medium,daas331,patient162,331,2022-01-14
Anxious,medium,daas332,patient195,332,2022-01-18
Anxious,medium,daas333,patient152,333,2022-01-28
Anxious,medium,daas334,patient184,334,2022-02-10
Anxious,medium,daas335,patient180,335,2022-01-10
Anxious,medium,daas336,patient173,336,2022-02-23
Anxious,medium,daas337,patient152,337,2022-02-19
Anxious,medium,daas338,patient179,338,2022-02-26
Anxious,medium,daas339,patient175,339,2022-01-29
Anxious,medium,daas340,patient153,340,2022-02-19
Severely Anxious,medium,daas341,patient209,341,2022-02-04
Severely Anxious,medium,daas342,patient214,342,2022-02-08
Severely Anxious,medium,daas343,patient240,343,2022-01-30
Severely Anxious,medium,daas344,patient217,344,2022-01-20
Severely Anxious,medium,daas345,patient202,345,2022-03-01
Severely Anxious,medium,daas346,patient235,346,2022-01-04
Severely Anxious,medium,daas347,patient250,347,2022-01-09
Severely Anxious,medium,daas348,patient208,348,2022-01-19
Severely Anxious,medium,daas349,patient229,349,2022-02-05
Severely Anxious,medium,daas350,patient218,350,2022-01-08
Severely Anxious,medium,daas351,patient247,351,2022-03-01
Severely Anxious,medium,daas352,patient202,352,2022-02-20
Severely Anxious,medium,daas353,patient237,353,2022-02-04
Severely Anxious,medium,daas354,patient217,354,2022-02-28
Severely Anxious,medium,daas355,patient211,355,2022-01-13
Severely Anxious,medium,daas356,patient229,356,2022-02-04
Severely Anxious,medium,daas357,patient208,357,2022-02-17
Severely Anxious,medium,daas358,patient203,358,2022-01-19
Severely Anxious,medium,daas359,patient249,359,2022-01-22
Severely Anxious,medium,daas360,patient223,360,2022-02-18
Severely Anxious,medium,daas361,patient208,361,2022-02-10
Severely Anxious,medium,daas362,patient218,362,2022-02-10
Severely Anxious,medium,daas363,patient205,363,2022-02-07
Severely Anxious,medium,daas364,patient216,364,2022-01-31
Severely Anxious,medium,daas365,patient219,365,2022-01-29
Severely Anxious,medium,daas366,patient215,366,2022-01-28
Severely Anxious,medium,daas367,patient217,367,2022-02-08
Severely Anxious,medium,daas368,patient221,368,2022-01-10
Severely Anxious,medium,daas369,patient214,369,2022-01-17
Severely Anxious,medium,daas370,patient242,370,2022-02-10
Severe Depression,high,daas371,patient28,371,2022-02-17
Severe Depression,high,daas372,patient17,372,2022-01-04
Severe Depression,high,daas373,patient8,373,2022-02-19
Severe Depression,high,daas374,patient47,374,2022-02-21
Severe Depression,high,daas375,patient40,375,2022-01-11
Severe Depression,high,daas376,patient32,376,2022-01-26
Severe Depression,high,daas377,patient29,377,2022-02-07
Severe Depression,high,daas378,patient50,378,2022-01-22
Severe Depression,high,daas379,patient1,379,2022-02-22
Severe Depression,high,daas380,patient13,380,2022-01-28
Severe Depression,high,daas381,patient28,381,2022-01-07
Severe Depression,high,daas382,patient21,382,2022-01-13
Severe Depression,high,daas383,patient23,383,2022-01-13
Severe Depression,high,daas384,patient49,384,2022-02-07
Severe Depression,high,daas385,patient49,385,2022-02-20
Severe Depression,high,daas386,patient32,386,2022-02-02
Severe Depression,high,daas387,patient34,387,2022-01-25
Severe Depression,high,daas388,patient11,388,2022-01-04
Severe Depression,high,daas389,patient47,389,2022-02-18
Severe Depression,high,daas390,patient36,390,2022-01-25
Severe Depression,high,daas391,patient33,391,2022-01-06
Severe Depression,high,daas392,patient26,392,2022-02-02
Severe Depression,high,daas393,patient18,393,2022-01-04
Severe Depression,high,daas394,patient17,394,2022-01-19
Severe Depression,high,daas395,patient18,395,2022-02-08
Severe Depression,high,daas396,patient40,396,2022-01-07
Severe Depression,high,daas397,patient47,397,2022-01-31
Severe Depression,high,daas398,patient12,398,2022-01-21
Severe Depression,high,daas399,patient50,399,2022-01-11
Severe Depression,high,daas400,patient32,400,2022-02-28
Severe Depression,high,daas401,patient48,401,2022-01-18
Severe Depression,high,daas402,patient43,402,2022-02-05
Severe Depression,high,daas403,patient6,403,2022-01-23
Severe Depression,high,daas404,patient5,404,2022-01-27
Severe Depression,high,daas405,patient1,405,2022-02-05
Severe Depression,high,daas406,patient46,406,2022-01-10
Severe Depression,high,daas407,patient43,407,2022-02-23
Severe Depression,high,daas408,patient31,408,2022-01-11
Severe Depression,high,daas409,patient27,409,2022-01-08
Severe Depression,high,daas410,patient9,410,2022-01-12
Severe Depression,high,daas411,patient12,411,2022-01-23
Severe Depression,high,daas412,patient47,412,2022-01-06
Severe Depression,high,daas413,patient50,413,2022-01-12
Severe Depression,high,daas414,patient25,414,2022-02-18
Severe Depression,high,daas415,patient33,415,2022-02-02
Severe Depression,high,daas416,patient9,416,2022-01-12
Severe Depression,high,daas417,patient47,417,2022-02-12
Severe Depression,high,daas418,patient24,418,2022-02-06
Severe Depression,high,daas419,patient12,419,2022-02-03
Severe Depression,high,daas420,patient12,420,2022-01-04
Severe Depression,high,daas421,patient40,421,2022-02-16
Severe Depression,high,daas422,patient46,422,2022-01-16
Severe Depression,high,daas423,patient13,423,2022-02-15
Severe Depression,high,daas424,patient44,424,2022-02-26
Severe Depression,high,daas425,patient23,425,2022-02-18
Severe Depression,high,daas426,patient43,426,2022-01-18
Severe Depression,high,daas427,patient32,427,2022-01-31
Severe Depression,high,daas428,patient14,428,2022-02-23
Severe Depression,high,daas429,patient39,429,2022-01-29
Severe Depression,high,daas430,patient14,430,2022-01-19
Severe Depression,high,daas431,patient45,431,2022-02-15
Severe Depression,high,daas432,patient30,432,2022-01-29
Severe Depression,high,daas433,patient47,433,2022-02-15
Severe Depression,high,daas434,patient29,434,2022-01-23
Severe Depression,high,daas435,patient6,435,2022-01-07
Severe Depression,high,daas436,patient21,436,2022-02-18
Severe Depression,high,daas437,patient40,437,2022-02-28
Severe Depression,high,daas438,patient40,438,2022-01-07
Severe Depression,high,daas439,patient37,439,2022-02-23
Severe Depression,high,daas440,patient17,440,2022-02-01
Severe Depression,high,daas441,patient2,441,2022-02-10
Severe Depression,high,daas442,patient8,442,2022-01-11
Severe Depression,high,daas443,patient8,443,2022-01-16
Severe Depression,high,daas444,patient17,444,2022-01-26
Severe Depression,high,daas445,patient11,445,2022-01-25
Severe Depression,high,daas446,patient24,446,2022-02-19
Severe Depression,high,daas447,patient44,447,2022-02-22
Severe Depression,high,daas448,patient44,448,2022-01-12
Severe Depression,high,daas449,patient30,449,2022-01-15
Severe Depression,high,daas450,patient29,450,2022-02-28
Severe Depression,high,daas451,patient2,451,2022-01-03
Severe Depression,high,daas452,patient4,452,2022-01-24
Severe Depression,high,daas453,patient27,453,2022-02-22
Severe Depression,high,daas454,patient43,454,2022-02-14
Severe Depression,high,daas455,patient11,455,2022-02-22
Severe Depression,high,daas456,patient29,456,2022-02-10
Severe Depression,high,daas457,patient7,457,2022-02-21
Severe Depression,high,daas458,patient20,458,2022-02-06
Severe Depression,high,daas459,patient5,459,2022-02-09
Severe Depression,high,daas460,patient11,460,2022-01-29
Severe Depression,high,daas461,patient7,461,2022-01-24
Severe Depression,high,daas462,patient37,462,2022-01-19
Severe Depression,high,daas463,patient50,463,2022-01-28
Severe Depression,high,daas464,patient36,464,2022-01-13
Severe Depression,high,daas465,patient11,465,2022-01-10
Severe Depression,high,daas466,patient34,466,2022-01-10
Severe Depression,high,daas467,patient25,467,2022-01-14
Severe Depression,high,daas468,patient5,468,2022-01-01
Severe Depression,high,daas469,patient27,469,2022-01-16
Severe Depression,high,daas470,patient41,470,2022-01-27
Moderate Depression,high,daas471,patient70,471,2022-02-16
Moderate Depression,high,daas472,patient74,472,2022-02-11
Moderate Depression,high,daas473,patient87,473,2022-02-24
Moderate Depression,high,daas474,patient94,474,2022-02-14
Moderate Depression,high,daas475,patient95,475,2022-01-07
Moderate Depression,high,daas476,patient100,476,2022-01-30
Moderate Depression,high,daas477,patient93,477,2022-01-23
Moderate Depression,high,daas478,patient84,478,2022-01-09
Moderate Depression,high,daas479,patient87,479,2022-02-12
Moderate Depression,high,daas480,patient85,480,2022-01-28
Moderate Depression,high,daas481,patient89,481,2022-02-27
Moderate Depression,high,daas482,patient54,482,2022-02-27
Moderate Depression,high,daas483,patient90,483,2022-01-16
Moderate Depression,high,daas484,patient78,484,2022-02-28
Moderate Depression,high,daas485,patient95,485,2022-02-20
Moderate Depression,high,daas486,patient76,486,2022-02-03
Moderate Depression,high,daas487,patient59,487,2022-02-21
Moderate Depression,high,daas488,patient73,488,2022-01-29
Moderate Depression,high,daas489,patient67,489,2022-02-20
Moderate Depression,high,daas490,patient71,490,2022-02-18
Moderate Depression,high,daas491,patient80,491,2022-01-08
Moderate Depression,high,daas492,patient84,492,2022-01-26
Moderate Depression,high,daas493,patient73,493,2022-02-26
Moderate Depression,high,daas494,patient82,494,2022-02-12
Moderate Depression,high,daas495,patient100,495,2022-01-23
Moderate Depression,high,daas496,patient76,496,2022-02-21
Moderate Depression,high,daas497,patient63,497,2022-01-07
Moderate Depression,high,daas498,patient71,498,2022-01-02
Moderate Depression,high,daas499,patient58,499,2022-02-07
Moderate Depression,high,daas500,patient60,500,2022-01-17
Moderate Depression,high,daas501,patient53,501,2022-01-19
Moderate Depression,high,daas502,patient73,502,2022-02-07
Moderate Depression,high,daas503,patient87,503,2022-01-18
Moderate Depression,high,daas504,patient57,504,2022-01-10
Moderate Depression,high,daas505,patient52,505,2022-01-11
Moderate Depression,high,daas506,patient73,506,2022-02-25
Moderate Depression,high,daas507,patient52,507,2022-02-06
Moderate Depression,high,daas508,patient82,508,2022-02-16
Moderate Depression,high,daas509,patient73,509,2022-02-20
Moderate Depression,high,daas510,patient83,510,2022-02-14
Moderate Depression,high,daas511,patient90,511,2022-02-17
Moderate Depression,high,daas512,patient78,512,2022-01-21
Moderate Depression,high,daas513,patient62,513,2022-02-27
Moderate Depression,high,daas514,patient52,514,2022-02-01
Moderate Depression,high,daas515,patient69,515,2022-02-13
Moderate Depression,high,daas516,patient94,516,2022-02-21
Moderate Depression,high,daas517,patient53,517,2022-02-22
Moderate Depression,high,daas518,patient87,518,2022-01-31
Moderate Depression,high,daas519,patient67,519,2022-01-19
Moderate Depression,high,daas520,patient76,520,2022-01-01
Moderate Depression,high,daas521,patient100,521,2022-01-02
Moderate Depression,high,daas522,patient53,522,2022-01-28
Moderate Depression,high,daas523,patient97,523,2022-01-22
Moderate Depression,high,daas524,patient88,524,2022-02-10
Moderate Depression,high,daas525,patient76,525,2022-01-22
Moderate Depression,high,daas526,patient51,526,2022-02-21
Moderate Depression,high,daas527,patient78,527,2022-02-19
Moderate Depression,high,daas528,patient69,528,2022-01-23
Moderate Depression,high,daas529,patient83,529,2022-01-03
Moderate Depression,high,daas530,patient77,530,2022-02-11
Moderate Depression,high,daas531,patient55,531,2022-01-25
Moderate Depression,high,daas532,patient84,532,2022-01-02
Moderate Depression,high,daas533,patient52,533,2022-01-15
Moderate Depression,high,daas534,patient96,534,2022-02-24
Moderate Depression,high,daas535,patient87,535,2022-01-22
Moderate Depression,high,daas536,patient79,536,2022-01-12
Moderate Depression,high,daas537,patient72,537,2022-01-12
Moderate Depression,high,daas538,patient77,538,2022-01-29
Moderate Depression,high,daas539,patient81,539,2022-01-01
Moderate Depression,high,daas540,patient56,540,2022-01-18
Moderate Depression,high,daas541,patient61,541,2022-01-17
Moderate Depression,high,daas542,patient53,542,2022-02-19
Moderate Depression,high,daas543,patient76,543,2022-02-21
Moderate Depression,high,daas544,patient93,544,2022-01-28
Moderate Depression,high,daas545,patient93,545,2022-01-22
Moderate Depression,high,daas546,patient100,546,2022-02-12
Moderate Depression,high,daas547,patient79,547,2022-01-10
Moderate Depression,high,daas548,patient52,548,2022-02-02
Moderate Depression,high,daas549,patient62,549,2022-03-01
Moderate Depression,high,daas550,patient68,550,2022-01-01
Moderate Depression,high,daas551,patient65,551,2022-02-14
Moderate Depression,high,daas552,patient67,552,2022-02-13
Moderate Depression,high,daas553,patient56,553,2022-01-29
Moderate Depression,high,daas554,patient51,554,2022-02-17
Moderate Depression,high,daas555,patient84,555,2022-01-16
Moderate Depression,high,daas556,patient59,556,2022-01-09
Moderate Depression,high,daas557,patient98,557,2022-02-01
Moderate Depression,high,daas558,patient75,558,2022-02-27
Moderate Depression,high,daas559,patient96,559,2022-02-14
Moderate Depression,high,daas560,patient56,560,2022-01-15
Moderate Depression,high,daas561,patient96,561,2022-01-21
Moderate Depression,high,daas562,patient78,562,2022-02-05
Moderate Depression,high,daas563,patient97,563,2022-02-17
Moderate Depression,high,daas564,patient72,564,2022-02-17
Moderate Depression,high,daas565,patient60,565,2022-01-23
Moderate Depression,high,daas566,patient58,566,2022-01-23
Moderate Depression,high,daas567,patient91,567,2022-01-16
Moderate Depression,high,daas568,patient68,568,2022-01-19
Moderate Depression,high,daas569,patient64,569,2022-02-16
Moderate Depression,high,daas570,patient84,570,2022-01-08
Mixed,high,daas571,patient86,571,2022-02-09
Mixed,high,daas572,patient122,572,2022-02-21
Mixed,high,daas573,patient60,573,2022-02-02
Mixed,high,daas574,patient144,574,2022-01-22
Mixed,high,daas575,patient83,575,2022-02-14
Mixed,high,daas576,patient144,576,2022-02-04
Mixed,high,daas577,patient60,577,2022-02-19
Mixed,high,daas578,patient131,578,2022-01-12
Mixed,high,daas579,patient70,579,2022-03-01
Mixed,high,daas580,patient80,580,2022-02-07
Mixed,high,daas581,patient106,581,2022-02-04
Mixed,high,daas582,patient139,582,2022-02-26
Mixed,high,daas583,patient145,583,2022-01-20
Mixed,high,daas584,patient131,584,2022-01-15
Mixed,high,daas585,patient57,585,2022-02-02
Mixed,high,daas586,patient127,586,2022-02-14
Mixed,high,daas587,patient136,587,2022-01-26
Mixed,high,daas588,patient69,588,2022-02-11
Mixed,high,daas589,patient147,589,2022-01-18
Mixed,high,daas590,patient63,590,2022-01-11
Mixed,high,daas591,patient111,591,2022-01-25
Mixed,high,daas592,patient69,592,2022-01-06
Mixed,high,daas593,patient118,593,2022-01-30
Mixed,high,daas594,patient78,594,2022-01-09
Mixed,high,daas595,patient104,595,2022-01-08
Mixed,high,daas596,patient86,596,2022-01-25
Mixed,high,daas597,patient139,597,2022-01-20
Mixed,high,daas598,patient143,598,2022-01-26
Mixed,high,daas599,patient91,599,2022-01-06
Mixed,high,daas600,patient125,600,2022-01-17
Mixed,high,daas601,patient110,601,2022-02-27
Mixed,high,daas602,patient86,602,2022-01-17
Mixed,high,daas603,patient71,603,2022-03-01
Mixed,high,daas604,patient124,604,2022-02-06
Mixed,high,daas605,patient75,605,2022-02-23
Mixed,high,daas606,patient68,606,2022-02-16
Mixed,high,daas607,patient63,607,2022-02-06
Mixed,high,daas608,patient116,608,2022-02-21
Mixed,high,daas609,patient133,609,2022-01-31
Mixed,high,daas610,patient137,610,2022-01-12
Mixed,high,daas611,patient93,611,2022-01-04
Mixed,high,daas612,patient63,612,2022-02-06
Mixed,high,daas613,patient76,613,2022-01-07
Mixed,high,daas614,patient76,614,2022-02-09
Mixed,high,daas615,patient123,615,2022-01-04
Mixed,high,daas616,patient66,616,2022-02-12
Mixed,high,daas617,patient68,617,2022-01-31
Mixed,high,daas618,patient149,618,2022-01-05
Mixed,high,daas619,patient73,619,2022-02-09
Mixed,high,daas620,patient125,620,2022-01-12
Mixed,high,daas621,patient74,621,2022-01-05
Mixed,high,daas622,patient106,622,2022-02-27
Mixed,high,daas623,patient105,623,2022-01-19
Mixed,high,daas624,patient139,624,2022-01-28
Mixed,high,daas625,patient51,625,2022-02-05
Mixed,high,daas626,patient97,626,2022-01-14
Mixed,high,daas627,patient51,627,2022-01-14
Mixed,high,daas628,patient144,628,2022-02-03
Mixed,high,daas629,patient132,629,2022-01-30
Mixed,high,daas630,patient77,630,2022-01-26
Anxious,high,daas631,patient192,631,2022-02-06
Anxious,high,daas632,patient161,632,2022-01-10
Anxious,high,daas633,patient171,633,2022-01-17
Anxious,high,daas634,patient196,634,2022-02-11
Anxious,high,daas635,patient153,635,2022-02-11
Anxious,high,daas636,patient156,636,2022-02-21
Anxious,high,daas637,patient173,637,2022-01-10
Anxious,high,daas638,patient161,638,2022-03-01
Anxious,high,daas639,patient195,639,2022-02-03
Anxious,high,daas640,patient170,640,2022-01-14
Anxious,high,daas641,patient162,641,2022-01-12
Anxious,high,daas642,patient169,642,2022-02-11
Anxious,high,daas643,patient167,643,2022-02-06
Anxious,high,daas644,patient158,644,2022-02-28
Anxious,high,daas645,patient153,645,2022-01-16
Anxious,high,daas646,patient189,646,2022-01-17
Anxious,high,daas647,patient155,647,2022-01-10
Anxious,high,daas648,patient157,648,2022-02-12
Anxious,high,daas649,patient173,649,2022-02-04
Anxious,high,daas650,patient163,650,2022-02-21
Anxious,high,daas651,patient180,651,2022-02-17
Anxious,high,daas652,patient193,652,2022-01-04
Anxious,high,daas653,patient158,653,2022-02-16
Anxious,high,daas654,patient164,654,2022-02-13
Anxious,high,daas655,patient163,655,2022-01-20
Anxious,high,daas656,patient197,656,2022-02-21
Anxious,high,daas657,patient151,657,2022-01-11
Anxious,high,daas658,patient198,658,2022-02-26
Anxious,high,daas659,patient192,659,2022-01-02
Anxious,high,daas660,patient193,660,2022-01-25
Anxious,high,daas661,patient155,661,2022-02-06
Anxious,high,daas662,patient156,662,2022-02-10
Anxious,high,daas663,patient168,663,2022-01-09
Anxious,high,daas664,patient170,664,2022-02-13
Anxious,high,daas665,patient152,665,2022-01-24
Anxious,high,daas666,patient194,666,2022-02-09
Anxious,high,daas667,patient187,667,2022-02-27
Anxious,high,daas668,patient178,668,2022-02-27
Anxious,high,daas669,patient154,669,2022-01-17
Anxious,high,daas670,patient199,670,2022-02-04
Severely Anxious,high,daas671,patient232,671,2022-01-26
Severely Anxious,high,daas672,patient209,672,2022-01-08
Severely Anxious,high,daas673,patient204,673,2022-02-07
Severely Anxious,high,daas674,patient202,674,2022-02-13
Severely Anxious,high,daas675,patient234,675,2022-01-25
Severely Anxious,high,daas676,patient231,676,2022-02-04
Severely Anxious,high,daas677,patient238,677,2022-01-08
Severely Anxious,high,daas678,patient224,678,2022-01-16
Severely Anxious,high,daas679,patient213,679,2022-02-07
Severely Anxious,high,daas680,patient226,680,2022-01-06
Severely Anxious,high,daas681,patient236,681,2022-01-03
Severely Anxious,high,daas682,patient249,682,2022-01-11
Severely Anxious,high,daas683,patient220,683,2022-02-08
Severely Anxious,high,daas684,patient210,684,2022-02-17
Severely Anxious,high,daas685,patient213,685,2022-02-17
Severely Anxious,high,daas686,patient211,686,2022-02-06
Severely Anxious,high,daas687,patient224,687,2022-01-15
Severely Anxious,high,daas688,patient215,688,2022-01-06
Severely Anxious,high,daas689,patient237,689,2022-01-08
Severely Anxious,high,daas690,patient238,690,2022-02-10
Severely Anxious,high,daas691,patient218,691,2022-01-19
Severely Anxious,high,daas692,patient249,692,2022-02-07
Severely Anxious,high,daas693,patient225,693,2022-02-17
Severely Anxious,high,daas694,patient212,694,2022-01-28
Severely Anxious,high,daas695,patient231,695,2022-02-20
Severely Anxious,high,daas696,patient207,696,2022-01-03
Severely Anxious,high,daas697,patient242,697,2022-02-19
Severely Anxious,high,daas698,patient227,698,2022-01-18
Severely Anxious,high,daas699,patient216,699,2022-01-19
Severely Anxious,high,daas700,patient236,700,2022-02-15
Severely Anxious,high,daas701,patient202,701,2022-02-26
Severely Anxious,high,daas702,patient208,702,2022-01-19
Severely Anxious,high,daas703,patient223,703,2022-02-16
Severely Anxious,high,daas704,patient205,704,2022-01-22
Severely Anxious,high,daas705,patient210,705,2022-01-11
Severely Anxious,high,daas706,patient245,706,2022-01-03
Severely Anxious,high,daas707,patient203,707,2022-01-21
Severely Anxious,high,daas708,patient242,708,2022-01-12
Severely Anxious,high,daas709,patient211,709,2022-02-19
Severely Anxious,high,daas710,patient231,710,2022-01-09
Severely Anxious,high,daas711,patient206,711,2022-01-10
Severely Anxious,high,daas712,patient240,712,2022-01-23
Severely Anxious,high,daas713,patient241,713,2022-02-13
Severely Anxious,high,daas714,patient228,714,2022-01-03
Severely Anxious,high,daas715,patient236,715,2022-01-20
Severely Anxious,high,daas716,patient202,716,2022-02-23
Severely Anxious,high,daas717,patient250,717,2022-01-23
Severely Anxious,high,daas718,patient232,718,2022-02-09
Severely Anxious,high,daas719,patient243,719,2022-01-18
Severely Anxious,high,daas720,patient206,720,2022-02-18
Severely Anxious,high,daas721,patient214,721,2022-01-02
Severely Anxious,high,daas722,patient235,722,2022-01-18
Severely Anxious,high,daas723,patient223,723,2022-02-24
Severely Anxious,high,daas724,patient228,724,2022-02-01
Severely Anxious,high,daas725,patient249,725,2022-02-05
Severely Anxious,high,daas726,patient216,726,2022-02-06
Severely Anxious,high,daas727,patient205,727,2022-01-10
Severely Anxious,high,daas728,patient243,728,2022-01-24
Severely Anxious,high,daas729,patient205,729,2022-01-07
Severely Anxious,high,daas730,patient241,730,2022-01-06
Severely Anxious,high,daas731,patient231,731,2022-01-21
Severely Anxious,high,daas732,patient240,732,2022-01-02
Severely Anxious,high,daas733,patient214,733,2022-02-11
Severely Anxious,high,daas734,patient231,734,2022-02-20
Severely Anxious,high,daas735,patient207,735,2022-01-18
Severely Anxious,high,daas736,patient201,736,2022-01-24
Severely Anxious,high,daas737,patient212,737,2022-02-13
Severely Anxious,high,daas738,patient222,738,2022-01-01
Severely Anxious,high,daas739,patient208,739,2022-02-27
Severely Anxious,high,daas740,patient204,740,2022-01-21
Severely Anxious,high,daas741,patient223,741,2022-01-15
Severely Anxious,high,daas742,patient223,742,2022-02-08
Severely Anxious,high,daas743,patient226,743,2022-01-11
Severely Anxious,high,daas744,patient212,744,2022-01-08
Severely Anxious,high,daas745,patient215,745,2022-02-09
Severely Anxious,high,daas746,patient242,746,2022-02-11
Severely Anxious,high,daas747,patient213,747,2022-02-15
Severely Anxious,high,daas748,patient222,748,2022-01-05
Severely Anxious,high,daas749,patient233,749,2022-01-20
Severely Anxious,high,daas750,patient212,750,2022-01-11
Severely Anxious,high,daas751,patient206,751,2022-01-12
Severely Anxious,high,daas752,patient207,752,2022-01-22
Severely Anxious,high,daas753,patient204,753,2022-02-05
Severely Anxious,high,daas754,patient205,754,2022-02-12
Severely Anxious,high,daas755,patient226,755,2022-02-24
Severely Anxious,high,daas756,patient233,756,2022-02-09
Severely Anxious,high,daas757,patient222,757,2022-01-29
Severely Anxious,high,daas758,patient223,758,2022-01-03
Severely Anxious,high,daas759,patient205,759,2022-02-09
Severely Anxious,high,daas760,patient211,760,2022-01-20
Severely Anxious,high,daas761,patient212,761,2022-01-04
Severely Anxious,high,daas762,patient208,762,2022-02-18
Severely Anxious,high,daas763,patient245,763,2022-02-28
Severely Anxious,high,daas764,patient211,764,2022-01-16
Severely Anxious,high,daas765,patient210,765,2022-02-27
Severely Anxious,high,daas766,patient208,766,2022-02-14
Severely Anxious,high,daas767,patient230,767,2022-01-17
Severely Anxious,high,daas768,patient221,768,2022-02-10
Severely Anxious,high,daas769,patient234,769,2022-02-16
Severely Anxious,high,daas770,patient201,770,2022-02-17