person_type,daas_severity_id,questionnair_id,person_id,idx,date
Severe Depression,low,daas1,patient38,1,2022-01-27
Severe Depression,low,daas2,patient19,2,2022-01-27
Severe Depression,low,daas3,patient9,3,2022-02-05
Severe Depression,low,daas4,patient23,4,2022-01-06
Severe Depression,low,daas5,patient23,5,2022-01-10
Severe Depression,low,daas6,patient33,6,2022-02-18
Severe Depression,low,daas7,patient22,7,2022-01-02
Severe Depression,low,daas8,patient25,8,2022-02-24
Severe Depression,low,daas9,patient11,9,2022-01-29
Severe Depression,low,daas10,patient20,10,2022-01-18
Severe Depression,low,daas11,patient15,11,2022-01-17
Severe Depression,low,daas12,patient29,12,2022-02-11
Severe Depression,low,daas13,patient26,13,2022-01-14
Severe Depression,low,daas14,patient21,14,2022-02-12
Severe Depression,low,daas15,patient41,15,2022-01-15
Severe Depression,low,daas16,patient5,16,2022-02-15
Severe Depression,low,daas17,patient42,17,2022-03-01
Severe Depression,low,daas18,patient22,18,2022-01-03
Severe Depression,low,daas19,patient4,19,2022-01-05
Severe Depression,low,daas20,patient5,20,2022-02-15
Moderate Depression,low,daas21,patient100,21,2022-01-17
Moderate Depression,low,daas22,patient78,22,2022-02-06
Moderate Depression,low,daas23,patient82,23,2022-02-21
Moderate Depression,low,daas24,patient86,24,2022-01-25
Moderate Depression,low,daas25,patient96,25,2022-02-24
Moderate Depression,low,daas26,patient81,26,2022-01-11
Moderate Depression,low,daas27,patient86,27,2022-01-26
Moderate Depression,low,daas28,patient58,28,2022-02-13
Moderate Depression,low,daas29,patient90,29,2022-01-29
Moderate Depression,low,daas30,patient76,30,2022-01-03
Moderate Depression,low,daas31,patient60,31,2022-02-09
Moderate Depression,low,daas32,patient81,32,2022-01-31
Moderate Depression,low,daas33,patient91,33,2022-02-13
Moderate Depression,low,daas34,patient98,34,2022-02-11
Moderate Depression,low,daas35,patient95,35,2022-01-18
Moderate Depression,low,daas36,patient72,36,2022-01-26
Moderate Depression,low,daas37,patient81,37,2022-02-01
Moderate Depression,low,daas38,patient92,38,2022-02-03
Moderate Depression,low,daas39,patient83,39,2022-02-24
Moderate Depression,low,daas40,patient96,40,2022-01-09
Moderate Depression,low,daas41,patient60,41,2022-01-13
Moderate Depression,low,daas42,patient58,42,2022-01-03
Moderate Depression,low,daas43,patient62,43,2022-01-03
Moderate Depression,low,daas44,patient89,44,2022-01-25
Moderate Depression,low,daas45,patient60,45,2022-01-05
Moderate Depression,low,daas46,patient64,46,2022-01-02
Moderate Depression,low,daas47,patient88,47,2022-01-06
Moderate Depression,low,daas48,patient97,48,2022-01-15
Moderate Depression,low,daas49,patient60,49,2022-01-18
Moderate Depression,low,daas50,patient99,50,2022-02-20
Moderate Depression,low,daas51,patient81,51,2022-02-03
Moderate Depression,low,daas52,patient98,52,2022-01-27
Moderate Depression,low,daas53,patient85,53,2022-01-02
Moderate Depression,low,daas54,patient52,54,2022-02-24
Moderate Depression,low,daas55,patient79,55,2022-02-21
Moderate Depression,low,daas56,patient65,56,2022-02-10
Moderate Depression,low,daas57,patient91,57,2022-03-01
Moderate Depression,low,daas58,patient57,58,2022-01-07
Moderate Depression,low,daas59,patient62,59,2022-01-28
Moderate Depression,low,daas60,patient95,60,2022-01-10
Mixed,low,daas61,patient143,61,2022-02-18
Mixed,low,daas62,patient109,62,2022-01-24
Mixed,low,daas63,patient132,63,2022-02-19
Mixed,low,daas64,patient127,64,2022-01-15
Mixed,low,daas65,patient127,65,2022-01-15
Mixed,low,daas66,patient141,66,2022-01-13
Mixed,low,daas67,patient141,67,2022-02-14
Mixed,low,daas68,patient140,68,2022-01-12
Mixed,low,daas69,patient107,69,2022-01-26
Mixed,low,daas70,patient123,70,2022-02-05
Mixed,low,daas71,patient128,71,2022-01-18
Mixed,low,daas72,patient119,72,2022-01-06
Mixed,low,daas73,patient115,73,2022-01-01
Mixed,low,daas74,patient106,74,2022-01-19
Mixed,low,daas75,patient101,75,2022-02-02
Mixed,low,daas76,patient146,76,2022-01-18
Mixed,low,daas77,patient145,77,2022-02-18
Mixed,low,daas78,patient147,78,2022-01-01
Mixed,low,daas79,patient140,79,2022-02-18
Mixed,low,daas80,patient138,80,2022-01-07
Mixed,low,daas81,patient110,81,2022-02-20
Mixed,low,daas82,patient107,82,2022-01-17
Mixed,low,daas83,patient111,83,2022-01-26
Mixed,low,daas84,patient141,84,2022-01-25
Mixed,low,daas85,patient104,85,2022-02-22
Mixed,low,daas86,patient123,86,2022-01-02
Mixed,low,daas87,patient112,87,2022-01-09
Mixed,low,daas88,patient130,88,2022-01-13
Mixed,low,daas89,patient116,89,2022-02-22
Mixed,low,daas90,patient137,90,2022-01-30
Mixed,low,daas91,patient104,91,2022-02-07
Mixed,low,daas92,patient129,92,2022-01-25
Mixed,low,daas93,patient123,93,2022-01-28
Mixed,low,daas94,patient135,94,2022-01-17
Mixed,low,daas95,patient145,95,2022-01-11
Mixed,low,daas96,patient135,96,2022-02-20
Mixed,low,daas97,patient149,97,2022-01-05
Mixed,low,daas98,patient142,98,2022-02-14
Mixed,low,daas99,patient125,99,2022-01-08
Mixed,low,daas100,patient146,100,2022-01-15
Mixed,low,daas101,patient142,101,2022-02-06
Mixed,low,daas102,patient116,102,2022-02-20
Mixed,low,daas103,patient135,103,2022-02-12
Mixed,low,daas104,patient116,104,2022-02-27
Mixed,low,daas105,patient150,105,2022-02-25
Mixed,low,daas106,patient144,106,2022-01-11
Mixed,low,daas107,patient148,107,2022-01-28
Mixed,low,daas108,patient133,108,2022-02-07
Mixed,low,daas109,patient112,109,2022-01-21
Mixed,low,daas110,patient125,110,2022-02-22
Mixed,low,daas111,patient105,111,2022-01-19
Mixed,low,daas112,patient110,112,2022-01-17
Mixed,low,daas113,patient141,113,2022-01-08
Mixed,low,daas114,patient148,114,2022-01-09
Mixed,low,daas115,patient124,115,2022-02-10
Mixed,low,daas116,patient136,116,2022-01-24
Mixed,low,daas117,patient136,117,2022-02-11
Mixed,low,daas118,patient140,118,2022-01-05
Mixed,low,daas119,patient126,119,2022-02-02
Mixed,low,daas120,patient111,120,2022-02-07
Anxious,low,daas121,patient187,121,2022-02-23
Anxious,low,daas122,patient187,122,2022-01-21
Anxious,low,daas123,patient176,123,2022-02-17
Anxious,low,daas124,patient173,124,2022-01-20
Anxious,low,daas125,patient164,125,2022-01-29
Anxious,low,daas126,patient164,126,2022-01-01
Anxious,low,daas127,patient156,127,2022-01-18
Anxious,low,daas128,patient153,128,2022-02-09
Anxious,low,daas129,patient165,129,2022-02-21
Anxious,low,daas130,patient189,130,2022-02-02
Anxious,low,daas131,patient173,131,2022-02-09
Anxious,low,daas132,patient173,132,2022-02-26
Anxious,low,daas133,patient162,133,2022-01-27
Anxious,low,daas134,patient162,134,2022-01-19
Anxious,low,daas135,patient186,135,2022-01-01
Anxious,low,daas136,patient161,136,2022-01-20
Anxious,low,daas137,patient197,137,2022-02-23
Anxious,low,daas138,patient175,138,2022-02-21
Anxious,low,daas139,patient188,139,2022-01-09
Anxious,low,daas140,patient181,140,2022-02-09
Anxious,low,daas141,patient153,141,2022-01-31
Anxious,low,daas142,patient198,142,2022-01-06
Anxious,low,daas143,patient164,143,2022-01-04
Anxious,low,daas144,patient172,144,2022-02-11
Anxious,low,daas145,patient162,145,2022-03-01
Anxious,low,daas146,patient176,146,2022-01-16
Anxious,low,daas147,patient193,147,2022-01-04
Anxious,low,daas148,patient169,148,2022-01-15
Anxious,low,daas149,patient152,149,2022-01-08
Anxious,low,daas150,patient166,150,2022-01-21
Anxious,low,daas151,patient176,151,2022-02-07
Anxious,low,daas152,patient182,152,2022-01-15
Anxious,low,daas153,patient164,153,2022-01-19
Anxious,low,daas154,patient198,154,2022-02-28
Anxious,low,daas155,patient160,155,2022-01-05
Anxious,low,daas156,patient181,156,2022-01-31
Anxious,low,daas157,patient198,157,2022-01-25
Anxious,low,daas158,patient164,158,2022-02-25
Anxious,low,daas159,patient151,159,2022-02-11
Anxious,low,daas160,patient172,160,2022-02-04
Severely Anxious,low,daas161,patient209,161,2022-01-08
Severely Anxious,low,daas162,patient222,162,2022-02-16
Severely Anxious,low,daas163,patient208,163,2022-02-19
Severely Anxious,low,daas164,patient204,164,2022-02-04
Severely Anxious,low,daas165,patient213,165,2022-01-09
Severely Anxious,low,daas166,patient225,166,2022-02-08
Severely Anxious,low,daas167,patient249,167,2022-01-04
Severely Anxious,low,daas168,patient205,168,2022-01-11
Severely Anxious,low,daas169,patient240,169,2022-02-19
Severely Anxious,low,daas170,patient224,170,2022-01-23
Severely Anxious,low,daas171,patient236,171,2022-02-09
Severely Anxious,low,daas172,patient238,172,2022-01-21
Severely Anxious,low,daas173,patient209,173,2022-01-01
Severely Anxious,low,daas174,patient228,174,2022-01-14
Severely Anxious,low,daas175,patient207,175,2022-02-06
Severely Anxious,low,daas176,patient234,176,2022-02-08
Severely Anxious,low,daas177,patient244,177,2022-02-04
Severely Anxious,low,daas178,patient229,178,2022-02-01
Severely Anxious,low,daas179,patient206,179,2022-02-22
Severely Anxious,low,daas180,patient227,180,2022-02-19
Severe Depression,medium,daas181,patient31,181,2022-02-05
Severe Depression,medium,daas182,patient39,182,2022-01-29
Severe Depression,medium,daas183,patient38,183,2022-01-01
Severe Depression,medium,daas184,patient20,184,2022-02-15
Severe Depression,medium,daas185,patient28,185,2022-01-19
Severe Depression,medium,daas186,patient12,186,2022-01-21
Severe Depression,medium,daas187,patient48,187,2022-01-31
Severe Depression,medium,daas188,patient42,188,2022-01-30
Severe Depression,medium,daas189,patient34,189,2022-01-02
Severe Depression,medium,daas190,patient11,190,2022-02-18
Severe Depression,medium,daas191,patient30,191,2022-02-19
Severe Depression,medium,daas192,patient23,192,2022-02-25
Severe Depression,medium,daas193,patient32,193,2022-02-26
Severe Depression,medium,daas194,patient41,194,2022-01-06
Severe Depression,medium,daas195,patient9,195,2022-02-18
Severe Depression,medium,daas196,patient10,196,2022-02-24
Severe Depression,medium,daas197,patient50,197,2022-01-21
Severe Depression,medium,daas198,patient29,198,2022-02-20
Severe Depression,medium,daas199,patient19,199,2022-02-04
Severe Depression,medium,daas200,patient16,200,2022-01-08
Severe Depression,medium,daas201,patient12,201,2022-01-05
Severe Depression,medium,daas202,patient36,202,2022-01-30
Severe Depression,medium,daas203,patient11,203,2022-03-01
Severe Depression,medium,daas204,patient5,204,2022-01-13
Severe Depression,medium,daas205,patient41,205,2022-02-24
Severe Depression,medium,daas206,patient16,206,2022-02-28
Severe Depression,medium,daas207,patient1,207,2022-01-08
Severe Depression,medium,daas208,patient31,208,2022-01-20
Severe Depression,medium,daas209,patient39,209,2022-02-05
Severe Depression,medium,daas210,patient28,210,2022-01-07
Moderate Depression,medium,daas211,patient62,211,2022-01-07
Moderate Depression,medium,daas212,patient70,212,2022-01-15
Moderate Depression,medium,daas213,patient83,213,2022-01-25
Moderate Depression,medium,daas214,patient84,214,2022-02-23
Moderate Depression,medium,daas215,patient88,215,2022-02-14
Moderate Depression,medium,daas216,patient72,216,2022-01-07
Moderate Depression,medium,daas217,patient58,217,2022-02-23
Moderate Depression,medium,daas218,patient61,218,2022-02-04
Moderate Depression,medium,daas219,patient96,219,2022-02-26
Moderate Depression,medium,daas220,patient53,220,2022-01-18
Moderate Depression,medium,daas221,patient99,221,2022-01-18
Moderate Depression,medium,daas222,patient90,222,2022-02-08
Moderate Depression,medium,daas223,patient91,223,2022-01-22
Moderate Depression,medium,daas224,patient95,224,2022-02-12
Moderate Depression,medium,daas225,patient95,225,2022-02-18
Moderate Depression,medium,daas226,patient89,226,2022-02-05
Moderate Depression,medium,daas227,patient80,227,2022-01-12
Moderate Depression,medium,daas228,patient60,228,2022-02-28
Moderate Depression,medium,daas229,patient99,229,2022-02-22
Moderate Depression,medium,daas230,patient58,230,2022-01-24
Moderate Depression,medium,daas231,patient69,231,2022-01-11
Moderate Depression,medium,daas232,patient83,232,2022-02-26
Moderate Depression,medium,daas233,patient65,233,2022-01-13
Moderate Depression,medium,daas234,patient100,234,2022-02-24
Moderate Depression,medium,daas235,patient75,235,2022-02-07
Moderate Depression,medium,daas236,patient81,236,2022-01-29
Moderate Depression,medium,daas237,patient94,237,2022-01-10
Moderate Depression,medium,daas238,patient88,238,2022-02-05
Moderate Depression,medium,daas239,patient51,239,2022-01-28
Moderate Depression,medium,daas240,patient68,240,2022-02-08
Mixed,medium,daas241,patient111,241,2022-02-21
Mixed,medium,daas242,patient136,242,2022-01-02
Mixed,medium,daas243,patient119,243,2022-02-14
Mixed,medium,daas244,patient119,244,2022-01-18
Mixed,medium,daas245,patient143,245,2022-01-11
Mixed,medium,daas246,patient141,246,2022-01-30
Mixed,medium,daas247,patient130,247,2022-01-09
Mixed,medium,daas248,patient145,248,2022-02-03
Mixed,medium,daas249,patient135,249,2022-01-20
Mixed,medium,daas250,patient112,250,2022-02-20
Mixed,medium,daas251,patient147,251,2022-01-11
Mixed,medium,daas252,patient145,252,2022-01-15
Mixed,medium,daas253,patient141,253,2022-02-06
Mixed,medium,daas254,patient118,254,2022-02-04
Mixed,medium,daas255,patient131,255,2022-02-18
Mixed,medium,daas256,patient150,256,2022-03-01
Mixed,medium,daas257,patient136,257,2022-02-16
Mixed,medium,daas258,patient141,258,2022-02-22
Mixed,medium,daas259,patient140,259,2022-02-28
Mixed,medium,daas260,patient140,260,2022-01-18
Mixed,medium,daas261,patient126,261,2022-02-18
Mixed,medium,daas262,patient111,262,2022-02-03
Mixed,medium,daas263,patient124,263,2022-02-20
Mixed,medium,daas264,patient126,264,2022-01-17
Mixed,medium,daas265,patient144,265,2022-02-17
Mixed,medium,daas266,patient129,266,2022-02-16
Mixed,medium,daas267,patient133,267,2022-01-17
Mixed,medium,daas268,patient125,268,2022-02-02
Mixed,medium,daas269,patient135,269,2022-01-27
Mixed,medium,daas270,patient146,270,2022-01-29
Mixed,medium,daas271,patient138,271,2022-01-13
Mixed,medium,daas272,patient125,272,2022-01-15
Mixed,medium,daas273,patient126,273,2022-02-28
Mixed,medium,daas274,patient125,274,2022-02-21
Mixed,medium,daas275,patient113,275,2022-01-18
Mixed,medium,daas276,patient106,276,2022-01-14
Mixed,medium,daas277,patient113,277,2022-01-29
Mixed,medium,daas278,patient114,278,2022-01-29
Mixed,medium,daas279,patient150,279,2022-02-15
Mixed,medium,daas280,patient144,280,2022-01-09
Mixed,medium,daas281,patient140,281,2022-02-07
Mixed,medium,daas282,patient131,282,2022-01-24
Mixed,medium,daas283,patient107,283,2022-01-23
Mixed,medium,daas284,patient122,284,2022-02-25
Mixed,medium,daas285,patient146,285,2022-01-14
Mixed,medium,daas286,patient125,286,2022-01-14
Mixed,medium,daas287,patient115,287,2022-01-15
Mixed,medium,daas288,patient115,288,2022-02-06
Mixed,medium,daas289,patient142,289,2022-02-17
Mixed,medium,daas290,patient103,290,2022-02-02
Mixed,medium,daas291,patient112,291,2022-02-12
Mixed,medium,daas292,patient134,292,2022-01-06
Mixed,medium,daas293,patient116,293,2022-02-12
Mixed,medium,daas294,patient129,294,2022-02-20
Mixed,medium,daas295,patient134,295,2022-01-30
Mixed,medium,daas296,patient127,296,2022-02-09
Mixed,medium,daas297,patient128,297,2022-02-15
Mixed,medium,daas298,patient148,298,2022-01-18
Mixed,medium,daas299,patient143,299,2022-02-28
Mixed,medium,daas300,patient127,300,2022-02-01
Anxious,medium,daas301,patient151,301,2022-01-18
Anxious,medium,daas302,patient185,302,2022-01-01
Anxious,medium,daas303,patient164,303,2022-01-12
Anxious,medium,daas304,patient176,304,2022-02-21
Anxious,medium,daas305,patient163,305,2022-01-28
Anxious,medium,daas306,patient167,306,2022-02-19
Anxious,medium,daas307,patient186,307,2022-02-13
Anxious,medium,daas308,patient191,308,2022-02-09
Anxious,medium,daas309,patient185,309,2022-02-16
Anxious,medium,daas310,patient164,310,2022-02-07
Anxious,medium,daas311,patient175,311,2022-02-03
Anxious,medium,daas312,patient186,312,2022-01-12
Anxious,medium,daas313,patient187,313,2022-01-26
Anxious,medium,daas314,patient158,314,2022-02-23
Anxious,medium,daas315,patient194,315,2022-02-10
Anxious,medium,daas316,patient169,316,2022-01-31
Anxious,medium,daas317,patient166,317,2022-01-05
Anxious,medium,daas318,patient200,318,2022-01-03
Anxious,medium,daas319,patient195,319,2022-01-25
Anxious,medium,daas320,patient178,320,2022-01-05
Anxious,medium,daas321,patient184,321,2022-01-24
Anxious,medium,daas322,patient182,322,2022-02-12
Anxious,medium,daas323,patient188,323,2022-01-01
Anxious,medium,daas324,patient168,324,2022-02-25
Anxious,medium,daas325,patient168,325,2022-01-13
Anxious,medium,daas326,patient179,326,2022-02-20
Anxious,medium,daas327,patient169,327,2022-02-17
Anxious,medium,daas328,patient166,328,2022-02-14
Anxious,medium,daas329,patient182,329,2022-02-12
Anxious,medium,daas330,patient159,330,2022-02-15
Anxious,medium,daas331,patient193,331,2022-01-14
Anxious,medium,daas332,patient192,332,2022-01-18
Anxious,medium,daas333,patient158,333,2022-01-28
Anxious,medium,daas334,patient165,334,2022-02-10
Anxious,medium,daas335,patient157,335,2022-01-10
Anxious,medium,daas336,patient165,336,2022-02-23
Anxious,medium,daas337,patient175,337,2022-02-19
Anxious,medium,daas338,patient172,338,2022-02-26
Anxious,medium,daas339,patient173,339,2022-01-29
Anxious,medium,daas340,patient179,340,2022-02-19
Severely Anxious,medium,daas341,patient207,341,2022-02-04
Severely Anxious,medium,daas342,patient238,342,2022-02-08
Severely Anxious,medium,daas343,patient245,343,2022-01-30
Severely Anxious,medium,daas344,patient215,344,2022-01-20
Severely Anxious,medium,daas345,patient246,345,2022-03-01
Severely Anxious,medium,daas346,patient244,346,2022-01-04
Severely Anxious,medium,daas347,patient237,347,2022-01-09
Severely Anxious,medium,daas348,patient212,348,2022-01-19
Severely Anxious,medium,daas349,patient212,349,2022-02-05
Severely Anxious,medium,daas350,patient248,350,2022-01-08
Severely Anxious,medium,daas351,patient204,351,2022-03-01
Severely Anxious,medium,daas352,patient201,352,2022-02-20
Severely Anxious,medium,daas353,patient221,353,2022-02-04
Severely Anxious,medium,daas354,patient211,354,2022-02-28
Severely Anxious,medium,daas355,patient250,355,2022-01-13
Severely Anxious,medium,daas356,patient215,356,2022-02-04
Severely Anxious,medium,daas357,patient204,357,2022-02-17
Severely Anxious,medium,daas358,patient202,358,2022-01-19
Severely Anxious,medium,daas359,patient226,359,2022-01-22
Severely Anxious,medium,daas360,patient225,360,2022-02-18
Severely Anxious,medium,daas361,patient219,361,2022-02-10
Severely Anxious,medium,daas362,patient249,362,2022-02-10
Severely Anxious,medium,daas363,patient238,363,2022-02-07
Severely Anxious,medium,daas364,patient240,364,2022-01-31
Severely Anxious,medium,daas365,patient225,365,2022-01-29
Severely Anxious,medium,daas366,patient203,366,2022-01-28
Severely Anxious,medium,daas367,patient243,367,2022-02-08
Severely Anxious,medium,daas368,patient201,368,2022-01-10
Severely Anxious,medium,daas369,patient225,369,2022-01-17
Severely Anxious,medium,daas370,patient205,370,2022-02-10
Severe Depression,high,daas371,patient9,371,2022-02-17
Severe Depression,high,daas372,patient18,372,2022-01-04
Severe Depression,high,daas373,patient28,373,2022-02-19
Severe Depression,high,daas374,patient38,374,2022-02-21
Severe Depression,high,daas375,patient2,375,2022-01-11
Severe Depression,high,daas376,patient42,376,2022-01-26
Severe Depression,high,daas377,patient45,377,2022-02-07
Severe Depression,high,daas378,patient49,378,2022-01-22
Severe Depression,high,daas379,patient4,379,2022-02-22
Severe Depression,high,daas380,patient1,380,2022-01-28
Severe Depression,high,daas381,patient7,381,2022-01-07
Severe Depression,high,daas382,patient9,382,2022-01-13
Severe Depression,high,daas383,patient8,383,2022-01-13
Severe Depression,high,daas384,patient42,384,2022-02-07
Severe Depression,high,daas385,patient4,385,2022-02-20
Severe Depression,high,daas386,patient38,386,2022-02-02
Severe Depression,high,daas387,patient2,387,2022-01-25
Severe Depression,high,daas388,patient17,388,2022-01-04
Severe Depression,high,daas389,patient37,389,2022-02-18
Severe Depression,high,daas390,patient24,390,2022-01-25
Severe Depression,high,daas391,patient39,391,2022-01-06
Severe Depression,high,daas392,patient2,392,2022-02-02
Severe Depression,high,daas393,patient33,393,2022-01-04
Severe Depression,high,daas394,patient29,394,2022-01-19
Severe Depression,high,daas395,patient48,395,2022-02-08
Severe Depression,high,daas396,patient12,396,2022-01-07
Severe Depression,high,daas397,patient8,397,2022-01-31
Severe Depression,high,daas398,patient20,398,2022-01-21
Severe Depression,high,daas399,patient28,399,2022-01-11
Severe Depression,high,daas400,patient13,400,2022-02-28
Severe Depression,high,daas401,patient26,401,2022-01-18
Severe Depression,high,daas402,patient1,402,2022-02-05
Severe Depression,high,daas403,patient43,403,2022-01-23
Severe Depression,high,daas404,patient38,404,2022-01-27
Severe Depression,high,daas405,patient46,405,2022-02-05
Severe Depression,high,daas406,patient18,406,2022-01-10
Severe Depression,high,daas407,patient34,407,2022-02-23
Severe Depression,high,daas408,patient33,408,2022-01-11
Severe Depression,high,daas409,patient27,409,2022-01-08
Severe Depression,high,daas410,patient6,410,2022-01-12
Severe Depression,high,daas411,patient24,411,2022-01-23
Severe Depression,high,daas412,patient50,412,2022-01-06
Severe Depression,high,daas413,patient1,413,2022-01-12
Severe Depression,high,daas414,patient40,414,2022-02-18
Severe Depression,high,daas415,patient15,415,2022-02-02
Severe Depression,high,daas416,patient42,416,2022-01-12
Severe Depression,high,daas417,patient7,417,2022-02-12
Severe Depression,high,daas418,patient33,418,2022-02-06
Severe Depression,high,daas419,patient19,419,2022-02-03
Severe Depression,high,daas420,patient14,420,2022-01-04
Severe Depression,high,daas421,patient4,421,2022-02-16
Severe Depression,high,daas422,patient27,422,2022-01-16
Severe Depression,high,daas423,patient15,423,2022-02-15
Severe Depression,high,daas424,patient35,424,2022-02-26
Severe Depression,high,daas425,patient33,425,2022-02-18
Severe Depression,high,daas426,patient23,426,2022-01-18
Severe Depression,high,daas427,patient26,427,2022-01-31
Severe Depression,high,daas428,patient42,428,2022-02-23
Severe Depression,high,daas429,patient45,429,2022-01-29
Severe Depression,high,daas430,patient8,430,2022-01-19
Severe Depression,high,daas431,patient45,431,2022-02-15
Severe Depression,high,daas432,patient16,432,2022-01-29
Severe Depression,high,daas433,patient46,433,2022-02-15
Severe Depression,high,daas434,patient3,434,2022-01-23
Severe Depression,high,daas435,patient15,435,2022-01-07
Severe Depression,high,daas436,patient24,436,2022-02-18
Severe Depression,high,daas437,patient21,437,2022-02-28
Severe Depression,high,daas438,patient36,438,2022-01-07
Severe Depression,high,daas439,patient39,439,2022-02-23
Severe Depression,high,daas440,patient23,440,2022-02-01
Severe Depression,high,daas441,patient18,441,2022-02-10
Severe Depression,high,daas442,patient44,442,2022-01-11
Severe Depression,high,daas443,patient35,443,2022-01-16
Severe Depression,high,daas444,patient37,444,2022-01-26
Severe Depression,high,daas445,patient1,445,2022-01-25
Severe Depression,high,daas446,patient12,446,2022-02-19
Severe Depression,high,daas447,patient8,447,2022-02-22
Severe Depression,high,daas448,patient24,448,2022-01-12
Severe Depression,high,daas449,patient10,449,2022-01-15
Severe Depression,high,daas450,patient48,450,2022-02-28
Severe Depression,high,daas451,patient3,451,2022-01-03
Severe Depression,high,daas452,patient38,452,2022-01-24
Severe Depression,high,daas453,patient6,453,2022-02-22
Severe Depression,high,daas454,patient37,454,2022-02-14
Severe Depression,high,daas455,patient26,455,2022-02-22
Severe Depression,high,daas456,patient47,456,2022-02-10
Severe Depression,high,daas457,patient50,457,2022-02-21
Severe Depression,high,daas458,patient24,458,2022-02-06
Severe Depression,high,daas459,patient23,459,2022-02-09
Severe Depression,high,daas460,patient47,460,2022-01-29
Severe Depression,high,daas461,patient23,461,2022-01-24
Severe Depression,high,daas462,patient5,462,2022-01-19
Severe Depression,high,daas463,patient8,463,2022-01-28
Severe Depression,high,daas464,patient43,464,2022-01-13
Severe Depression,high,daas465,patient26,465,2022-01-10
Severe Depression,high,daas466,patient4,466,2022-01-10
Severe Depression,high,daas467,patient47,467,2022-01-14
Severe Depression,high,daas468,patient35,468,2022-01-01
Severe Depression,high,daas469,patient1,469,2022-01-16
Severe Depression,high,daas470,patient22,470,2022-01-27
Moderate Depression,high,daas471,patient98,471,2022-02-16
Moderate Depression,high,daas472,patient83,472,2022-02-11
Moderate Depression,high,daas473,patient67,473,2022-02-24
Moderate Depression,high,daas474,patient76,474,2022-02-14
Moderate Depression,high,daas475,patient92,475,2022-01-07
Moderate Depression,high,daas476,patient75,476,2022-01-30
Moderate Depression,high,daas477,patient62,477,2022-01-23
Moderate Depression,high,daas478,patient63,478,2022-01-09
Moderate Depression,high,daas479,patient77,479,2022-02-12
Moderate Depression,high,daas480,patient53,480,2022-01-28
Moderate Depression,high,daas481,patient51,481,2022-02-27
Moderate Depression,high,daas482,patient96,482,2022-02-27
Moderate Depression,high,daas483,patient60,483,2022-01-16
Moderate Depression,high,daas484,patient74,484,2022-02-28
Moderate Depression,high,daas485,patient73,485,2022-02-20
Moderate Depression,high,daas486,patient71,486,2022-02-03
Moderate Depression,high,daas487,patient57,487,2022-02-21
Moderate Depression,high,daas488,patient92,488,2022-01-29
Moderate Depression,high,daas489,patient96,489,2022-02-20
Moderate Depression,high,daas490,patient64,490,2022-02-18
Moderate Depression,high,daas491,patient86,491,2022-01-08
Moderate Depression,high,daas492,patient67,492,2022-01-26
Moderate Depression,high,daas493,patient91,493,2022-02-26
Moderate Depression,high,daas494,patient83,494,2022-02-12
Moderate Depression,high,daas495,patient87,495,2022-01-23
Moderate Depression,high,daas496,patient87,496,2022-02-21
Moderate Depression,high,daas497,patient63,497,2022-01-07
Moderate Depression,high,daas498,patient62,498,2022-01-02
Moderate Depression,high,daas499,patient96,499,2022-02-07
Moderate Depression,high,daas500,patient94,500,2022-01-17
Moderate Depression,high,daas501,patient60,501,2022-01-19
Moderate Depression,high,daas502,patient58,502,2022-02-07
Moderate Depression,high,daas503,patient59,503,2022-01-18
Moderate Depression,high,daas504,patient54,504,2022-01-10
Moderate Depression,high,daas505,patient85,505,2022-01-11
Moderate Depression,high,daas506,patient96,506,2022-02-25
Moderate Depression,high,daas507,patient82,507,2022-02-06
Moderate Depression,high,daas508,patient87,508,2022-02-16
Moderate Depression,high,daas509,patient90,509,2022-02-20
Moderate Depression,high,daas510,patient74,510,2022-02-14
Moderate Depression,high,daas511,patient77,511,2022-02-17
Moderate Depression,high,daas512,patient62,512,2022-01-21
Moderate Depression,high,daas513,patient81,513,2022-02-27
Moderate Depression,high,daas514,patient95,514,2022-02-01
Moderate Depression,high,daas515,patient80,515,2022-02-13
Moderate Depression,high,daas516,patient70,516,2022-02-21
Moderate Depression,high,daas517,patient75,517,2022-02-22
Moderate Depression,high,daas518,patient97,518,2022-01-31
Moderate Depression,high,daas519,patient81,519,2022-01-19
Moderate Depression,high,daas520,patient73,520,2022-01-01
Moderate Depression,high,daas521,patient96,521,2022-01-02
Moderate Depression,high,daas522,patient91,522,2022-01-28
Moderate Depression,high,daas523,patient51,523,2022-01-22
Moderate Depression,high,daas524,patient79,524,2022-02-10
Moderate Depression,high,daas525,patient54,525,2022-01-22
Moderate Depression,high,daas526,patient99,526,2022-02-21
Moderate Depression,high,daas527,patient84,527,2022-02-19
Moderate Depression,high,daas528,patient53,528,2022-01-23
Moderate Depression,high,daas529,patient99,529,2022-01-03
Moderate Depression,high,daas530,patient66,530,2022-02-11
Moderate Depression,high,daas531,patient72,531,2022-01-25
Moderate Depression,high,daas532,patient87,532,2022-01-02
Moderate Depression,high,daas533,patient51,533,2022-01-15
Moderate Depression,high,daas534,patient65,534,2022-02-24
Moderate Depression,high,daas535,patient87,535,2022-01-22
Moderate Depression,high,daas536,patient96,536,2022-01-12
Moderate Depression,high,daas537,patient58,537,2022-01-12
Moderate Depression,high,daas538,patient94,538,2022-01-29
Moderate Depression,high,daas539,patient55,539,2022-01-01
Moderate Depression,high,daas540,patient98,540,2022-01-18
Moderate Depression,high,daas541,patient61,541,2022-01-17
Moderate Depression,high,daas542,patient96,542,2022-02-19
Moderate Depression,high,daas543,patient86,543,2022-02-21
Moderate Depression,high,daas544,patient85,544,2022-01-28
Moderate Depression,high,daas545,patient98,545,2022-01-22
Moderate Depression,high,daas546,patient64,546,2022-02-12
Moderate Depression,high,daas547,patient83,547,2022-01-10
Moderate Depression,high,daas548,patient78,548,2022-02-02
Moderate Depression,high,daas549,patient59,549,2022-03-01
Moderate Depression,high,daas550,patient56,550,2022-01-01
Moderate Depression,high,daas551,patient83,551,2022-02-14
Moderate Depression,high,daas552,patient67,552,2022-02-13
Moderate Depression,high,daas553,patient78,553,2022-01-29
Moderate Depression,high,daas554,patient68,554,2022-02-17
Moderate Depression,high,daas555,patient57,555,2022-01-16
Moderate Depression,high,daas556,patient70,556,2022-01-09
Moderate Depression,high,daas557,patient65,557,2022-02-01
Moderate Depression,high,daas558,patient59,558,2022-02-27
Moderate Depression,high,daas559,patient87,559,2022-02-14
Moderate Depression,high,daas560,patient79,560,2022-01-15
Moderate Depression,high,daas561,patient79,561,2022-01-21
Moderate Depression,high,daas562,patient71,562,2022-02-05
Moderate Depression,high,daas563,patient61,563,2022-02-17
Moderate Depression,high,daas564,patient78,564,2022-02-17
Moderate Depression,high,daas565,patient63,565,2022-01-23
Moderate Depression,high,daas566,patient63,566,2022-01-23
Moderate Depression,high,daas567,patient74,567,2022-01-16
Moderate Depression,high,daas568,patient88,568,2022-01-19
Moderate Depression,high,daas569,patient66,569,2022-02-16
Moderate Depression,high,daas570,patient80,570,2022-01-08
Mixed,high,daas571,patient120,571,2022-02-09
Mixed,high,daas572,patient138,572,2022-02-21
Mixed,high,daas573,patient145,573,2022-02-02
Mixed,high,daas574,patient146,574,2022-01-22
Mixed,high,daas575,patient135,575,2022-02-14
Mixed,high,daas576,patient108,576,2022-02-04
Mixed,high,daas577,patient123,577,2022-02-19
Mixed,high,daas578,patient144,578,2022-01-12
Mixed,high,daas579,patient132,579,2022-03-01
Mixed,high,daas580,patient142,580,2022-02-07
Mixed,high,daas581,patient142,581,2022-02-04
Mixed,high,daas582,patient149,582,2022-02-26
Mixed,high,daas583,patient106,583,2022-01-20
Mixed,high,daas584,patient115,584,2022-01-15
Mixed,high,daas585,patient119,585,2022-02-02
Mixed,high,daas586,patient123,586,2022-02-14
Mixed,high,daas587,patient121,587,2022-01-26
Mixed,high,daas588,patient118,588,2022-02-11
Mixed,high,daas589,patient135,589,2022-01-18
Mixed,high,daas590,patient144,590,2022-01-11
Mixed,high,daas591,patient119,591,2022-01-25
Mixed,high,daas592,patient114,592,2022-01-06
Mixed,high,daas593,patient117,593,2022-01-30
Mixed,high,daas594,patient146,594,2022-01-09
Mixed,high,daas595,patient119,595,2022-01-08
Mixed,high,daas596,patient131,596,2022-01-25
Mixed,high,daas597,patient104,597,2022-01-20
Mixed,high,daas598,patient135,598,2022-01-26
Mixed,high,daas599,patient113,599,2022-01-06
Mixed,high,daas600,patient108,600,2022-01-17
Mixed,high,daas601,patient116,601,2022-02-27
Mixed,high,daas602,patient120,602,2022-01-17
Mixed,high,daas603,patient101,603,2022-03-01
Mixed,high,daas604,patient106,604,2022-02-06
Mixed,high,daas605,patient103,605,2022-02-23
Mixed,high,daas606,patient116,606,2022-02-16
Mixed,high,daas607,patient148,607,2022-02-06
Mixed,high,daas608,patient130,608,2022-02-21
Mixed,high,daas609,patient109,609,2022-01-31
Mixed,high,daas610,patient122,610,2022-01-12
Mixed,high,daas611,patient104,611,2022-01-04
Mixed,high,daas612,patient107,612,2022-02-06
Mixed,high,daas613,patient117,613,2022-01-07
Mixed,high,daas614,patient135,614,2022-02-09
Mixed,high,daas615,patient101,615,2022-01-04
Mixed,high,daas616,patient123,616,2022-02-12
Mixed,high,daas617,patient119,617,2022-01-31
Mixed,high,daas618,patient120,618,2022-01-05
Mixed,high,daas619,patient128,619,2022-02-09
Mixed,high,daas620,patient140,620,2022-01-12
Mixed,high,daas621,patient111,621,2022-01-05
Mixed,high,daas622,patient149,622,2022-02-27
Mixed,high,daas623,patient115,623,2022-01-19
Mixed,high,daas624,patient112,624,2022-01-28
Mixed,high,daas625,patient129,625,2022-02-05
Mixed,high,daas626,patient131,626,2022-01-14
Mixed,high,daas627,patient125,627,2022-01-14
Mixed,high,daas628,patient101,628,2022-02-03
Mixed,high,daas629,patient133,629,2022-01-30
Mixed,high,daas630,patient104,630,2022-01-26
Anxious,high,daas631,patient183,631,2022-02-06
Anxious,high,daas632,patient158,632,2022-01-10
Anxious,high,daas633,patient191,633,2022-01-17
Anxious,high,daas634,patient184,634,2022-02-11
Anxious,high,daas635,patient153,635,2022-02-11
Anxious,high,daas636,patient154,636,2022-02-21
Anxious,high,daas637,patient185,637,2022-01-10
Anxious,high,daas638,patient191,638,2022-03-01
Anxious,high,daas639,patient189,639,2022-02-03
Anxious,high,daas640,patient185,640,2022-01-14
Anxious,high,daas641,patient194,641,2022-01-12
Anxious,high,daas642,patient173,642,2022-02-11
Anxious,high,daas643,patient170,643,2022-02-06
Anxious,high,daas644,patient187,644,2022-02-28
Anxious,high,daas645,patient175,645,2022-01-16
Anxious,high,daas646,patient188,646,2022-01-17
Anxious,high,daas647,patient199,647,2022-01-10
Anxious,high,daas648,patient180,648,2022-02-12
Anxious,high,daas649,patient169,649,2022-02-04
Anxious,high,daas650,patient192,650,2022-02-21
Anxious,high,daas651,patient175,651,2022-02-17
Anxious,high,daas652,patient154,652,2022-01-04
Anxious,high,daas653,patient154,653,2022-02-16
Anxious,high,daas654,patient183,654,2022-02-13
Anxious,high,daas655,patient197,655,2022-01-20
Anxious,high,daas656,patient185,656,2022-02-21
Anxious,high,daas657,patient172,657,2022-01-11
Anxious,high,daas658,patient161,658,2022-02-26
Anxious,high,daas659,patient195,659,2022-01-02
Anxious,high,daas660,patient181,660,2022-01-25
Anxious,high,daas661,patient167,661,2022-02-06
Anxious,high,daas662,patient180,662,2022-02-10
Anxious,high,daas663,patient196,663,2022-01-09
Anxious,high,daas664,patient166,664,2022-02-13
Anxious,high,daas665,patient153,665,2022-01-24
Anxious,high,daas666,patient161,666,2022-02-09
Anxious,high,daas667,patient196,667,2022-02-27
Anxious,high,daas668,patient172,668,2022-02-27
Anxious,high,daas669,patient200,669,2022-01-17
Anxious,high,daas670,patient182,670,2022-02-04
Severely Anxious,high,daas671,patient229,671,2022-01-26
Severely Anxious,high,daas672,patient229,672,2022-01-08
Severely Anxious,high,daas673,patient232,673,2022-02-07
Severely Anxious,high,daas674,patient210,674,2022-02-13
Severely Anxious,high,daas675,patient247,675,2022-01-25
Severely Anxious,high,daas676,patient246,676,2022-02-04
Severely Anxious,high,daas677,patient233,677,2022-01-08
Severely Anxious,high,daas678,patient227,678,2022-01-16
Severely Anxious,high,daas679,patient237,679,2022-02-07
Severely Anxious,high,daas680,patient227,680,2022-01-06
Severely Anxious,high,daas681,patient248,681,2022-01-03
Severely Anxious,high,daas682,patient228,682,2022-01-11
Severely Anxious,high,daas683,patient240,683,2022-02-08
Severely Anxious,high,daas684,patient248,684,2022-02-17
Severely Anxious,high,daas685,patient239,685,2022-02-17
Severely Anxious,high,daas686,patient232,686,2022-02-06
Severely Anxious,high,daas687,patient230,687,2022-01-15
Severely Anxious,high,daas688,patient223,688,2022-01-06
Severely Anxious,high,daas689,patient203,689,2022-01-08
Severely Anxious,high,daas690,patient247,690,2022-02-10
Severely Anxious,high,daas691,patient211,691,2022-01-19
Severely Anxious,high,daas692,patient219,692,2022-02-07
Severely Anxious,high,daas693,patient236,693,2022-02-17
Severely Anxious,high,daas694,patient208,694,2022-01-28
Severely Anxious,high,daas695,patient213,695,2022-02-20
Severely Anxious,high,daas696,patient239,696,2022-01-03
Severely Anxious,high,daas697,patient221,697,2022-02-19
Severely Anxious,high,daas698,patient233,698,2022-01-18
Severely Anxious,high,daas699,patient207,699,2022-01-19
Severely Anxious,high,daas700,patient243,700,2022-02-15
Severely Anxious,high,daas701,patient245,701,2022-02-26
Severely Anxious,high,daas702,patient220,702,2022-01-19
Severely Anxious,high,daas703,patient223,703,2022-02-16
Severely Anxious,high,daas704,patient243,704,2022-01-22
Severely Anxious,high,daas705,patient223,705,2022-01-11
Severely Anxious,high,daas706,patient202,706,2022-01-03
Severely Anxious,high,daas707,patient205,707,2022-01-21
Severely Anxious,high,daas708,patient246,708,2022-01-12
Severely Anxious,high,daas709,patient232,709,2022-02-19
Severely Anxious,high,daas710,patient244,710,2022-01-09
Severely Anxious,high,daas711,patient201,711,2022-01-10
Severely Anxious,high,daas712,patient205,712,2022-01-23
Severely Anxious,high,daas713,patient219,713,2022-02-13
Severely Anxious,high,daas714,patient233,714,2022-01-03
Severely Anxious,high,daas715,patient250,715,2022-01-20
Severely Anxious,high,daas716,patient219,716,2022-02-23
Severely Anxious,high,daas717,patient218,717,2022-01-23
Severely Anxious,high,daas718,patient237,718,2022-02-09
Severely Anxious,high,daas719,patient219,719,2022-01-18
Severely Anxious,high,daas720,patient219,720,2022-02-18
Severely Anxious,high,daas721,patient243,721,2022-01-02
Severely Anxious,high,daas722,patient222,722,2022-01-18
Severely Anxious,high,daas723,patient210,723,2022-02-24
Severely Anxious,high,daas724,patient239,724,2022-02-01
Severely Anxious,high,daas725,patient217,725,2022-02-05
Severely Anxious,high,daas726,patient239,726,2022-02-06
Severely Anxious,high,daas727,patient211,727,2022-01-10
Severely Anxious,high,daas728,patient236,728,2022-01-24
Severely Anxious,high,daas729,patient247,729,2022-01-07
Severely Anxious,high,daas730,patient209,730,2022-01-06
Severely Anxious,high,daas731,patient227,731,2022-01-21
Severely Anxious,high,daas732,patient212,732,2022-01-02
Severely Anxious,high,daas733,patient244,733,2022-02-11
Severely Anxious,high,daas734,patient217,734,2022-02-20
Severely Anxious,high,daas735,patient247,735,2022-01-18
Severely Anxious,high,daas736,patient234,736,2022-01-24
Severely Anxious,high,daas737,patient218,737,2022-02-13
Severely Anxious,high,daas738,patient202,738,2022-01-01
Severely Anxious,high,daas739,patient238,739,2022-02-27
Severely Anxious,high,daas740,patient245,740,2022-01-21
Severely Anxious,high,daas741,patient241,741,2022-01-15
Severely Anxious,high,daas742,patient204,742,2022-02-08
Severely Anxious,high,daas743,patient231,743,2022-01-11
Severely Anxious,high,daas744,patient202,744,2022-01-08
Severely Anxious,high,daas745,patient201,745,2022-02-09
Severely Anxious,high,daas746,patient248,746,2022-02-11
Severely Anxious,high,daas747,patient225,747,2022-02-15
Severely Anxious,high,daas748,patient215,748,2022-01-05
Severely Anxious,high,daas749,patient240,749,2022-01-20
Severely Anxious,high,daas750,patient233,750,2022-01-11
Severely Anxious,high,daas751,patient235,751,2022-01-12
Severely Anxious,high,daas752,patient219,752,2022-01-22
Severely Anxious,high,daas753,patient212,753,2022-02-05
Severely Anxious,high,daas754,patient204,754,2022-02-12
Severely Anxious,high,daas755,patient239,755,2022-02-24
Severely Anxious,high,daas756,patient231,756,2022-02-09
Severely Anxious,high,daas757,patient215,757,2022-01-29
Severely Anxious,high,daas758,patient207,758,2022-01-03
Severely Anxious,high,daas759,patient221,759,2022-02-09
Severely Anxious,high,daas760,patient202,760,2022-01-20
Severely Anxious,high,daas761,patient219,761,2022-01-04
Severely Anxious,high,daas762,patient229,762,2022-02-18
Severely Anxious,high,daas763,patient227,763,2022-02-28
Severely Anxious,high,daas764,patient208,764,2022-01-16
Severely Anxious,high,daas765,patient202,765,2022-02-27
Severely Anxious,high,daas766,patient228,766,2022-02-14
Severely Anxious,high,daas767,patient250,767,2022-01-17
Severely Anxious,high,daas768,patient221,768,2022-02-10
Severely Anxious,high,daas769,patient229,769,2022-02-16
Severely Anxious,high,daas770,patient234,770,2022-02-17