person_type,diagnosis_id,session_id,person_id,idx,date
Severe Depression,Depression,session1,patient45,1,2022-02-27
Severe Depression,Depression,session2,patient20,2,2022-01-02
Severe Depression,Depression,session3,patient49,3,2022-03-20
Severe Depression,Depression,session4,patient2,4,2022-01-09
Severe Depression,Depression,session5,patient31,5,2022-01-11
Severe Depression,Depression,session6,patient25,6,2022-02-18
Severe Depression,Depression,session7,patient50,7,2022-01-24
Severe Depression,Depression,session8,patient15,8,2022-01-13
Severe Depression,Depression,session9,patient36,9,2022-02-20
Severe Depression,Depression,session10,patient25,10,2022-01-08
Severe Depression,Depression,session11,patient39,11,2022-03-21
Severe Depression,Depression,session12,patient35,12,2022-01-16
Severe Depression,Depression,session13,patient36,13,2022-01-21
Severe Depression,Depression,session14,patient45,14,2022-03-03
Severe Depression,Depression,session15,patient23,15,2022-01-03
Severe Depression,Depression,session16,patient28,16,2022-01-20
Severe Depression,Depression,session17,patient14,17,2022-03-02
Severe Depression,Depression,session18,patient5,18,2022-03-21
Severe Depression,Depression,session19,patient35,19,2022-03-06
Severe Depression,Depression,session20,patient23,20,2022-02-24
Severe Depression,Depression,session21,patient3,21,2022-03-09
Severe Depression,Depression,session22,patient1,22,2022-01-03
Severe Depression,Depression,session23,patient19,23,2022-03-08
Severe Depression,Depression,session24,patient25,24,2022-02-26
Severe Depression,Depression,session25,patient1,25,2022-03-31
Severe Depression,Depression,session26,patient14,26,2022-02-12
Severe Depression,Depression,session27,patient26,27,2022-01-20
Severe Depression,Depression,session28,patient38,28,2022-01-29
Severe Depression,Depression,session29,patient31,29,2022-02-21
Severe Depression,Depression,session30,patient47,30,2022-01-23
Severe Depression,Depression,session31,patient29,31,2022-01-20
Severe Depression,Depression,session32,patient50,32,2022-03-10
Severe Depression,Depression,session33,patient35,33,2022-02-03
Severe Depression,Depression,session34,patient41,34,2022-01-22
Severe Depression,Depression,session35,patient46,35,2022-03-10
Severe Depression,Depression,session36,patient50,36,2022-02-27
Severe Depression,Depression,session37,patient9,37,2022-01-15
Severe Depression,Depression,session38,patient43,38,2022-03-29
Severe Depression,Depression,session39,patient25,39,2022-02-22
Severe Depression,Depression,session40,patient26,40,2022-01-07
Severe Depression,Depression,session41,patient28,41,2022-02-27
Severe Depression,Depression,session42,patient34,42,2022-02-27
Severe Depression,Depression,session43,patient28,43,2022-02-18
Severe Depression,Depression,session44,patient12,44,2022-01-20
Severe Depression,Depression,session45,patient33,45,2022-02-24
Severe Depression,Depression,session46,patient22,46,2022-01-05
Severe Depression,Depression,session47,patient31,47,2022-03-25
Severe Depression,Depression,session48,patient43,48,2022-03-24
Severe Depression,Depression,session49,patient34,49,2022-02-20
Severe Depression,Depression,session50,patient20,50,2022-03-21
Severe Depression,Depression,session51,patient35,51,2022-01-29
Severe Depression,Depression,session52,patient7,52,2022-02-25
Severe Depression,Depression,session53,patient29,53,2022-01-06
Severe Depression,Depression,session54,patient31,54,2022-01-22
Severe Depression,Depression,session55,patient41,55,2022-01-18
Severe Depression,Depression,session56,patient32,56,2022-03-21
Severe Depression,Depression,session57,patient42,57,2022-01-19
Severe Depression,Depression,session58,patient33,58,2022-01-03
Severe Depression,Depression,session59,patient13,59,2022-02-18
Severe Depression,Depression,session60,patient16,60,2022-03-10
Severe Depression,Depression,session61,patient36,61,2022-02-24
Severe Depression,Depression,session62,patient35,62,2022-01-24
Severe Depression,Depression,session63,patient7,63,2022-01-12
Severe Depression,Depression,session64,patient30,64,2022-03-15
Severe Depression,Depression,session65,patient29,65,2022-02-11
Severe Depression,Depression,session66,patient24,66,2022-02-10
Severe Depression,Depression,session67,patient8,67,2022-02-10
Severe Depression,Depression,session68,patient19,68,2022-02-18
Severe Depression,Depression,session69,patient16,69,2022-03-15
Severe Depression,Depression,session70,patient39,70,2022-02-11
Severe Depression,Depression,session71,patient31,71,2022-03-06
Severe Depression,Depression,session72,patient5,72,2022-03-09
Severe Depression,Depression,session73,patient22,73,2022-03-24
Severe Depression,Depression,session74,patient41,74,2022-03-19
Severe Depression,Depression,session75,patient11,75,2022-03-01
Severe Depression,Depression,session76,patient46,76,2022-02-10
Severe Depression,Depression,session77,patient20,77,2022-02-10
Severe Depression,Depression,session78,patient32,78,2022-01-24
Severe Depression,Depression,session79,patient2,79,2022-02-25
Severe Depression,Depression,session80,patient25,80,2022-01-10
Moderate Depression,Depression,session81,patient72,81,2022-02-11
Moderate Depression,Depression,session82,patient60,82,2022-03-13
Moderate Depression,Depression,session83,patient57,83,2022-01-03
Moderate Depression,Depression,session84,patient84,84,2022-02-20
Moderate Depression,Depression,session85,patient91,85,2022-03-15
Moderate Depression,Depression,session86,patient59,86,2022-01-19
Moderate Depression,Depression,session87,patient82,87,2022-02-22
Moderate Depression,Depression,session88,patient70,88,2022-03-05
Moderate Depression,Depression,session89,patient73,89,2022-01-07
Moderate Depression,Depression,session90,patient63,90,2022-03-03
Moderate Depression,Depression,session91,patient62,91,2022-01-26
Moderate Depression,Depression,session92,patient67,92,2022-02-11
Moderate Depression,Depression,session93,patient74,93,2022-01-23
Moderate Depression,Depression,session94,patient81,94,2022-01-15
Moderate Depression,Depression,session95,patient69,95,2022-01-07
Moderate Depression,Depression,session96,patient77,96,2022-03-08
Moderate Depression,Depression,session97,patient92,97,2022-02-21
Moderate Depression,Depression,session98,patient90,98,2022-03-26
Moderate Depression,Depression,session99,patient99,99,2022-02-03
Moderate Depression,Depression,session100,patient87,100,2022-02-10
Moderate Depression,Depression,session101,patient73,101,2022-01-28
Moderate Depression,Depression,session102,patient54,102,2022-03-08
Moderate Depression,Depression,session103,patient92,103,2022-03-11
Moderate Depression,Depression,session104,patient65,104,2022-02-07
Moderate Depression,Depression,session105,patient70,105,2022-02-23
Moderate Depression,Depression,session106,patient92,106,2022-03-15
Moderate Depression,Depression,session107,patient81,107,2022-02-14
Moderate Depression,Depression,session108,patient88,108,2022-01-22
Moderate Depression,Depression,session109,patient64,109,2022-01-19
Moderate Depression,Depression,session110,patient74,110,2022-02-18
Moderate Depression,Depression,session111,patient77,111,2022-01-09
Moderate Depression,Depression,session112,patient94,112,2022-02-09
Moderate Depression,Depression,session113,patient57,113,2022-01-03
Moderate Depression,Depression,session114,patient100,114,2022-01-25
Moderate Depression,Depression,session115,patient60,115,2022-02-11
Moderate Depression,Depression,session116,patient81,116,2022-01-08
Moderate Depression,Depression,session117,patient68,117,2022-02-27
Moderate Depression,Depression,session118,patient78,118,2022-02-23
Moderate Depression,Depression,session119,patient77,119,2022-01-21
Moderate Depression,Depression,session120,patient78,120,2022-02-27
Moderate Depression,Depression,session121,patient78,121,2022-01-07
Moderate Depression,Depression,session122,patient51,122,2022-03-06
Moderate Depression,Depression,session123,patient96,123,2022-02-07
Moderate Depression,Depression,session124,patient85,124,2022-01-01
Moderate Depression,Depression,session125,patient73,125,2022-03-03
Moderate Depression,Depression,session126,patient90,126,2022-03-17
Moderate Depression,Depression,session127,patient52,127,2022-01-30
Moderate Depression,Depression,session128,patient85,128,2022-03-11
Moderate Depression,Depression,session129,patient98,129,2022-01-10
Moderate Depression,Depression,session130,patient61,130,2022-02-13
Moderate Depression,Depression,session131,patient79,131,2022-03-08
Moderate Depression,Depression,session132,patient61,132,2022-01-15
Moderate Depression,Depression,session133,patient87,133,2022-02-28
Moderate Depression,Depression,session134,patient67,134,2022-01-22
Moderate Depression,Depression,session135,patient73,135,2022-03-08
Moderate Depression,Depression,session136,patient68,136,2022-03-11
Moderate Depression,Depression,session137,patient99,137,2022-03-09
Moderate Depression,Depression,session138,patient62,138,2022-01-09
Moderate Depression,Depression,session139,patient91,139,2022-01-17
Moderate Depression,Depression,session140,patient56,140,2022-03-18
Mixed,Depressoin,session141,patient129,141,2022-01-07
Mixed,Depressoin,session142,patient106,142,2022-02-25
Mixed,Depressoin,session143,patient130,143,2022-01-01
Mixed,Depressoin,session144,patient136,144,2022-03-12
Mixed,Depressoin,session145,patient102,145,2022-01-06
Mixed,Depressoin,session146,patient125,146,2022-03-26
Mixed,Depressoin,session147,patient146,147,2022-03-02
Mixed,Depressoin,session148,patient106,148,2022-03-08
Mixed,Depressoin,session149,patient122,149,2022-01-07
Mixed,Depressoin,session150,patient101,150,2022-01-08
Mixed,Depressoin,session151,patient123,151,2022-03-15
Mixed,Depressoin,session152,patient131,152,2022-01-28
Mixed,Depressoin,session153,patient147,153,2022-03-24
Mixed,Depressoin,session154,patient149,154,2022-01-20
Mixed,Depressoin,session155,patient128,155,2022-01-21
Mixed,Depressoin,session156,patient132,156,2022-01-03
Mixed,Depressoin,session157,patient111,157,2022-02-08
Mixed,Depressoin,session158,patient131,158,2022-03-12
Mixed,Depressoin,session159,patient138,159,2022-02-17
Mixed,Depressoin,session160,patient148,160,2022-02-07
Mixed,Depressoin,session161,patient105,161,2022-02-22
Mixed,Depressoin,session162,patient120,162,2022-02-01
Mixed,Depressoin,session163,patient112,163,2022-02-21
Mixed,Depressoin,session164,patient118,164,2022-03-14
Mixed,Depressoin,session165,patient107,165,2022-01-16
Mixed,Depressoin,session166,patient143,166,2022-01-29
Mixed,Depressoin,session167,patient144,167,2022-02-08
Mixed,Depressoin,session168,patient140,168,2022-01-24
Mixed,Depressoin,session169,patient143,169,2022-02-05
Mixed,Depressoin,session170,patient102,170,2022-02-18
Anxious,Depression,session171,patient177,171,2022-01-28
Anxious,Depression,session172,patient172,172,2022-01-29
Anxious,Depression,session173,patient194,173,2022-02-18
Anxious,Depression,session174,patient186,174,2022-02-04
Anxious,Depression,session175,patient199,175,2022-03-21
Anxious,Depression,session176,patient163,176,2022-03-08
Anxious,Depression,session177,patient166,177,2022-03-26
Anxious,Depression,session178,patient171,178,2022-02-23
Anxious,Depression,session179,patient192,179,2022-03-27
Anxious,Depression,session180,patient173,180,2022-03-30
Anxious,Depression,session181,patient182,181,2022-01-11
Anxious,Depression,session182,patient189,182,2022-03-27
Anxious,Depression,session183,patient183,183,2022-01-28
Anxious,Depression,session184,patient188,184,2022-03-28
Anxious,Depression,session185,patient196,185,2022-03-12
Anxious,Depression,session186,patient193,186,2022-03-30
Anxious,Depression,session187,patient164,187,2022-03-06
Anxious,Depression,session188,patient154,188,2022-03-28
Anxious,Depression,session189,patient165,189,2022-01-23
Anxious,Depression,session190,patient155,190,2022-03-20
Anxious,Depression,session191,patient158,191,2022-01-27
Anxious,Depression,session192,patient151,192,2022-03-25
Anxious,Depression,session193,patient187,193,2022-01-04
Anxious,Depression,session194,patient179,194,2022-01-26
Anxious,Depression,session195,patient180,195,2022-03-01
Anxious,Depression,session196,patient172,196,2022-01-07
Anxious,Depression,session197,patient192,197,2022-03-18
Anxious,Depression,session198,patient200,198,2022-03-07
Anxious,Depression,session199,patient158,199,2022-03-10
Anxious,Depression,session200,patient200,200,2022-03-03
Anxious,Depression,session201,patient197,201,2022-03-09
Anxious,Depression,session202,patient194,202,2022-01-08
Anxious,Depression,session203,patient191,203,2022-02-04
Anxious,Depression,session204,patient163,204,2022-01-31
Anxious,Depression,session205,patient186,205,2022-01-06
Anxious,Depression,session206,patient180,206,2022-03-15
Anxious,Depression,session207,patient178,207,2022-03-14
Anxious,Depression,session208,patient184,208,2022-02-13
Anxious,Depression,session209,patient162,209,2022-01-21
Anxious,Depression,session210,patient172,210,2022-02-18
Anxious,Depression,session211,patient159,211,2022-03-09
Anxious,Depression,session212,patient199,212,2022-03-30
Anxious,Depression,session213,patient193,213,2022-02-03
Anxious,Depression,session214,patient198,214,2022-03-18
Anxious,Depression,session215,patient186,215,2022-01-25
Anxious,Depression,session216,patient153,216,2022-01-16
Anxious,Depression,session217,patient151,217,2022-01-04
Anxious,Depression,session218,patient195,218,2022-01-12
Anxious,Depression,session219,patient165,219,2022-01-31
Anxious,Depression,session220,patient163,220,2022-03-14
Anxious,Depression,session221,patient174,221,2022-01-02
Anxious,Depression,session222,patient182,222,2022-03-11
Anxious,Depression,session223,patient168,223,2022-03-17
Anxious,Depression,session224,patient171,224,2022-02-15
Anxious,Depression,session225,patient179,225,2022-02-09
Anxious,Depression,session226,patient162,226,2022-02-17
Anxious,Depression,session227,patient173,227,2022-03-31
Anxious,Depression,session228,patient191,228,2022-02-21
Anxious,Depression,session229,patient190,229,2022-02-17
Anxious,Depression,session230,patient186,230,2022-03-03
Severely Anxious,Depression,session231,patient242,231,2022-01-16
Severely Anxious,Depression,session232,patient207,232,2022-02-11
Severely Anxious,Depression,session233,patient227,233,2022-03-21
Severely Anxious,Depression,session234,patient229,234,2022-02-02
Severely Anxious,Depression,session235,patient201,235,2022-01-03
Severely Anxious,Depression,session236,patient225,236,2022-01-24
Severely Anxious,Depression,session237,patient226,237,2022-01-26
Severely Anxious,Depression,session238,patient226,238,2022-01-10
Severely Anxious,Depression,session239,patient221,239,2022-01-23
Severely Anxious,Depression,session240,patient236,240,2022-01-10
Severely Anxious,Depression,session241,patient239,241,2022-02-22
Severely Anxious,Depression,session242,patient226,242,2022-01-02
Severely Anxious,Depression,session243,patient248,243,2022-02-10
Severely Anxious,Depression,session244,patient203,244,2022-03-23
Severely Anxious,Depression,session245,patient229,245,2022-03-11
Severely Anxious,Depression,session246,patient239,246,2022-01-26
Severely Anxious,Depression,session247,patient205,247,2022-01-03
Severely Anxious,Depression,session248,patient202,248,2022-03-10
Severely Anxious,Depression,session249,patient239,249,2022-02-08
Severely Anxious,Depression,session250,patient244,250,2022-03-31
Severely Anxious,Depression,session251,patient232,251,2022-01-05
Severely Anxious,Depression,session252,patient234,252,2022-02-13
Severely Anxious,Depression,session253,patient217,253,2022-02-23
Severely Anxious,Depression,session254,patient202,254,2022-03-07
Severely Anxious,Depression,session255,patient238,255,2022-02-21
Severely Anxious,Depression,session256,patient245,256,2022-03-09
Severely Anxious,Depression,session257,patient239,257,2022-03-22
Severely Anxious,Depression,session258,patient245,258,2022-03-12
Severely Anxious,Depression,session259,patient224,259,2022-01-29
Severely Anxious,Depression,session260,patient236,260,2022-03-14
Severely Anxious,Depression,session261,patient229,261,2022-03-01
Severely Anxious,Depression,session262,patient217,262,2022-01-17
Severely Anxious,Depression,session263,patient246,263,2022-02-21
Severely Anxious,Depression,session264,patient213,264,2022-01-19
Severely Anxious,Depression,session265,patient247,265,2022-03-07
Severely Anxious,Depression,session266,patient237,266,2022-01-10
Severely Anxious,Depression,session267,patient250,267,2022-02-03
Severely Anxious,Depression,session268,patient201,268,2022-01-11
Severely Anxious,Depression,session269,patient236,269,2022-01-01
Severely Anxious,Depression,session270,patient216,270,2022-01-07
Severely Anxious,Depression,session271,patient213,271,2022-03-20
Severely Anxious,Depression,session272,patient235,272,2022-03-01
Severely Anxious,Depression,session273,patient219,273,2022-01-20
Severely Anxious,Depression,session274,patient215,274,2022-01-08
Severely Anxious,Depression,session275,patient230,275,2022-03-31
Severely Anxious,Depression,session276,patient223,276,2022-02-10
Severely Anxious,Depression,session277,patient212,277,2022-02-03
Severely Anxious,Depression,session278,patient245,278,2022-03-21
Severely Anxious,Depression,session279,patient237,279,2022-02-03
Severely Anxious,Depression,session280,patient218,280,2022-02-04
Severely Anxious,Depression,session281,patient244,281,2022-02-02
Severely Anxious,Depression,session282,patient225,282,2022-01-23
Severely Anxious,Depression,session283,patient245,283,2022-02-11
Severely Anxious,Depression,session284,patient209,284,2022-02-19
Severely Anxious,Depression,session285,patient201,285,2022-02-15
Severely Anxious,Depression,session286,patient233,286,2022-02-24
Severely Anxious,Depression,session287,patient250,287,2022-03-03
Severely Anxious,Depression,session288,patient245,288,2022-03-07
Severely Anxious,Depression,session289,patient220,289,2022-02-07
Severely Anxious,Depression,session290,patient217,290,2022-03-01
Severe Depression,None,session291,patient24,291,2022-02-01
Severe Depression,None,session292,patient9,292,2022-03-20
Severe Depression,None,session293,patient22,293,2022-02-11
Severe Depression,None,session294,patient27,294,2022-03-31
Severe Depression,None,session295,patient12,295,2022-02-07
Moderate Depression,None,session296,patient81,296,2022-01-10
Moderate Depression,None,session297,patient55,297,2022-02-05
Moderate Depression,None,session298,patient88,298,2022-03-06
Moderate Depression,None,session299,patient79,299,2022-02-16
Moderate Depression,None,session300,patient64,300,2022-01-29
Moderate Depression,None,session301,patient59,301,2022-01-18
Moderate Depression,None,session302,patient88,302,2022-03-20
Moderate Depression,None,session303,patient96,303,2022-03-10
Moderate Depression,None,session304,patient84,304,2022-01-07
Moderate Depression,None,session305,patient56,305,2022-02-22
Moderate Depression,None,session306,patient52,306,2022-02-21
Moderate Depression,None,session307,patient81,307,2022-03-15
Moderate Depression,None,session308,patient51,308,2022-01-17
Moderate Depression,None,session309,patient100,309,2022-03-29
Moderate Depression,None,session310,patient58,310,2022-03-09
Moderate Depression,None,session311,patient98,311,2022-01-05
Moderate Depression,None,session312,patient91,312,2022-03-30
Moderate Depression,None,session313,patient77,313,2022-02-20
Moderate Depression,None,session314,patient95,314,2022-01-27
Moderate Depression,None,session315,patient63,315,2022-03-09
Mixed,None,session316,patient122,316,2022-02-13
Mixed,None,session317,patient114,317,2022-03-04
Mixed,None,session318,patient147,318,2022-02-27
Mixed,None,session319,patient106,319,2022-01-26
Mixed,None,session320,patient119,320,2022-02-06
Mixed,None,session321,patient102,321,2022-03-13
Mixed,None,session322,patient146,322,2022-02-14
Mixed,None,session323,patient138,323,2022-03-06
Mixed,None,session324,patient111,324,2022-01-28
Mixed,None,session325,patient137,325,2022-03-20
Mixed,None,session326,patient137,326,2022-03-19
Mixed,None,session327,patient147,327,2022-01-14
Mixed,None,session328,patient119,328,2022-03-26
Mixed,None,session329,patient131,329,2022-03-25
Mixed,None,session330,patient149,330,2022-02-07
Mixed,None,session331,patient110,331,2022-02-18
Mixed,None,session332,patient126,332,2022-01-07
Mixed,None,session333,patient143,333,2022-02-09
Mixed,None,session334,patient132,334,2022-01-21
Mixed,None,session335,patient117,335,2022-01-25
Mixed,None,session336,patient141,336,2022-02-11
Mixed,None,session337,patient145,337,2022-01-03
Mixed,None,session338,patient119,338,2022-01-21
Mixed,None,session339,patient137,339,2022-03-29
Mixed,None,session340,patient117,340,2022-01-15
Mixed,None,session341,patient139,341,2022-02-16
Mixed,None,session342,patient122,342,2022-02-09
Mixed,None,session343,patient135,343,2022-03-19
Mixed,None,session344,patient131,344,2022-02-22
Mixed,None,session345,patient104,345,2022-03-03
Mixed,None,session346,patient122,346,2022-02-28
Mixed,None,session347,patient146,347,2022-02-22
Mixed,None,session348,patient124,348,2022-01-04
Mixed,None,session349,patient137,349,2022-01-13
Mixed,None,session350,patient105,350,2022-03-04
Mixed,None,session351,patient109,351,2022-02-01
Mixed,None,session352,patient145,352,2022-03-31
Mixed,None,session353,patient141,353,2022-03-01
Mixed,None,session354,patient113,354,2022-03-12
Mixed,None,session355,patient136,355,2022-01-12
Mixed,None,session356,patient116,356,2022-02-22
Mixed,None,session357,patient122,357,2022-01-04
Mixed,None,session358,patient129,358,2022-02-16
Mixed,None,session359,patient116,359,2022-01-26
Mixed,None,session360,patient119,360,2022-03-23
Mixed,None,session361,patient103,361,2022-02-12
Mixed,None,session362,patient105,362,2022-03-18
Mixed,None,session363,patient146,363,2022-03-06
Mixed,None,session364,patient142,364,2022-03-25
Mixed,None,session365,patient134,365,2022-01-14
Anxious,None,session366,patient156,366,2022-03-03
Anxious,None,session367,patient177,367,2022-03-09
Anxious,None,session368,patient154,368,2022-02-18
Anxious,None,session369,patient152,369,2022-02-28
Anxious,None,session370,patient192,370,2022-02-21
Anxious,None,session371,patient153,371,2022-02-19
Anxious,None,session372,patient197,372,2022-03-19
Anxious,None,session373,patient166,373,2022-03-03
Anxious,None,session374,patient189,374,2022-01-23
Anxious,None,session375,patient193,375,2022-01-23
Anxious,None,session376,patient189,376,2022-03-01
Anxious,None,session377,patient196,377,2022-02-05
Anxious,None,session378,patient194,378,2022-02-17
Anxious,None,session379,patient180,379,2022-03-30
Anxious,None,session380,patient185,380,2022-03-01
Anxious,None,session381,patient171,381,2022-02-01
Anxious,None,session382,patient156,382,2022-03-04
Anxious,None,session383,patient191,383,2022-01-05
Anxious,None,session384,patient193,384,2022-03-08
Anxious,None,session385,patient176,385,2022-02-15
Severely Anxious,None,session386,patient202,386,2022-02-05
Severely Anxious,None,session387,patient238,387,2022-03-30
Severely Anxious,None,session388,patient207,388,2022-03-14
Severely Anxious,None,session389,patient248,389,2022-01-23
Severely Anxious,None,session390,patient235,390,2022-01-02
Severe Depression,Anxiety,session391,patient42,391,2022-02-15
Severe Depression,Anxiety,session392,patient16,392,2022-01-03
Severe Depression,Anxiety,session393,patient20,393,2022-01-07
Severe Depression,Anxiety,session394,patient49,394,2022-03-31
Severe Depression,Anxiety,session395,patient30,395,2022-03-08
Severe Depression,Anxiety,session396,patient46,396,2022-02-20
Severe Depression,Anxiety,session397,patient34,397,2022-01-12
Severe Depression,Anxiety,session398,patient15,398,2022-03-08
Severe Depression,Anxiety,session399,patient7,399,2022-03-20
Severe Depression,Anxiety,session400,patient11,400,2022-02-11
Severe Depression,Anxiety,session401,patient8,401,2022-02-07
Severe Depression,Anxiety,session402,patient6,402,2022-01-31
Severe Depression,Anxiety,session403,patient28,403,2022-01-27
Severe Depression,Anxiety,session404,patient32,404,2022-03-05
Severe Depression,Anxiety,session405,patient38,405,2022-02-14
Severe Depression,Anxiety,session406,patient47,406,2022-01-19
Severe Depression,Anxiety,session407,patient2,407,2022-01-15
Severe Depression,Anxiety,session408,patient50,408,2022-02-03
Severe Depression,Anxiety,session409,patient27,409,2022-03-10
Severe Depression,Anxiety,session410,patient31,410,2022-02-25
Moderate Depression,Anxiety,session411,patient71,411,2022-02-20
Moderate Depression,Anxiety,session412,patient96,412,2022-02-20
Moderate Depression,Anxiety,session413,patient75,413,2022-01-17
Moderate Depression,Anxiety,session414,patient99,414,2022-03-20
Moderate Depression,Anxiety,session415,patient72,415,2022-02-28
Moderate Depression,Anxiety,session416,patient55,416,2022-02-13
Moderate Depression,Anxiety,session417,patient52,417,2022-03-05
Moderate Depression,Anxiety,session418,patient63,418,2022-02-12
Moderate Depression,Anxiety,session419,patient73,419,2022-03-22
Moderate Depression,Anxiety,session420,patient75,420,2022-03-08
Moderate Depression,Anxiety,session421,patient67,421,2022-02-08
Moderate Depression,Anxiety,session422,patient89,422,2022-01-23
Moderate Depression,Anxiety,session423,patient72,423,2022-02-23
Moderate Depression,Anxiety,session424,patient53,424,2022-01-24
Moderate Depression,Anxiety,session425,patient90,425,2022-01-22
Moderate Depression,Anxiety,session426,patient72,426,2022-03-01
Moderate Depression,Anxiety,session427,patient69,427,2022-01-04
Moderate Depression,Anxiety,session428,patient81,428,2022-01-24
Moderate Depression,Anxiety,session429,patient74,429,2022-03-17
Moderate Depression,Anxiety,session430,patient56,430,2022-01-09
Moderate Depression,Anxiety,session431,patient89,431,2022-01-14
Moderate Depression,Anxiety,session432,patient94,432,2022-03-20
Moderate Depression,Anxiety,session433,patient56,433,2022-01-01
Moderate Depression,Anxiety,session434,patient100,434,2022-02-26
Moderate Depression,Anxiety,session435,patient99,435,2022-03-21
Moderate Depression,Anxiety,session436,patient51,436,2022-03-14
Moderate Depression,Anxiety,session437,patient66,437,2022-02-26
Moderate Depression,Anxiety,session438,patient95,438,2022-02-06
Moderate Depression,Anxiety,session439,patient71,439,2022-02-08
Moderate Depression,Anxiety,session440,patient76,440,2022-03-22
Moderate Depression,Anxiety,session441,patient99,441,2022-01-12
Moderate Depression,Anxiety,session442,patient63,442,2022-03-20
Moderate Depression,Anxiety,session443,patient95,443,2022-03-11
Moderate Depression,Anxiety,session444,patient93,444,2022-03-01
Moderate Depression,Anxiety,session445,patient72,445,2022-01-18
Moderate Depression,Anxiety,session446,patient54,446,2022-01-24
Moderate Depression,Anxiety,session447,patient62,447,2022-01-13
Moderate Depression,Anxiety,session448,patient86,448,2022-01-15
Moderate Depression,Anxiety,session449,patient54,449,2022-03-28
Moderate Depression,Anxiety,session450,patient73,450,2022-01-20
Mixed,Anxiety,session451,patient145,451,2022-01-19
Mixed,Anxiety,session452,patient125,452,2022-01-20
Mixed,Anxiety,session453,patient125,453,2022-03-09
Mixed,Anxiety,session454,patient143,454,2022-01-24
Mixed,Anxiety,session455,patient103,455,2022-01-08
Mixed,Anxiety,session456,patient115,456,2022-03-21
Mixed,Anxiety,session457,patient127,457,2022-03-18
Mixed,Anxiety,session458,patient128,458,2022-02-09
Mixed,Anxiety,session459,patient113,459,2022-02-15
Mixed,Anxiety,session460,patient106,460,2022-01-26
Mixed,Anxiety,session461,patient144,461,2022-01-31
Mixed,Anxiety,session462,patient121,462,2022-02-28
Mixed,Anxiety,session463,patient106,463,2022-03-26
Mixed,Anxiety,session464,patient103,464,2022-01-26
Mixed,Anxiety,session465,patient123,465,2022-02-05
Mixed,Anxiety,session466,patient113,466,2022-01-07
Mixed,Anxiety,session467,patient134,467,2022-03-29
Mixed,Anxiety,session468,patient118,468,2022-02-07
Mixed,Anxiety,session469,patient116,469,2022-02-12
Mixed,Anxiety,session470,patient142,470,2022-03-16
Mixed,Anxiety,session471,patient144,471,2022-02-13
Mixed,Anxiety,session472,patient121,472,2022-02-28
Mixed,Anxiety,session473,patient121,473,2022-02-07
Mixed,Anxiety,session474,patient123,474,2022-02-20
Mixed,Anxiety,session475,patient119,475,2022-03-26
Mixed,Anxiety,session476,patient135,476,2022-01-30
Mixed,Anxiety,session477,patient104,477,2022-02-28
Mixed,Anxiety,session478,patient102,478,2022-03-04
Mixed,Anxiety,session479,patient141,479,2022-02-25
Mixed,Anxiety,session480,patient101,480,2022-01-03
Anxious,Anxiety,session481,patient154,481,2022-02-21
Anxious,Anxiety,session482,patient173,482,2022-02-16
Anxious,Anxiety,session483,patient167,483,2022-03-02
Anxious,Anxiety,session484,patient154,484,2022-03-19
Anxious,Anxiety,session485,patient194,485,2022-02-19
Anxious,Anxiety,session486,patient192,486,2022-03-24
Anxious,Anxiety,session487,patient173,487,2022-01-09
Anxious,Anxiety,session488,patient172,488,2022-03-18
Anxious,Anxiety,session489,patient169,489,2022-01-13
Anxious,Anxiety,session490,patient155,490,2022-03-22
Anxious,Anxiety,session491,patient163,491,2022-03-24
Anxious,Anxiety,session492,patient155,492,2022-02-11
Anxious,Anxiety,session493,patient188,493,2022-03-30
Anxious,Anxiety,session494,patient166,494,2022-03-30
Anxious,Anxiety,session495,patient195,495,2022-02-22
Anxious,Anxiety,session496,patient189,496,2022-01-21
Anxious,Anxiety,session497,patient191,497,2022-02-24
Anxious,Anxiety,session498,patient200,498,2022-03-04
Anxious,Anxiety,session499,patient153,499,2022-01-05
Anxious,Anxiety,session500,patient183,500,2022-01-27
Anxious,Anxiety,session501,patient163,501,2022-01-15
Anxious,Anxiety,session502,patient165,502,2022-01-15
Anxious,Anxiety,session503,patient178,503,2022-01-13
Anxious,Anxiety,session504,patient158,504,2022-01-22
Anxious,Anxiety,session505,patient200,505,2022-02-19
Anxious,Anxiety,session506,patient197,506,2022-02-01
Anxious,Anxiety,session507,patient175,507,2022-01-08
Anxious,Anxiety,session508,patient151,508,2022-02-15
Anxious,Anxiety,session509,patient170,509,2022-01-29
Anxious,Anxiety,session510,patient181,510,2022-03-24
Anxious,Anxiety,session511,patient195,511,2022-03-10
Anxious,Anxiety,session512,patient199,512,2022-01-23
Anxious,Anxiety,session513,patient171,513,2022-03-26
Anxious,Anxiety,session514,patient162,514,2022-01-10
Anxious,Anxiety,session515,patient157,515,2022-03-22
Anxious,Anxiety,session516,patient184,516,2022-03-19
Anxious,Anxiety,session517,patient162,517,2022-03-13
Anxious,Anxiety,session518,patient163,518,2022-01-20
Anxious,Anxiety,session519,patient163,519,2022-01-18
Anxious,Anxiety,session520,patient182,520,2022-02-20
Anxious,Anxiety,session521,patient198,521,2022-03-31
Anxious,Anxiety,session522,patient158,522,2022-03-16
Anxious,Anxiety,session523,patient170,523,2022-03-03
Anxious,Anxiety,session524,patient168,524,2022-03-02
Anxious,Anxiety,session525,patient163,525,2022-01-09
Anxious,Anxiety,session526,patient189,526,2022-01-20
Anxious,Anxiety,session527,patient164,527,2022-03-05
Anxious,Anxiety,session528,patient152,528,2022-01-24
Anxious,Anxiety,session529,patient193,529,2022-03-21
Anxious,Anxiety,session530,patient153,530,2022-03-11
Anxious,Anxiety,session531,patient195,531,2022-01-20
Anxious,Anxiety,session532,patient151,532,2022-03-29
Anxious,Anxiety,session533,patient171,533,2022-02-16
Anxious,Anxiety,session534,patient181,534,2022-01-16
Anxious,Anxiety,session535,patient170,535,2022-01-20
Anxious,Anxiety,session536,patient161,536,2022-03-15
Anxious,Anxiety,session537,patient152,537,2022-02-03
Anxious,Anxiety,session538,patient196,538,2022-03-16
Anxious,Anxiety,session539,patient155,539,2022-02-02
Anxious,Anxiety,session540,patient199,540,2022-01-06
Anxious,Anxiety,session541,patient153,541,2022-01-23
Anxious,Anxiety,session542,patient198,542,2022-03-12
Anxious,Anxiety,session543,patient162,543,2022-01-11
Anxious,Anxiety,session544,patient182,544,2022-03-24
Anxious,Anxiety,session545,patient189,545,2022-01-29
Anxious,Anxiety,session546,patient200,546,2022-02-01
Anxious,Anxiety,session547,patient189,547,2022-01-08
Anxious,Anxiety,session548,patient160,548,2022-02-19
Anxious,Anxiety,session549,patient190,549,2022-02-14
Anxious,Anxiety,session550,patient168,550,2022-01-01
Anxious,Anxiety,session551,patient159,551,2022-02-20
Anxious,Anxiety,session552,patient159,552,2022-01-10
Anxious,Anxiety,session553,patient178,553,2022-03-15
Anxious,Anxiety,session554,patient155,554,2022-01-27
Anxious,Anxiety,session555,patient166,555,2022-01-06
Anxious,Anxiety,session556,patient174,556,2022-03-27
Anxious,Anxiety,session557,patient159,557,2022-02-19
Anxious,Anxiety,session558,patient174,558,2022-01-21
Anxious,Anxiety,session559,patient173,559,2022-01-01
Anxious,Anxiety,session560,patient197,560,2022-02-18
Severely Anxious,Anxiety,session561,patient215,561,2022-02-18
Severely Anxious,Anxiety,session562,patient244,562,2022-03-26
Severely Anxious,Anxiety,session563,patient215,563,2022-02-04
Severely Anxious,Anxiety,session564,patient210,564,2022-03-20
Severely Anxious,Anxiety,session565,patient228,565,2022-03-18
Severely Anxious,Anxiety,session566,patient227,566,2022-03-14
Severely Anxious,Anxiety,session567,patient204,567,2022-01-17
Severely Anxious,Anxiety,session568,patient207,568,2022-01-24
Severely Anxious,Anxiety,session569,patient217,569,2022-03-15
Severely Anxious,Anxiety,session570,patient228,570,2022-01-17
Severely Anxious,Anxiety,session571,patient212,571,2022-01-26
Severely Anxious,Anxiety,session572,patient232,572,2022-01-27
Severely Anxious,Anxiety,session573,patient231,573,2022-02-11
Severely Anxious,Anxiety,session574,patient203,574,2022-02-10
Severely Anxious,Anxiety,session575,patient246,575,2022-01-31
Severely Anxious,Anxiety,session576,patient201,576,2022-02-11
Severely Anxious,Anxiety,session577,patient248,577,2022-03-26
Severely Anxious,Anxiety,session578,patient230,578,2022-01-21
Severely Anxious,Anxiety,session579,patient220,579,2022-03-31
Severely Anxious,Anxiety,session580,patient209,580,2022-03-30
Severely Anxious,Anxiety,session581,patient227,581,2022-01-19
Severely Anxious,Anxiety,session582,patient219,582,2022-01-19
Severely Anxious,Anxiety,session583,patient235,583,2022-01-19
Severely Anxious,Anxiety,session584,patient209,584,2022-03-21
Severely Anxious,Anxiety,session585,patient208,585,2022-03-29
Severely Anxious,Anxiety,session586,patient244,586,2022-01-05
Severely Anxious,Anxiety,session587,patient244,587,2022-02-02
Severely Anxious,Anxiety,session588,patient247,588,2022-03-23
Severely Anxious,Anxiety,session589,patient230,589,2022-02-15
Severely Anxious,Anxiety,session590,patient246,590,2022-01-15
Severely Anxious,Anxiety,session591,patient227,591,2022-03-08
Severely Anxious,Anxiety,session592,patient206,592,2022-03-19
Severely Anxious,Anxiety,session593,patient208,593,2022-03-22
Severely Anxious,Anxiety,session594,patient219,594,2022-02-08
Severely Anxious,Anxiety,session595,patient228,595,2022-03-14
Severely Anxious,Anxiety,session596,patient222,596,2022-01-28
Severely Anxious,Anxiety,session597,patient240,597,2022-03-02
Severely Anxious,Anxiety,session598,patient207,598,2022-01-17
Severely Anxious,Anxiety,session599,patient212,599,2022-02-07
Severely Anxious,Anxiety,session600,patient239,600,2022-01-01
Severely Anxious,Anxiety,session601,patient240,601,2022-01-15
Severely Anxious,Anxiety,session602,patient242,602,2022-01-08
Severely Anxious,Anxiety,session603,patient229,603,2022-01-24
Severely Anxious,Anxiety,session604,patient234,604,2022-03-31
Severely Anxious,Anxiety,session605,patient236,605,2022-02-07
Severely Anxious,Anxiety,session606,patient224,606,2022-01-02
Severely Anxious,Anxiety,session607,patient241,607,2022-01-04
Severely Anxious,Anxiety,session608,patient204,608,2022-02-28
Severely Anxious,Anxiety,session609,patient232,609,2022-02-11
Severely Anxious,Anxiety,session610,patient208,610,2022-03-03
Severely Anxious,Anxiety,session611,patient216,611,2022-02-10
Severely Anxious,Anxiety,session612,patient217,612,2022-02-04
Severely Anxious,Anxiety,session613,patient241,613,2022-03-30
Severely Anxious,Anxiety,session614,patient202,614,2022-01-13
Severely Anxious,Anxiety,session615,patient237,615,2022-01-19
Severely Anxious,Anxiety,session616,patient217,616,2022-01-04
Severely Anxious,Anxiety,session617,patient229,617,2022-02-21
Severely Anxious,Anxiety,session618,patient213,618,2022-03-31
Severely Anxious,Anxiety,session619,patient207,619,2022-01-31
Severely Anxious,Anxiety,session620,patient215,620,2022-01-20
Severely Anxious,Anxiety,session621,patient242,621,2022-01-15
Severely Anxious,Anxiety,session622,patient237,622,2022-01-31
Severely Anxious,Anxiety,session623,patient230,623,2022-01-29
Severely Anxious,Anxiety,session624,patient225,624,2022-02-25
Severely Anxious,Anxiety,session625,patient220,625,2022-01-27
Severely Anxious,Anxiety,session626,patient218,626,2022-01-13
Severely Anxious,Anxiety,session627,patient225,627,2022-03-15
Severely Anxious,Anxiety,session628,patient228,628,2022-03-25
Severely Anxious,Anxiety,session629,patient245,629,2022-03-06
Severely Anxious,Anxiety,session630,patient201,630,2022-02-02
Severely Anxious,Anxiety,session631,patient243,631,2022-02-11
Severely Anxious,Anxiety,session632,patient236,632,2022-03-28
Severely Anxious,Anxiety,session633,patient218,633,2022-03-25
Severely Anxious,Anxiety,session634,patient230,634,2022-02-04
Severely Anxious,Anxiety,session635,patient245,635,2022-02-10
Severely Anxious,Anxiety,session636,patient210,636,2022-01-23
Severely Anxious,Anxiety,session637,patient230,637,2022-03-03
Severely Anxious,Anxiety,session638,patient217,638,2022-03-22
Severely Anxious,Anxiety,session639,patient219,639,2022-01-07
Severely Anxious,Anxiety,session640,patient206,640,2022-01-20
Severely Anxious,Anxiety,session641,patient237,641,2022-01-20
Severely Anxious,Anxiety,session642,patient248,642,2022-03-25
Severely Anxious,Anxiety,session643,patient248,643,2022-03-11
Severely Anxious,Anxiety,session644,patient210,644,2022-01-14
Severely Anxious,Anxiety,session645,patient209,645,2022-03-21
Severely Anxious,Anxiety,session646,patient220,646,2022-03-18
Severely Anxious,Anxiety,session647,patient236,647,2022-01-13
Severely Anxious,Anxiety,session648,patient207,648,2022-03-23
Severely Anxious,Anxiety,session649,patient206,649,2022-03-18
Severely Anxious,Anxiety,session650,patient238,650,2022-02-04