person_type,diagnosis_id,session_id,person_id,idx,date
Severe Depression,Depression,session1,patient44,1,2022-02-27
Severe Depression,Depression,session2,patient39,2,2022-01-02
Severe Depression,Depression,session3,patient2,3,2022-03-20
Severe Depression,Depression,session4,patient16,4,2022-01-09
Severe Depression,Depression,session5,patient7,5,2022-01-11
Severe Depression,Depression,session6,patient17,6,2022-02-18
Severe Depression,Depression,session7,patient1,7,2022-01-24
Severe Depression,Depression,session8,patient17,8,2022-01-13
Severe Depression,Depression,session9,patient18,9,2022-02-20
Severe Depression,Depression,session10,patient2,10,2022-01-08
Severe Depression,Depression,session11,patient46,11,2022-03-21
Severe Depression,Depression,session12,patient48,12,2022-01-16
Severe Depression,Depression,session13,patient22,13,2022-01-21
Severe Depression,Depression,session14,patient48,14,2022-03-03
Severe Depression,Depression,session15,patient4,15,2022-01-03
Severe Depression,Depression,session16,patient41,16,2022-01-20
Severe Depression,Depression,session17,patient28,17,2022-03-02
Severe Depression,Depression,session18,patient49,18,2022-03-21
Severe Depression,Depression,session19,patient30,19,2022-03-06
Severe Depression,Depression,session20,patient11,20,2022-02-24
Severe Depression,Depression,session21,patient42,21,2022-03-09
Severe Depression,Depression,session22,patient18,22,2022-01-03
Severe Depression,Depression,session23,patient25,23,2022-03-08
Severe Depression,Depression,session24,patient5,24,2022-02-26
Severe Depression,Depression,session25,patient48,25,2022-03-31
Severe Depression,Depression,session26,patient47,26,2022-02-12
Severe Depression,Depression,session27,patient25,27,2022-01-20
Severe Depression,Depression,session28,patient36,28,2022-01-29
Severe Depression,Depression,session29,patient40,29,2022-02-21
Severe Depression,Depression,session30,patient5,30,2022-01-23
Severe Depression,Depression,session31,patient6,31,2022-01-20
Severe Depression,Depression,session32,patient20,32,2022-03-10
Severe Depression,Depression,session33,patient31,33,2022-02-03
Severe Depression,Depression,session34,patient18,34,2022-01-22
Severe Depression,Depression,session35,patient11,35,2022-03-10
Severe Depression,Depression,session36,patient7,36,2022-02-27
Severe Depression,Depression,session37,patient41,37,2022-01-15
Severe Depression,Depression,session38,patient33,38,2022-03-29
Severe Depression,Depression,session39,patient15,39,2022-02-22
Severe Depression,Depression,session40,patient7,40,2022-01-07
Severe Depression,Depression,session41,patient11,41,2022-02-27
Severe Depression,Depression,session42,patient41,42,2022-02-27
Severe Depression,Depression,session43,patient27,43,2022-02-18
Severe Depression,Depression,session44,patient49,44,2022-01-20
Severe Depression,Depression,session45,patient19,45,2022-02-24
Severe Depression,Depression,session46,patient41,46,2022-01-05
Severe Depression,Depression,session47,patient22,47,2022-03-25
Severe Depression,Depression,session48,patient25,48,2022-03-24
Severe Depression,Depression,session49,patient35,49,2022-02-20
Severe Depression,Depression,session50,patient25,50,2022-03-21
Severe Depression,Depression,session51,patient41,51,2022-01-29
Severe Depression,Depression,session52,patient8,52,2022-02-25
Severe Depression,Depression,session53,patient39,53,2022-01-06
Severe Depression,Depression,session54,patient19,54,2022-01-22
Severe Depression,Depression,session55,patient4,55,2022-01-18
Severe Depression,Depression,session56,patient50,56,2022-03-21
Severe Depression,Depression,session57,patient41,57,2022-01-19
Severe Depression,Depression,session58,patient13,58,2022-01-03
Severe Depression,Depression,session59,patient10,59,2022-02-18
Severe Depression,Depression,session60,patient50,60,2022-03-10
Severe Depression,Depression,session61,patient25,61,2022-02-24
Severe Depression,Depression,session62,patient25,62,2022-01-24
Severe Depression,Depression,session63,patient20,63,2022-01-12
Severe Depression,Depression,session64,patient28,64,2022-03-15
Severe Depression,Depression,session65,patient5,65,2022-02-11
Severe Depression,Depression,session66,patient7,66,2022-02-10
Severe Depression,Depression,session67,patient4,67,2022-02-10
Severe Depression,Depression,session68,patient36,68,2022-02-18
Severe Depression,Depression,session69,patient37,69,2022-03-15
Severe Depression,Depression,session70,patient26,70,2022-02-11
Severe Depression,Depression,session71,patient47,71,2022-03-06
Severe Depression,Depression,session72,patient32,72,2022-03-09
Severe Depression,Depression,session73,patient23,73,2022-03-24
Severe Depression,Depression,session74,patient33,74,2022-03-19
Severe Depression,Depression,session75,patient3,75,2022-03-01
Severe Depression,Depression,session76,patient41,76,2022-02-10
Severe Depression,Depression,session77,patient8,77,2022-02-10
Severe Depression,Depression,session78,patient40,78,2022-01-24
Severe Depression,Depression,session79,patient13,79,2022-02-25
Severe Depression,Depression,session80,patient34,80,2022-01-10
Moderate Depression,Depression,session81,patient60,81,2022-02-11
Moderate Depression,Depression,session82,patient70,82,2022-03-13
Moderate Depression,Depression,session83,patient76,83,2022-01-03
Moderate Depression,Depression,session84,patient100,84,2022-02-20
Moderate Depression,Depression,session85,patient54,85,2022-03-15
Moderate Depression,Depression,session86,patient62,86,2022-01-19
Moderate Depression,Depression,session87,patient66,87,2022-02-22
Moderate Depression,Depression,session88,patient87,88,2022-03-05
Moderate Depression,Depression,session89,patient100,89,2022-01-07
Moderate Depression,Depression,session90,patient86,90,2022-03-03
Moderate Depression,Depression,session91,patient53,91,2022-01-26
Moderate Depression,Depression,session92,patient63,92,2022-02-11
Moderate Depression,Depression,session93,patient82,93,2022-01-23
Moderate Depression,Depression,session94,patient74,94,2022-01-15
Moderate Depression,Depression,session95,patient96,95,2022-01-07
Moderate Depression,Depression,session96,patient58,96,2022-03-08
Moderate Depression,Depression,session97,patient76,97,2022-02-21
Moderate Depression,Depression,session98,patient78,98,2022-03-26
Moderate Depression,Depression,session99,patient86,99,2022-02-03
Moderate Depression,Depression,session100,patient84,100,2022-02-10
Moderate Depression,Depression,session101,patient87,101,2022-01-28
Moderate Depression,Depression,session102,patient83,102,2022-03-08
Moderate Depression,Depression,session103,patient93,103,2022-03-11
Moderate Depression,Depression,session104,patient83,104,2022-02-07
Moderate Depression,Depression,session105,patient64,105,2022-02-23
Moderate Depression,Depression,session106,patient85,106,2022-03-15
Moderate Depression,Depression,session107,patient90,107,2022-02-14
Moderate Depression,Depression,session108,patient85,108,2022-01-22
Moderate Depression,Depression,session109,patient83,109,2022-01-19
Moderate Depression,Depression,session110,patient72,110,2022-02-18
Moderate Depression,Depression,session111,patient59,111,2022-01-09
Moderate Depression,Depression,session112,patient100,112,2022-02-09
Moderate Depression,Depression,session113,patient70,113,2022-01-03
Moderate Depression,Depression,session114,patient96,114,2022-01-25
Moderate Depression,Depression,session115,patient80,115,2022-02-11
Moderate Depression,Depression,session116,patient98,116,2022-01-08
Moderate Depression,Depression,session117,patient81,117,2022-02-27
Moderate Depression,Depression,session118,patient92,118,2022-02-23
Moderate Depression,Depression,session119,patient86,119,2022-01-21
Moderate Depression,Depression,session120,patient76,120,2022-02-27
Moderate Depression,Depression,session121,patient98,121,2022-01-07
Moderate Depression,Depression,session122,patient95,122,2022-03-06
Moderate Depression,Depression,session123,patient66,123,2022-02-07
Moderate Depression,Depression,session124,patient63,124,2022-01-01
Moderate Depression,Depression,session125,patient97,125,2022-03-03
Moderate Depression,Depression,session126,patient90,126,2022-03-17
Moderate Depression,Depression,session127,patient70,127,2022-01-30
Moderate Depression,Depression,session128,patient87,128,2022-03-11
Moderate Depression,Depression,session129,patient60,129,2022-01-10
Moderate Depression,Depression,session130,patient99,130,2022-02-13
Moderate Depression,Depression,session131,patient98,131,2022-03-08
Moderate Depression,Depression,session132,patient98,132,2022-01-15
Moderate Depression,Depression,session133,patient65,133,2022-02-28
Moderate Depression,Depression,session134,patient75,134,2022-01-22
Moderate Depression,Depression,session135,patient59,135,2022-03-08
Moderate Depression,Depression,session136,patient55,136,2022-03-11
Moderate Depression,Depression,session137,patient52,137,2022-03-09
Moderate Depression,Depression,session138,patient91,138,2022-01-09
Moderate Depression,Depression,session139,patient60,139,2022-01-17
Moderate Depression,Depression,session140,patient89,140,2022-03-18
Mixed,Depressoin,session141,patient88,141,2022-01-07
Mixed,Depressoin,session142,patient64,142,2022-02-25
Mixed,Depressoin,session143,patient128,143,2022-01-01
Mixed,Depressoin,session144,patient91,144,2022-03-12
Mixed,Depressoin,session145,patient68,145,2022-01-06
Mixed,Depressoin,session146,patient129,146,2022-03-26
Mixed,Depressoin,session147,patient74,147,2022-03-02
Mixed,Depressoin,session148,patient76,148,2022-03-08
Mixed,Depressoin,session149,patient136,149,2022-01-07
Mixed,Depressoin,session150,patient111,150,2022-01-08
Mixed,Depressoin,session151,patient94,151,2022-03-15
Mixed,Depressoin,session152,patient126,152,2022-01-28
Mixed,Depressoin,session153,patient86,153,2022-03-24
Mixed,Depressoin,session154,patient118,154,2022-01-20
Mixed,Depressoin,session155,patient76,155,2022-01-21
Mixed,Depressoin,session156,patient146,156,2022-01-03
Mixed,Depressoin,session157,patient102,157,2022-02-08
Mixed,Depressoin,session158,patient144,158,2022-03-12
Mixed,Depressoin,session159,patient72,159,2022-02-17
Mixed,Depressoin,session160,patient125,160,2022-02-07
Mixed,Depressoin,session161,patient137,161,2022-02-22
Mixed,Depressoin,session162,patient129,162,2022-02-01
Mixed,Depressoin,session163,patient66,163,2022-02-21
Mixed,Depressoin,session164,patient61,164,2022-03-14
Mixed,Depressoin,session165,patient55,165,2022-01-16
Mixed,Depressoin,session166,patient142,166,2022-01-29
Mixed,Depressoin,session167,patient127,167,2022-02-08
Mixed,Depressoin,session168,patient78,168,2022-01-24
Mixed,Depressoin,session169,patient140,169,2022-02-05
Mixed,Depressoin,session170,patient123,170,2022-02-18
Anxious,Depression,session171,patient166,171,2022-01-28
Anxious,Depression,session172,patient182,172,2022-01-29
Anxious,Depression,session173,patient182,173,2022-02-18
Anxious,Depression,session174,patient200,174,2022-02-04
Anxious,Depression,session175,patient179,175,2022-03-21
Anxious,Depression,session176,patient177,176,2022-03-08
Anxious,Depression,session177,patient161,177,2022-03-26
Anxious,Depression,session178,patient176,178,2022-02-23
Anxious,Depression,session179,patient195,179,2022-03-27
Anxious,Depression,session180,patient177,180,2022-03-30
Anxious,Depression,session181,patient177,181,2022-01-11
Anxious,Depression,session182,patient169,182,2022-03-27
Anxious,Depression,session183,patient200,183,2022-01-28
Anxious,Depression,session184,patient182,184,2022-03-28
Anxious,Depression,session185,patient199,185,2022-03-12
Anxious,Depression,session186,patient181,186,2022-03-30
Anxious,Depression,session187,patient189,187,2022-03-06
Anxious,Depression,session188,patient151,188,2022-03-28
Anxious,Depression,session189,patient159,189,2022-01-23
Anxious,Depression,session190,patient156,190,2022-03-20
Anxious,Depression,session191,patient182,191,2022-01-27
Anxious,Depression,session192,patient159,192,2022-03-25
Anxious,Depression,session193,patient154,193,2022-01-04
Anxious,Depression,session194,patient200,194,2022-01-26
Anxious,Depression,session195,patient156,195,2022-03-01
Anxious,Depression,session196,patient153,196,2022-01-07
Anxious,Depression,session197,patient177,197,2022-03-18
Anxious,Depression,session198,patient164,198,2022-03-07
Anxious,Depression,session199,patient153,199,2022-03-10
Anxious,Depression,session200,patient182,200,2022-03-03
Anxious,Depression,session201,patient154,201,2022-03-09
Anxious,Depression,session202,patient185,202,2022-01-08
Anxious,Depression,session203,patient163,203,2022-02-04
Anxious,Depression,session204,patient199,204,2022-01-31
Anxious,Depression,session205,patient190,205,2022-01-06
Anxious,Depression,session206,patient191,206,2022-03-15
Anxious,Depression,session207,patient172,207,2022-03-14
Anxious,Depression,session208,patient171,208,2022-02-13
Anxious,Depression,session209,patient181,209,2022-01-21
Anxious,Depression,session210,patient200,210,2022-02-18
Anxious,Depression,session211,patient167,211,2022-03-09
Anxious,Depression,session212,patient179,212,2022-03-30
Anxious,Depression,session213,patient176,213,2022-02-03
Anxious,Depression,session214,patient176,214,2022-03-18
Anxious,Depression,session215,patient158,215,2022-01-25
Anxious,Depression,session216,patient189,216,2022-01-16
Anxious,Depression,session217,patient196,217,2022-01-04
Anxious,Depression,session218,patient176,218,2022-01-12
Anxious,Depression,session219,patient196,219,2022-01-31
Anxious,Depression,session220,patient180,220,2022-03-14
Anxious,Depression,session221,patient188,221,2022-01-02
Anxious,Depression,session222,patient165,222,2022-03-11
Anxious,Depression,session223,patient163,223,2022-03-17
Anxious,Depression,session224,patient168,224,2022-02-15
Anxious,Depression,session225,patient198,225,2022-02-09
Anxious,Depression,session226,patient193,226,2022-02-17
Anxious,Depression,session227,patient169,227,2022-03-31
Anxious,Depression,session228,patient187,228,2022-02-21
Anxious,Depression,session229,patient162,229,2022-02-17
Anxious,Depression,session230,patient178,230,2022-03-03
Severely Anxious,Depression,session231,patient247,231,2022-01-16
Severely Anxious,Depression,session232,patient230,232,2022-02-11
Severely Anxious,Depression,session233,patient248,233,2022-03-21
Severely Anxious,Depression,session234,patient207,234,2022-02-02
Severely Anxious,Depression,session235,patient250,235,2022-01-03
Severely Anxious,Depression,session236,patient224,236,2022-01-24
Severely Anxious,Depression,session237,patient245,237,2022-01-26
Severely Anxious,Depression,session238,patient221,238,2022-01-10
Severely Anxious,Depression,session239,patient204,239,2022-01-23
Severely Anxious,Depression,session240,patient223,240,2022-01-10
Severely Anxious,Depression,session241,patient239,241,2022-02-22
Severely Anxious,Depression,session242,patient215,242,2022-01-02
Severely Anxious,Depression,session243,patient201,243,2022-02-10
Severely Anxious,Depression,session244,patient217,244,2022-03-23
Severely Anxious,Depression,session245,patient246,245,2022-03-11
Severely Anxious,Depression,session246,patient216,246,2022-01-26
Severely Anxious,Depression,session247,patient205,247,2022-01-03
Severely Anxious,Depression,session248,patient219,248,2022-03-10
Severely Anxious,Depression,session249,patient203,249,2022-02-08
Severely Anxious,Depression,session250,patient225,250,2022-03-31
Severely Anxious,Depression,session251,patient245,251,2022-01-05
Severely Anxious,Depression,session252,patient222,252,2022-02-13
Severely Anxious,Depression,session253,patient247,253,2022-02-23
Severely Anxious,Depression,session254,patient242,254,2022-03-07
Severely Anxious,Depression,session255,patient234,255,2022-02-21
Severely Anxious,Depression,session256,patient201,256,2022-03-09
Severely Anxious,Depression,session257,patient210,257,2022-03-22
Severely Anxious,Depression,session258,patient241,258,2022-03-12
Severely Anxious,Depression,session259,patient237,259,2022-01-29
Severely Anxious,Depression,session260,patient220,260,2022-03-14
Severely Anxious,Depression,session261,patient239,261,2022-03-01
Severely Anxious,Depression,session262,patient248,262,2022-01-17
Severely Anxious,Depression,session263,patient210,263,2022-02-21
Severely Anxious,Depression,session264,patient230,264,2022-01-19
Severely Anxious,Depression,session265,patient238,265,2022-03-07
Severely Anxious,Depression,session266,patient239,266,2022-01-10
Severely Anxious,Depression,session267,patient227,267,2022-02-03
Severely Anxious,Depression,session268,patient250,268,2022-01-11
Severely Anxious,Depression,session269,patient223,269,2022-01-01
Severely Anxious,Depression,session270,patient214,270,2022-01-07
Severely Anxious,Depression,session271,patient202,271,2022-03-20
Severely Anxious,Depression,session272,patient229,272,2022-03-01
Severely Anxious,Depression,session273,patient227,273,2022-01-20
Severely Anxious,Depression,session274,patient243,274,2022-01-08
Severely Anxious,Depression,session275,patient237,275,2022-03-31
Severely Anxious,Depression,session276,patient207,276,2022-02-10
Severely Anxious,Depression,session277,patient229,277,2022-02-03
Severely Anxious,Depression,session278,patient229,278,2022-03-21
Severely Anxious,Depression,session279,patient242,279,2022-02-03
Severely Anxious,Depression,session280,patient217,280,2022-02-04
Severely Anxious,Depression,session281,patient233,281,2022-02-02
Severely Anxious,Depression,session282,patient247,282,2022-01-23
Severely Anxious,Depression,session283,patient214,283,2022-02-11
Severely Anxious,Depression,session284,patient206,284,2022-02-19
Severely Anxious,Depression,session285,patient205,285,2022-02-15
Severely Anxious,Depression,session286,patient249,286,2022-02-24
Severely Anxious,Depression,session287,patient230,287,2022-03-03
Severely Anxious,Depression,session288,patient235,288,2022-03-07
Severely Anxious,Depression,session289,patient218,289,2022-02-07
Severely Anxious,Depression,session290,patient240,290,2022-03-01
Severe Depression,None,session291,patient49,291,2022-02-01
Severe Depression,None,session292,patient40,292,2022-03-20
Severe Depression,None,session293,patient30,293,2022-02-11
Severe Depression,None,session294,patient30,294,2022-03-31
Severe Depression,None,session295,patient1,295,2022-02-07
Moderate Depression,None,session296,patient82,296,2022-01-10
Moderate Depression,None,session297,patient64,297,2022-02-05
Moderate Depression,None,session298,patient94,298,2022-03-06
Moderate Depression,None,session299,patient55,299,2022-02-16
Moderate Depression,None,session300,patient96,300,2022-01-29
Moderate Depression,None,session301,patient78,301,2022-01-18
Moderate Depression,None,session302,patient60,302,2022-03-20
Moderate Depression,None,session303,patient84,303,2022-03-10
Moderate Depression,None,session304,patient87,304,2022-01-07
Moderate Depression,None,session305,patient73,305,2022-02-22
Moderate Depression,None,session306,patient85,306,2022-02-21
Moderate Depression,None,session307,patient75,307,2022-03-15
Moderate Depression,None,session308,patient58,308,2022-01-17
Moderate Depression,None,session309,patient82,309,2022-03-29
Moderate Depression,None,session310,patient72,310,2022-03-09
Moderate Depression,None,session311,patient93,311,2022-01-05
Moderate Depression,None,session312,patient92,312,2022-03-30
Moderate Depression,None,session313,patient65,313,2022-02-20
Moderate Depression,None,session314,patient52,314,2022-01-27
Moderate Depression,None,session315,patient69,315,2022-03-09
Mixed,None,session316,patient106,316,2022-02-13
Mixed,None,session317,patient112,317,2022-03-04
Mixed,None,session318,patient138,318,2022-02-27
Mixed,None,session319,patient138,319,2022-01-26
Mixed,None,session320,patient65,320,2022-02-06
Mixed,None,session321,patient70,321,2022-03-13
Mixed,None,session322,patient112,322,2022-02-14
Mixed,None,session323,patient135,323,2022-03-06
Mixed,None,session324,patient144,324,2022-01-28
Mixed,None,session325,patient102,325,2022-03-20
Mixed,None,session326,patient100,326,2022-03-19
Mixed,None,session327,patient114,327,2022-01-14
Mixed,None,session328,patient129,328,2022-03-26
Mixed,None,session329,patient147,329,2022-03-25
Mixed,None,session330,patient119,330,2022-02-07
Mixed,None,session331,patient131,331,2022-02-18
Mixed,None,session332,patient146,332,2022-01-07
Mixed,None,session333,patient69,333,2022-02-09
Mixed,None,session334,patient96,334,2022-01-21
Mixed,None,session335,patient105,335,2022-01-25
Mixed,None,session336,patient104,336,2022-02-11
Mixed,None,session337,patient104,337,2022-01-03
Mixed,None,session338,patient57,338,2022-01-21
Mixed,None,session339,patient116,339,2022-03-29
Mixed,None,session340,patient62,340,2022-01-15
Mixed,None,session341,patient93,341,2022-02-16
Mixed,None,session342,patient111,342,2022-02-09
Mixed,None,session343,patient53,343,2022-03-19
Mixed,None,session344,patient60,344,2022-02-22
Mixed,None,session345,patient58,345,2022-03-03
Mixed,None,session346,patient91,346,2022-02-28
Mixed,None,session347,patient53,347,2022-02-22
Mixed,None,session348,patient141,348,2022-01-04
Mixed,None,session349,patient76,349,2022-01-13
Mixed,None,session350,patient128,350,2022-03-04
Mixed,None,session351,patient68,351,2022-02-01
Mixed,None,session352,patient83,352,2022-03-31
Mixed,None,session353,patient110,353,2022-03-01
Mixed,None,session354,patient122,354,2022-03-12
Mixed,None,session355,patient89,355,2022-01-12
Mixed,None,session356,patient132,356,2022-02-22
Mixed,None,session357,patient141,357,2022-01-04
Mixed,None,session358,patient134,358,2022-02-16
Mixed,None,session359,patient108,359,2022-01-26
Mixed,None,session360,patient67,360,2022-03-23
Mixed,None,session361,patient69,361,2022-02-12
Mixed,None,session362,patient89,362,2022-03-18
Mixed,None,session363,patient91,363,2022-03-06
Mixed,None,session364,patient143,364,2022-03-25
Mixed,None,session365,patient133,365,2022-01-14
Anxious,None,session366,patient156,366,2022-03-03
Anxious,None,session367,patient151,367,2022-03-09
Anxious,None,session368,patient163,368,2022-02-18
Anxious,None,session369,patient198,369,2022-02-28
Anxious,None,session370,patient167,370,2022-02-21
Anxious,None,session371,patient164,371,2022-02-19
Anxious,None,session372,patient166,372,2022-03-19
Anxious,None,session373,patient183,373,2022-03-03
Anxious,None,session374,patient182,374,2022-01-23
Anxious,None,session375,patient187,375,2022-01-23
Anxious,None,session376,patient169,376,2022-03-01
Anxious,None,session377,patient154,377,2022-02-05
Anxious,None,session378,patient198,378,2022-02-17
Anxious,None,session379,patient172,379,2022-03-30
Anxious,None,session380,patient175,380,2022-03-01
Anxious,None,session381,patient195,381,2022-02-01
Anxious,None,session382,patient171,382,2022-03-04
Anxious,None,session383,patient177,383,2022-01-05
Anxious,None,session384,patient169,384,2022-03-08
Anxious,None,session385,patient169,385,2022-02-15
Severely Anxious,None,session386,patient204,386,2022-02-05
Severely Anxious,None,session387,patient218,387,2022-03-30
Severely Anxious,None,session388,patient229,388,2022-03-14
Severely Anxious,None,session389,patient245,389,2022-01-23
Severely Anxious,None,session390,patient223,390,2022-01-02
Severe Depression,Anxiety,session391,patient38,391,2022-02-15
Severe Depression,Anxiety,session392,patient50,392,2022-01-03
Severe Depression,Anxiety,session393,patient41,393,2022-01-07
Severe Depression,Anxiety,session394,patient47,394,2022-03-31
Severe Depression,Anxiety,session395,patient18,395,2022-03-08
Severe Depression,Anxiety,session396,patient50,396,2022-02-20
Severe Depression,Anxiety,session397,patient13,397,2022-01-12
Severe Depression,Anxiety,session398,patient25,398,2022-03-08
Severe Depression,Anxiety,session399,patient4,399,2022-03-20
Severe Depression,Anxiety,session400,patient49,400,2022-02-11
Severe Depression,Anxiety,session401,patient15,401,2022-02-07
Severe Depression,Anxiety,session402,patient47,402,2022-01-31
Severe Depression,Anxiety,session403,patient37,403,2022-01-27
Severe Depression,Anxiety,session404,patient42,404,2022-03-05
Severe Depression,Anxiety,session405,patient37,405,2022-02-14
Severe Depression,Anxiety,session406,patient29,406,2022-01-19
Severe Depression,Anxiety,session407,patient17,407,2022-01-15
Severe Depression,Anxiety,session408,patient12,408,2022-02-03
Severe Depression,Anxiety,session409,patient45,409,2022-03-10
Severe Depression,Anxiety,session410,patient3,410,2022-02-25
Moderate Depression,Anxiety,session411,patient70,411,2022-02-20
Moderate Depression,Anxiety,session412,patient58,412,2022-02-20
Moderate Depression,Anxiety,session413,patient73,413,2022-01-17
Moderate Depression,Anxiety,session414,patient84,414,2022-03-20
Moderate Depression,Anxiety,session415,patient70,415,2022-02-28
Moderate Depression,Anxiety,session416,patient97,416,2022-02-13
Moderate Depression,Anxiety,session417,patient83,417,2022-03-05
Moderate Depression,Anxiety,session418,patient76,418,2022-02-12
Moderate Depression,Anxiety,session419,patient99,419,2022-03-22
Moderate Depression,Anxiety,session420,patient92,420,2022-03-08
Moderate Depression,Anxiety,session421,patient94,421,2022-02-08
Moderate Depression,Anxiety,session422,patient79,422,2022-01-23
Moderate Depression,Anxiety,session423,patient56,423,2022-02-23
Moderate Depression,Anxiety,session424,patient51,424,2022-01-24
Moderate Depression,Anxiety,session425,patient99,425,2022-01-22
Moderate Depression,Anxiety,session426,patient72,426,2022-03-01
Moderate Depression,Anxiety,session427,patient59,427,2022-01-04
Moderate Depression,Anxiety,session428,patient53,428,2022-01-24
Moderate Depression,Anxiety,session429,patient80,429,2022-03-17
Moderate Depression,Anxiety,session430,patient55,430,2022-01-09
Moderate Depression,Anxiety,session431,patient71,431,2022-01-14
Moderate Depression,Anxiety,session432,patient53,432,2022-03-20
Moderate Depression,Anxiety,session433,patient89,433,2022-01-01
Moderate Depression,Anxiety,session434,patient94,434,2022-02-26
Moderate Depression,Anxiety,session435,patient83,435,2022-03-21
Moderate Depression,Anxiety,session436,patient51,436,2022-03-14
Moderate Depression,Anxiety,session437,patient74,437,2022-02-26
Moderate Depression,Anxiety,session438,patient92,438,2022-02-06
Moderate Depression,Anxiety,session439,patient91,439,2022-02-08
Moderate Depression,Anxiety,session440,patient100,440,2022-03-22
Moderate Depression,Anxiety,session441,patient86,441,2022-01-12
Moderate Depression,Anxiety,session442,patient97,442,2022-03-20
Moderate Depression,Anxiety,session443,patient88,443,2022-03-11
Moderate Depression,Anxiety,session444,patient88,444,2022-03-01
Moderate Depression,Anxiety,session445,patient59,445,2022-01-18
Moderate Depression,Anxiety,session446,patient82,446,2022-01-24
Moderate Depression,Anxiety,session447,patient91,447,2022-01-13
Moderate Depression,Anxiety,session448,patient89,448,2022-01-15
Moderate Depression,Anxiety,session449,patient63,449,2022-03-28
Moderate Depression,Anxiety,session450,patient52,450,2022-01-20
Mixed,Anxiety,session451,patient51,451,2022-01-19
Mixed,Anxiety,session452,patient83,452,2022-01-20
Mixed,Anxiety,session453,patient79,453,2022-03-09
Mixed,Anxiety,session454,patient129,454,2022-01-24
Mixed,Anxiety,session455,patient87,455,2022-01-08
Mixed,Anxiety,session456,patient62,456,2022-03-21
Mixed,Anxiety,session457,patient69,457,2022-03-18
Mixed,Anxiety,session458,patient116,458,2022-02-09
Mixed,Anxiety,session459,patient145,459,2022-02-15
Mixed,Anxiety,session460,patient91,460,2022-01-26
Mixed,Anxiety,session461,patient126,461,2022-01-31
Mixed,Anxiety,session462,patient106,462,2022-02-28
Mixed,Anxiety,session463,patient135,463,2022-03-26
Mixed,Anxiety,session464,patient137,464,2022-01-26
Mixed,Anxiety,session465,patient51,465,2022-02-05
Mixed,Anxiety,session466,patient68,466,2022-01-07
Mixed,Anxiety,session467,patient145,467,2022-03-29
Mixed,Anxiety,session468,patient66,468,2022-02-07
Mixed,Anxiety,session469,patient147,469,2022-02-12
Mixed,Anxiety,session470,patient77,470,2022-03-16
Mixed,Anxiety,session471,patient113,471,2022-02-13
Mixed,Anxiety,session472,patient108,472,2022-02-28
Mixed,Anxiety,session473,patient92,473,2022-02-07
Mixed,Anxiety,session474,patient85,474,2022-02-20
Mixed,Anxiety,session475,patient60,475,2022-03-26
Mixed,Anxiety,session476,patient51,476,2022-01-30
Mixed,Anxiety,session477,patient146,477,2022-02-28
Mixed,Anxiety,session478,patient111,478,2022-03-04
Mixed,Anxiety,session479,patient149,479,2022-02-25
Mixed,Anxiety,session480,patient107,480,2022-01-03
Anxious,Anxiety,session481,patient174,481,2022-02-21
Anxious,Anxiety,session482,patient183,482,2022-02-16
Anxious,Anxiety,session483,patient198,483,2022-03-02
Anxious,Anxiety,session484,patient186,484,2022-03-19
Anxious,Anxiety,session485,patient183,485,2022-02-19
Anxious,Anxiety,session486,patient169,486,2022-03-24
Anxious,Anxiety,session487,patient152,487,2022-01-09
Anxious,Anxiety,session488,patient163,488,2022-03-18
Anxious,Anxiety,session489,patient177,489,2022-01-13
Anxious,Anxiety,session490,patient191,490,2022-03-22
Anxious,Anxiety,session491,patient160,491,2022-03-24
Anxious,Anxiety,session492,patient185,492,2022-02-11
Anxious,Anxiety,session493,patient195,493,2022-03-30
Anxious,Anxiety,session494,patient200,494,2022-03-30
Anxious,Anxiety,session495,patient192,495,2022-02-22
Anxious,Anxiety,session496,patient183,496,2022-01-21
Anxious,Anxiety,session497,patient189,497,2022-02-24
Anxious,Anxiety,session498,patient190,498,2022-03-04
Anxious,Anxiety,session499,patient166,499,2022-01-05
Anxious,Anxiety,session500,patient179,500,2022-01-27
Anxious,Anxiety,session501,patient186,501,2022-01-15
Anxious,Anxiety,session502,patient182,502,2022-01-15
Anxious,Anxiety,session503,patient196,503,2022-01-13
Anxious,Anxiety,session504,patient174,504,2022-01-22
Anxious,Anxiety,session505,patient199,505,2022-02-19
Anxious,Anxiety,session506,patient172,506,2022-02-01
Anxious,Anxiety,session507,patient181,507,2022-01-08
Anxious,Anxiety,session508,patient176,508,2022-02-15
Anxious,Anxiety,session509,patient159,509,2022-01-29
Anxious,Anxiety,session510,patient183,510,2022-03-24
Anxious,Anxiety,session511,patient194,511,2022-03-10
Anxious,Anxiety,session512,patient198,512,2022-01-23
Anxious,Anxiety,session513,patient154,513,2022-03-26
Anxious,Anxiety,session514,patient166,514,2022-01-10
Anxious,Anxiety,session515,patient176,515,2022-03-22
Anxious,Anxiety,session516,patient186,516,2022-03-19
Anxious,Anxiety,session517,patient191,517,2022-03-13
Anxious,Anxiety,session518,patient184,518,2022-01-20
Anxious,Anxiety,session519,patient187,519,2022-01-18
Anxious,Anxiety,session520,patient175,520,2022-02-20
Anxious,Anxiety,session521,patient166,521,2022-03-31
Anxious,Anxiety,session522,patient176,522,2022-03-16
Anxious,Anxiety,session523,patient196,523,2022-03-03
Anxious,Anxiety,session524,patient200,524,2022-03-02
Anxious,Anxiety,session525,patient166,525,2022-01-09
Anxious,Anxiety,session526,patient178,526,2022-01-20
Anxious,Anxiety,session527,patient169,527,2022-03-05
Anxious,Anxiety,session528,patient191,528,2022-01-24
Anxious,Anxiety,session529,patient155,529,2022-03-21
Anxious,Anxiety,session530,patient184,530,2022-03-11
Anxious,Anxiety,session531,patient188,531,2022-01-20
Anxious,Anxiety,session532,patient185,532,2022-03-29
Anxious,Anxiety,session533,patient151,533,2022-02-16
Anxious,Anxiety,session534,patient155,534,2022-01-16
Anxious,Anxiety,session535,patient196,535,2022-01-20
Anxious,Anxiety,session536,patient151,536,2022-03-15
Anxious,Anxiety,session537,patient159,537,2022-02-03
Anxious,Anxiety,session538,patient195,538,2022-03-16
Anxious,Anxiety,session539,patient171,539,2022-02-02
Anxious,Anxiety,session540,patient200,540,2022-01-06
Anxious,Anxiety,session541,patient179,541,2022-01-23
Anxious,Anxiety,session542,patient162,542,2022-03-12
Anxious,Anxiety,session543,patient162,543,2022-01-11
Anxious,Anxiety,session544,patient197,544,2022-03-24
Anxious,Anxiety,session545,patient176,545,2022-01-29
Anxious,Anxiety,session546,patient152,546,2022-02-01
Anxious,Anxiety,session547,patient174,547,2022-01-08
Anxious,Anxiety,session548,patient170,548,2022-02-19
Anxious,Anxiety,session549,patient172,549,2022-02-14
Anxious,Anxiety,session550,patient197,550,2022-01-01
Anxious,Anxiety,session551,patient186,551,2022-02-20
Anxious,Anxiety,session552,patient177,552,2022-01-10
Anxious,Anxiety,session553,patient189,553,2022-03-15
Anxious,Anxiety,session554,patient159,554,2022-01-27
Anxious,Anxiety,session555,patient193,555,2022-01-06
Anxious,Anxiety,session556,patient168,556,2022-03-27
Anxious,Anxiety,session557,patient174,557,2022-02-19
Anxious,Anxiety,session558,patient164,558,2022-01-21
Anxious,Anxiety,session559,patient151,559,2022-01-01
Anxious,Anxiety,session560,patient165,560,2022-02-18
Severely Anxious,Anxiety,session561,patient234,561,2022-02-18
Severely Anxious,Anxiety,session562,patient205,562,2022-03-26
Severely Anxious,Anxiety,session563,patient223,563,2022-02-04
Severely Anxious,Anxiety,session564,patient236,564,2022-03-20
Severely Anxious,Anxiety,session565,patient233,565,2022-03-18
Severely Anxious,Anxiety,session566,patient211,566,2022-03-14
Severely Anxious,Anxiety,session567,patient230,567,2022-01-17
Severely Anxious,Anxiety,session568,patient243,568,2022-01-24
Severely Anxious,Anxiety,session569,patient226,569,2022-03-15
Severely Anxious,Anxiety,session570,patient221,570,2022-01-17
Severely Anxious,Anxiety,session571,patient241,571,2022-01-26
Severely Anxious,Anxiety,session572,patient245,572,2022-01-27
Severely Anxious,Anxiety,session573,patient223,573,2022-02-11
Severely Anxious,Anxiety,session574,patient208,574,2022-02-10
Severely Anxious,Anxiety,session575,patient241,575,2022-01-31
Severely Anxious,Anxiety,session576,patient218,576,2022-02-11
Severely Anxious,Anxiety,session577,patient219,577,2022-03-26
Severely Anxious,Anxiety,session578,patient225,578,2022-01-21
Severely Anxious,Anxiety,session579,patient227,579,2022-03-31
Severely Anxious,Anxiety,session580,patient246,580,2022-03-30
Severely Anxious,Anxiety,session581,patient242,581,2022-01-19
Severely Anxious,Anxiety,session582,patient212,582,2022-01-19
Severely Anxious,Anxiety,session583,patient231,583,2022-01-19
Severely Anxious,Anxiety,session584,patient211,584,2022-03-21
Severely Anxious,Anxiety,session585,patient210,585,2022-03-29
Severely Anxious,Anxiety,session586,patient220,586,2022-01-05
Severely Anxious,Anxiety,session587,patient208,587,2022-02-02
Severely Anxious,Anxiety,session588,patient216,588,2022-03-23
Severely Anxious,Anxiety,session589,patient221,589,2022-02-15
Severely Anxious,Anxiety,session590,patient201,590,2022-01-15
Severely Anxious,Anxiety,session591,patient217,591,2022-03-08
Severely Anxious,Anxiety,session592,patient215,592,2022-03-19
Severely Anxious,Anxiety,session593,patient226,593,2022-03-22
Severely Anxious,Anxiety,session594,patient213,594,2022-02-08
Severely Anxious,Anxiety,session595,patient250,595,2022-03-14
Severely Anxious,Anxiety,session596,patient207,596,2022-01-28
Severely Anxious,Anxiety,session597,patient234,597,2022-03-02
Severely Anxious,Anxiety,session598,patient246,598,2022-01-17
Severely Anxious,Anxiety,session599,patient226,599,2022-02-07
Severely Anxious,Anxiety,session600,patient236,600,2022-01-01
Severely Anxious,Anxiety,session601,patient219,601,2022-01-15
Severely Anxious,Anxiety,session602,patient213,602,2022-01-08
Severely Anxious,Anxiety,session603,patient210,603,2022-01-24
Severely Anxious,Anxiety,session604,patient209,604,2022-03-31
Severely Anxious,Anxiety,session605,patient211,605,2022-02-07
Severely Anxious,Anxiety,session606,patient236,606,2022-01-02
Severely Anxious,Anxiety,session607,patient244,607,2022-01-04
Severely Anxious,Anxiety,session608,patient237,608,2022-02-28
Severely Anxious,Anxiety,session609,patient211,609,2022-02-11
Severely Anxious,Anxiety,session610,patient233,610,2022-03-03
Severely Anxious,Anxiety,session611,patient235,611,2022-02-10
Severely Anxious,Anxiety,session612,patient211,612,2022-02-04
Severely Anxious,Anxiety,session613,patient246,613,2022-03-30
Severely Anxious,Anxiety,session614,patient239,614,2022-01-13
Severely Anxious,Anxiety,session615,patient227,615,2022-01-19
Severely Anxious,Anxiety,session616,patient221,616,2022-01-04
Severely Anxious,Anxiety,session617,patient211,617,2022-02-21
Severely Anxious,Anxiety,session618,patient241,618,2022-03-31
Severely Anxious,Anxiety,session619,patient205,619,2022-01-31
Severely Anxious,Anxiety,session620,patient248,620,2022-01-20
Severely Anxious,Anxiety,session621,patient213,621,2022-01-15
Severely Anxious,Anxiety,session622,patient244,622,2022-01-31
Severely Anxious,Anxiety,session623,patient221,623,2022-01-29
Severely Anxious,Anxiety,session624,patient212,624,2022-02-25
Severely Anxious,Anxiety,session625,patient234,625,2022-01-27
Severely Anxious,Anxiety,session626,patient207,626,2022-01-13
Severely Anxious,Anxiety,session627,patient234,627,2022-03-15
Severely Anxious,Anxiety,session628,patient244,628,2022-03-25
Severely Anxious,Anxiety,session629,patient235,629,2022-03-06
Severely Anxious,Anxiety,session630,patient202,630,2022-02-02
Severely Anxious,Anxiety,session631,patient205,631,2022-02-11
Severely Anxious,Anxiety,session632,patient226,632,2022-03-28
Severely Anxious,Anxiety,session633,patient225,633,2022-03-25
Severely Anxious,Anxiety,session634,patient210,634,2022-02-04
Severely Anxious,Anxiety,session635,patient240,635,2022-02-10
Severely Anxious,Anxiety,session636,patient214,636,2022-01-23
Severely Anxious,Anxiety,session637,patient247,637,2022-03-03
Severely Anxious,Anxiety,session638,patient211,638,2022-03-22
Severely Anxious,Anxiety,session639,patient240,639,2022-01-07
Severely Anxious,Anxiety,session640,patient222,640,2022-01-20
Severely Anxious,Anxiety,session641,patient223,641,2022-01-20
Severely Anxious,Anxiety,session642,patient237,642,2022-03-25
Severely Anxious,Anxiety,session643,patient234,643,2022-03-11
Severely Anxious,Anxiety,session644,patient211,644,2022-01-14
Severely Anxious,Anxiety,session645,patient227,645,2022-03-21
Severely Anxious,Anxiety,session646,patient218,646,2022-03-18
Severely Anxious,Anxiety,session647,patient214,647,2022-01-13
Severely Anxious,Anxiety,session648,patient216,648,2022-03-23
Severely Anxious,Anxiety,session649,patient214,649,2022-03-18
Severely Anxious,Anxiety,session650,patient207,650,2022-02-04