person_type,is_missed_id,session_id,person_id,idx,session_date
Severe Depression,TRUE,session1,patient49,1,2022-01-15
Severe Depression,TRUE,session2,patient27,2,2022-01-23
Severe Depression,TRUE,session3,patient30,3,2022-02-14
Severe Depression,TRUE,session4,patient10,4,2022-02-23
Severe Depression,TRUE,session5,patient39,5,2022-03-08
Severe Depression,TRUE,session6,patient17,6,2022-03-08
Severe Depression,TRUE,session7,patient38,7,2022-03-21
Severe Depression,TRUE,session8,patient26,8,2022-01-03
Severe Depression,TRUE,session9,patient25,9,2022-01-17
Severe Depression,TRUE,session10,patient47,10,2022-01-22
Severe Depression,TRUE,session11,patient33,11,2022-01-28
Severe Depression,TRUE,session12,patient45,12,2022-02-01
Severe Depression,TRUE,session13,patient46,13,2022-02-02
Severe Depression,TRUE,session14,patient19,14,2022-02-03
Severe Depression,TRUE,session15,patient17,15,2022-02-04
Severe Depression,TRUE,session16,patient11,16,2022-02-07
Severe Depression,TRUE,session17,patient19,17,2022-02-17
Severe Depression,TRUE,session18,patient50,18,2022-03-09
Severe Depression,TRUE,session19,patient20,19,2022-03-28
Severe Depression,TRUE,session20,patient24,20,2022-01-26
Severe Depression,TRUE,session21,patient29,21,2022-02-11
Severe Depression,TRUE,session22,patient12,22,2022-02-28
Severe Depression,TRUE,session23,patient13,23,2022-03-30
Severe Depression,TRUE,session24,patient20,24,2022-01-16
Severe Depression,TRUE,session25,patient43,25,2022-03-03
Severe Depression,TRUE,session26,patient43,26,2022-03-03
Severe Depression,TRUE,session27,patient23,27,2022-01-13
Severe Depression,TRUE,session28,patient41,28,2022-03-18
Severe Depression,TRUE,session29,patient19,29,2022-03-01
Severe Depression,TRUE,session30,patient10,30,2022-03-11
Severe Depression,TRUE,session31,patient49,31,2022-01-03
Severe Depression,TRUE,session32,patient45,32,2022-01-31
Severe Depression,TRUE,session33,patient47,33,2022-03-25
Severe Depression,TRUE,session34,patient23,34,2022-02-08
Severe Depression,TRUE,session35,patient47,35,2022-02-15
Severe Depression,TRUE,session36,patient18,36,2022-03-06
Severe Depression,TRUE,session37,patient36,37,2022-03-21
Severe Depression,TRUE,session38,patient38,38,2022-01-27
Severe Depression,TRUE,session39,patient44,39,2022-01-28
Severe Depression,TRUE,session40,patient27,40,2022-02-26
Severe Depression,TRUE,session41,patient9,41,2022-03-18
Severe Depression,TRUE,session42,patient12,42,2022-03-18
Severe Depression,TRUE,session43,patient8,43,2022-01-24
Severe Depression,TRUE,session44,patient7,44,2022-03-22
Severe Depression,TRUE,session45,patient14,45,2022-01-25
Severe Depression,TRUE,session46,patient39,46,2022-02-27
Severe Depression,TRUE,session47,patient13,47,2022-03-24
Severe Depression,TRUE,session48,patient2,48,2022-01-28
Severe Depression,TRUE,session49,patient25,49,2022-02-01
Severe Depression,TRUE,session50,patient30,50,2022-01-23
Severe Depression,TRUE,session51,patient15,51,2022-01-02
Severe Depression,TRUE,session52,patient29,52,2022-01-19
Severe Depression,TRUE,session53,patient32,53,2022-03-09
Severe Depression,TRUE,session54,patient28,54,2022-03-03
Severe Depression,TRUE,session55,patient19,55,2022-03-24
Severe Depression,TRUE,session56,patient28,56,2022-02-16
Severe Depression,TRUE,session57,patient18,57,2022-03-14
Severe Depression,TRUE,session58,patient8,58,2022-03-21
Severe Depression,TRUE,session59,patient38,59,2022-01-19
Severe Depression,TRUE,session60,patient19,60,2022-01-13
Severe Depression,TRUE,session61,patient2,61,2022-01-18
Severe Depression,TRUE,session62,patient2,62,2022-02-01
Severe Depression,TRUE,session63,patient44,63,2022-01-20
Severe Depression,TRUE,session64,patient27,64,2022-02-25
Severe Depression,TRUE,session65,patient5,65,2022-03-20
Severe Depression,TRUE,session66,patient13,66,2022-03-19
Severe Depression,TRUE,session67,patient16,67,2022-03-31
Severe Depression,TRUE,session68,patient30,68,2022-01-23
Severe Depression,TRUE,session69,patient24,69,2022-01-30
Severe Depression,TRUE,session70,patient34,70,2022-03-19
Severe Depression,TRUE,session71,patient6,71,2022-03-23
Severe Depression,TRUE,session72,patient26,72,2022-03-02
Severe Depression,TRUE,session73,patient16,73,2022-03-21
Severe Depression,TRUE,session74,patient26,74,2022-01-31
Severe Depression,TRUE,session75,patient15,75,2022-02-01
Severe Depression,TRUE,session76,patient38,76,2022-03-12
Severe Depression,TRUE,session77,patient48,77,2022-02-07
Severe Depression,TRUE,session78,patient48,78,2022-01-02
Severe Depression,TRUE,session79,patient13,79,2022-01-04
Severe Depression,TRUE,session80,patient16,80,2022-03-08
Severe Depression,TRUE,session81,patient23,81,2022-03-25
Severe Depression,TRUE,session82,patient9,82,2022-01-18
Severe Depression,TRUE,session83,patient4,83,2022-02-27
Severe Depression,TRUE,session84,patient8,84,2022-03-13
Severe Depression,TRUE,session85,patient16,85,2022-01-24
Severe Depression,TRUE,session86,patient23,86,2022-01-29
Severe Depression,TRUE,session87,patient22,87,2022-01-11
Severe Depression,TRUE,session88,patient48,88,2022-02-02
Severe Depression,TRUE,session89,patient8,89,2022-03-04
Severe Depression,TRUE,session90,patient42,90,2022-03-15
Severe Depression,TRUE,session91,patient46,91,2022-03-20
Severe Depression,TRUE,session92,patient5,92,2022-02-11
Severe Depression,TRUE,session93,patient2,93,2022-01-22
Severe Depression,TRUE,session94,patient47,94,2022-01-25
Severe Depression,TRUE,session95,patient50,95,2022-01-01
Severe Depression,TRUE,session96,patient36,96,2022-01-17
Severe Depression,TRUE,session97,patient35,97,2022-02-20
Severe Depression,TRUE,session98,patient29,98,2022-03-19
Severe Depression,TRUE,session99,patient44,99,2022-01-20
Severe Depression,TRUE,session100,patient37,100,2022-02-13
Severe Depression,TRUE,session101,patient6,101,2022-03-05
Severe Depression,TRUE,session102,patient2,102,2022-01-05
Severe Depression,TRUE,session103,patient44,103,2022-02-03
Severe Depression,TRUE,session104,patient28,104,2022-02-12
Severe Depression,TRUE,session105,patient47,105,2022-02-18
Severe Depression,TRUE,session106,patient22,106,2022-02-24
Severe Depression,TRUE,session107,patient15,107,2022-02-01
Severe Depression,TRUE,session108,patient25,108,2022-03-02
Severe Depression,TRUE,session109,patient32,109,2022-01-24
Severe Depression,TRUE,session110,patient9,110,2022-01-26
Severe Depression,TRUE,session111,patient27,111,2022-02-16
Severe Depression,TRUE,session112,patient39,112,2022-01-23
Severe Depression,TRUE,session113,patient26,113,2022-03-05
Severe Depression,TRUE,session114,patient17,114,2022-01-22
Severe Depression,TRUE,session115,patient50,115,2022-02-01
Severe Depression,TRUE,session116,patient22,116,2022-02-17
Severe Depression,TRUE,session117,patient39,117,2022-03-12
Severe Depression,TRUE,session118,patient9,118,2022-03-20
Severe Depression,TRUE,session119,patient47,119,2022-02-28
Severe Depression,TRUE,session120,patient29,120,2022-02-10
Moderate Depression,TRUE,session121,patient99,121,2022-03-18
Moderate Depression,TRUE,session122,patient63,122,2022-03-12
Moderate Depression,TRUE,session123,patient67,123,2022-01-18
Moderate Depression,TRUE,session124,patient96,124,2022-03-25
Moderate Depression,TRUE,session125,patient76,125,2022-03-30
Moderate Depression,TRUE,session126,patient72,126,2022-01-04
Moderate Depression,TRUE,session127,patient82,127,2022-01-15
Moderate Depression,TRUE,session128,patient88,128,2022-02-11
Moderate Depression,TRUE,session129,patient68,129,2022-01-26
Moderate Depression,TRUE,session130,patient71,130,2022-02-11
Moderate Depression,TRUE,session131,patient88,131,2022-03-01
Moderate Depression,TRUE,session132,patient81,132,2022-03-08
Moderate Depression,TRUE,session133,patient95,133,2022-03-08
Moderate Depression,TRUE,session134,patient83,134,2022-03-26
Moderate Depression,TRUE,session135,patient91,135,2022-02-22
Moderate Depression,TRUE,session136,patient100,136,2022-01-03
Moderate Depression,TRUE,session137,patient71,137,2022-02-10
Moderate Depression,TRUE,session138,patient59,138,2022-02-10
Moderate Depression,TRUE,session139,patient66,139,2022-02-11
Moderate Depression,TRUE,session140,patient80,140,2022-02-13
Moderate Depression,TRUE,session141,patient97,141,2022-02-28
Moderate Depression,TRUE,session142,patient85,142,2022-03-14
Moderate Depression,TRUE,session143,patient97,143,2022-03-15
Moderate Depression,TRUE,session144,patient67,144,2022-01-19
Moderate Depression,TRUE,session145,patient59,145,2022-02-20
Moderate Depression,TRUE,session146,patient75,146,2022-02-20
Moderate Depression,TRUE,session147,patient75,147,2022-03-09
Moderate Depression,TRUE,session148,patient100,148,2022-03-23
Moderate Depression,TRUE,session149,patient80,149,2022-01-12
Moderate Depression,TRUE,session150,patient89,150,2022-02-06
Moderate Depression,TRUE,session151,patient72,151,2022-02-13
Moderate Depression,TRUE,session152,patient79,152,2022-02-21
Moderate Depression,TRUE,session153,patient90,153,2022-03-01
Moderate Depression,TRUE,session154,patient53,154,2022-03-17
Moderate Depression,TRUE,session155,patient60,155,2022-03-28
Moderate Depression,TRUE,session156,patient71,156,2022-01-05
Moderate Depression,TRUE,session157,patient97,157,2022-01-08
Moderate Depression,TRUE,session158,patient65,158,2022-02-05
Moderate Depression,TRUE,session159,patient64,159,2022-03-14
Moderate Depression,TRUE,session160,patient58,160,2022-01-10
Moderate Depression,TRUE,session161,patient54,161,2022-02-17
Moderate Depression,TRUE,session162,patient96,162,2022-03-03
Moderate Depression,TRUE,session163,patient89,163,2022-03-27
Moderate Depression,TRUE,session164,patient77,164,2022-02-16
Moderate Depression,TRUE,session165,patient100,165,2022-03-07
Moderate Depression,TRUE,session166,patient90,166,2022-03-18
Moderate Depression,TRUE,session167,patient84,167,2022-03-26
Moderate Depression,TRUE,session168,patient66,168,2022-01-18
Moderate Depression,TRUE,session169,patient79,169,2022-02-04
Moderate Depression,TRUE,session170,patient97,170,2022-02-20
Moderate Depression,TRUE,session171,patient73,171,2022-03-21
Moderate Depression,TRUE,session172,patient51,172,2022-03-24
Moderate Depression,TRUE,session173,patient79,173,2022-03-31
Moderate Depression,TRUE,session174,patient52,174,2022-01-02
Moderate Depression,TRUE,session175,patient59,175,2022-03-01
Moderate Depression,TRUE,session176,patient96,176,2022-01-27
Moderate Depression,TRUE,session177,patient84,177,2022-02-17
Moderate Depression,TRUE,session178,patient57,178,2022-03-12
Moderate Depression,TRUE,session179,patient75,179,2022-03-23
Moderate Depression,TRUE,session180,patient90,180,2022-03-15
Mixed,TRUE,session181,patient148,181,2022-01-23
Mixed,TRUE,session182,patient110,182,2022-02-11
Mixed,TRUE,session183,patient142,183,2022-03-20
Mixed,TRUE,session184,patient150,184,2022-03-24
Mixed,TRUE,session185,patient137,185,2022-02-03
Mixed,TRUE,session186,patient116,186,2022-01-07
Mixed,TRUE,session187,patient101,187,2022-01-18
Mixed,TRUE,session188,patient140,188,2022-01-22
Mixed,TRUE,session189,patient133,189,2022-01-29
Mixed,TRUE,session190,patient126,190,2022-03-11
Mixed,TRUE,session191,patient109,191,2022-03-16
Mixed,TRUE,session192,patient147,192,2022-03-29
Mixed,TRUE,session193,patient117,193,2022-01-16
Mixed,TRUE,session194,patient106,194,2022-02-08
Mixed,TRUE,session195,patient115,195,2022-03-07
Mixed,TRUE,session196,patient101,196,2022-03-21
Mixed,TRUE,session197,patient114,197,2022-01-06
Mixed,TRUE,session198,patient147,198,2022-01-16
Mixed,TRUE,session199,patient113,199,2022-02-22
Mixed,TRUE,session200,patient109,200,2022-02-23
Anxious,TRUE,session201,patient167,201,2022-03-02
Anxious,TRUE,session202,patient175,202,2022-03-20
Anxious,TRUE,session203,patient193,203,2022-02-24
Anxious,TRUE,session204,patient197,204,2022-03-11
Anxious,TRUE,session205,patient163,205,2022-03-17
Anxious,TRUE,session206,patient183,206,2022-03-23
Anxious,TRUE,session207,patient156,207,2022-03-26
Anxious,TRUE,session208,patient165,208,2022-01-06
Anxious,TRUE,session209,patient196,209,2022-01-16
Anxious,TRUE,session210,patient170,210,2022-01-18
Anxious,TRUE,session211,patient192,211,2022-03-08
Anxious,TRUE,session212,patient182,212,2022-01-03
Anxious,TRUE,session213,patient159,213,2022-01-26
Anxious,TRUE,session214,patient184,214,2022-01-31
Anxious,TRUE,session215,patient159,215,2022-02-18
Anxious,TRUE,session216,patient163,216,2022-03-24
Anxious,TRUE,session217,patient158,217,2022-01-04
Anxious,TRUE,session218,patient192,218,2022-01-15
Anxious,TRUE,session219,patient174,219,2022-01-23
Anxious,TRUE,session220,patient198,220,2022-01-25
Anxious,TRUE,session221,patient184,221,2022-01-26
Anxious,TRUE,session222,patient175,222,2022-01-19
Anxious,TRUE,session223,patient173,223,2022-02-25
Anxious,TRUE,session224,patient161,224,2022-01-18
Anxious,TRUE,session225,patient183,225,2022-02-07
Anxious,TRUE,session226,patient156,226,2022-02-13
Anxious,TRUE,session227,patient168,227,2022-03-03
Anxious,TRUE,session228,patient185,228,2022-03-15
Anxious,TRUE,session229,patient170,229,2022-01-10
Anxious,TRUE,session230,patient190,230,2022-01-30
Anxious,TRUE,session231,patient189,231,2022-02-17
Anxious,TRUE,session232,patient192,232,2022-03-13
Anxious,TRUE,session233,patient168,233,2022-03-15
Anxious,TRUE,session234,patient165,234,2022-01-08
Anxious,TRUE,session235,patient161,235,2022-02-07
Anxious,TRUE,session236,patient178,236,2022-02-24
Anxious,TRUE,session237,patient165,237,2022-03-06
Anxious,TRUE,session238,patient192,238,2022-02-15
Anxious,TRUE,session239,patient171,239,2022-02-28
Anxious,TRUE,session240,patient165,240,2022-01-02
Anxious,TRUE,session241,patient172,241,2022-01-07
Anxious,TRUE,session242,patient185,242,2022-01-21
Anxious,TRUE,session243,patient156,243,2022-02-09
Anxious,TRUE,session244,patient179,244,2022-02-18
Anxious,TRUE,session245,patient170,245,2022-02-23
Anxious,TRUE,session246,patient174,246,2022-03-29
Anxious,TRUE,session247,patient174,247,2022-01-05
Anxious,TRUE,session248,patient166,248,2022-02-17
Anxious,TRUE,session249,patient152,249,2022-03-15
Anxious,TRUE,session250,patient187,250,2022-01-27
Anxious,TRUE,session251,patient173,251,2022-02-02
Anxious,TRUE,session252,patient196,252,2022-03-17
Anxious,TRUE,session253,patient188,253,2022-03-31
Anxious,TRUE,session254,patient178,254,2022-01-18
Anxious,TRUE,session255,patient163,255,2022-03-05
Anxious,TRUE,session256,patient196,256,2022-03-31
Anxious,TRUE,session257,patient159,257,2022-01-29
Anxious,TRUE,session258,patient173,258,2022-02-17
Anxious,TRUE,session259,patient155,259,2022-02-18
Anxious,TRUE,session260,patient178,260,2022-02-20
Severely Anxious,TRUE,session261,patient210,261,2022-03-18
Severely Anxious,TRUE,session262,patient232,262,2022-03-22
Severely Anxious,TRUE,session263,patient219,263,2022-01-11
Severely Anxious,TRUE,session264,patient238,264,2022-02-23
Severely Anxious,TRUE,session265,patient203,265,2022-03-31
Severely Anxious,TRUE,session266,patient229,266,2022-01-19
Severely Anxious,TRUE,session267,patient225,267,2022-02-11
Severely Anxious,TRUE,session268,patient208,268,2022-03-05
Severely Anxious,TRUE,session269,patient207,269,2022-03-14
Severely Anxious,TRUE,session270,patient231,270,2022-03-15
Severely Anxious,TRUE,session271,patient218,271,2022-01-09
Severely Anxious,TRUE,session272,patient214,272,2022-02-17
Severely Anxious,TRUE,session273,patient236,273,2022-03-09
Severely Anxious,TRUE,session274,patient242,274,2022-02-02
Severely Anxious,TRUE,session275,patient233,275,2022-03-05
Severely Anxious,TRUE,session276,patient244,276,2022-01-03
Severely Anxious,TRUE,session277,patient225,277,2022-01-17
Severely Anxious,TRUE,session278,patient238,278,2022-01-04
Severely Anxious,TRUE,session279,patient247,279,2022-02-18
Severely Anxious,TRUE,session280,patient244,280,2022-02-25
Severely Anxious,TRUE,session281,patient230,281,2022-02-25
Severely Anxious,TRUE,session282,patient211,282,2022-01-31
Severely Anxious,TRUE,session283,patient223,283,2022-03-09
Severely Anxious,TRUE,session284,patient223,284,2022-03-18
Severely Anxious,TRUE,session285,patient226,285,2022-01-15
Severely Anxious,TRUE,session286,patient232,286,2022-02-21
Severely Anxious,TRUE,session287,patient214,287,2022-02-25
Severely Anxious,TRUE,session288,patient246,288,2022-03-30
Severely Anxious,TRUE,session289,patient233,289,2022-01-09
Severely Anxious,TRUE,session290,patient238,290,2022-02-19
Severely Anxious,TRUE,session291,patient219,291,2022-02-26
Severely Anxious,TRUE,session292,patient221,292,2022-02-28
Severely Anxious,TRUE,session293,patient211,293,2022-03-14
Severely Anxious,TRUE,session294,patient238,294,2022-01-03
Severely Anxious,TRUE,session295,patient245,295,2022-01-26
Severely Anxious,TRUE,session296,patient223,296,2022-01-28
Severely Anxious,TRUE,session297,patient247,297,2022-02-02
Severely Anxious,TRUE,session298,patient239,298,2022-02-09
Severely Anxious,TRUE,session299,patient242,299,2022-03-17
Severely Anxious,TRUE,session300,patient212,300,2022-01-06
Severely Anxious,TRUE,session301,patient217,301,2022-01-17
Severely Anxious,TRUE,session302,patient217,302,2022-02-09
Severely Anxious,TRUE,session303,patient248,303,2022-02-28
Severely Anxious,TRUE,session304,patient236,304,2022-03-05
Severely Anxious,TRUE,session305,patient240,305,2022-03-09
Severely Anxious,TRUE,session306,patient214,306,2022-03-14
Severely Anxious,TRUE,session307,patient240,307,2022-03-14
Severely Anxious,TRUE,session308,patient203,308,2022-03-25
Severely Anxious,TRUE,session309,patient219,309,2022-01-21
Severely Anxious,TRUE,session310,patient235,310,2022-01-22
Severely Anxious,TRUE,session311,patient217,311,2022-02-07
Severely Anxious,TRUE,session312,patient240,312,2022-03-03
Severely Anxious,TRUE,session313,patient208,313,2022-03-09
Severely Anxious,TRUE,session314,patient233,314,2022-03-10
Severely Anxious,TRUE,session315,patient204,315,2022-01-28
Severely Anxious,TRUE,session316,patient201,316,2022-02-03
Severely Anxious,TRUE,session317,patient210,317,2022-03-01
Severely Anxious,TRUE,session318,patient217,318,2022-01-10
Severely Anxious,TRUE,session319,patient225,319,2022-02-22
Severely Anxious,TRUE,session320,patient216,320,2022-02-26
Severely Anxious,TRUE,session321,patient229,321,2022-03-27
Severely Anxious,TRUE,session322,patient231,322,2022-03-28
Severely Anxious,TRUE,session323,patient230,323,2022-02-20
Severely Anxious,TRUE,session324,patient230,324,2022-02-28
Severely Anxious,TRUE,session325,patient228,325,2022-03-05
Severely Anxious,TRUE,session326,patient218,326,2022-01-16
Severely Anxious,TRUE,session327,patient250,327,2022-02-06
Severely Anxious,TRUE,session328,patient231,328,2022-03-02
Severely Anxious,TRUE,session329,patient247,329,2022-03-13
Severely Anxious,TRUE,session330,patient216,330,2022-01-06
Severely Anxious,TRUE,session331,patient239,331,2022-02-02
Severely Anxious,TRUE,session332,patient211,332,2022-02-03
Severely Anxious,TRUE,session333,patient231,333,2022-02-21
Severely Anxious,TRUE,session334,patient204,334,2022-03-25
Severely Anxious,TRUE,session335,patient218,335,2022-03-09
Severely Anxious,TRUE,session336,patient209,336,2022-03-04
Severely Anxious,TRUE,session337,patient201,337,2022-01-08
Severely Anxious,TRUE,session338,patient225,338,2022-01-13
Severely Anxious,TRUE,session339,patient220,339,2022-01-24
Severely Anxious,TRUE,session340,patient212,340,2022-02-27
Severely Anxious,TRUE,session341,patient222,341,2022-01-11
Severely Anxious,TRUE,session342,patient248,342,2022-02-23
Severely Anxious,TRUE,session343,patient237,343,2022-02-18
Severely Anxious,TRUE,session344,patient248,344,2022-02-22
Severely Anxious,TRUE,session345,patient214,345,2022-02-26
Severely Anxious,TRUE,session346,patient249,346,2022-02-27
Severely Anxious,TRUE,session347,patient245,347,2022-01-09
Severely Anxious,TRUE,session348,patient243,348,2022-01-10
Severely Anxious,TRUE,session349,patient209,349,2022-01-24
Severely Anxious,TRUE,session350,patient250,350,2022-02-02
Severely Anxious,TRUE,session351,patient206,351,2022-03-10
Severely Anxious,TRUE,session352,patient248,352,2022-03-16
Severely Anxious,TRUE,session353,patient234,353,2022-02-05
Severely Anxious,TRUE,session354,patient235,354,2022-03-01
Severely Anxious,TRUE,session355,patient250,355,2022-03-07
Severely Anxious,TRUE,session356,patient243,356,2022-03-25
Severely Anxious,TRUE,session357,patient203,357,2022-03-18
Severely Anxious,TRUE,session358,patient225,358,2022-01-15
Severely Anxious,TRUE,session359,patient217,359,2022-02-22
Severely Anxious,TRUE,session360,patient226,360,2022-03-07
Severely Anxious,TRUE,session361,patient216,361,2022-03-06
Severely Anxious,TRUE,session362,patient224,362,2022-03-31
Severely Anxious,TRUE,session363,patient234,363,2022-02-20
Severely Anxious,TRUE,session364,patient203,364,2022-02-23
Severely Anxious,TRUE,session365,patient221,365,2022-03-01
Severely Anxious,TRUE,session366,patient232,366,2022-03-18
Severely Anxious,TRUE,session367,patient221,367,2022-02-06
Severely Anxious,TRUE,session368,patient226,368,2022-02-06
Severely Anxious,TRUE,session369,patient208,369,2022-03-03
Severely Anxious,TRUE,session370,patient247,370,2022-03-22
Severely Anxious,TRUE,session371,patient227,371,2022-01-10
Severely Anxious,TRUE,session372,patient234,372,2022-01-28
Severely Anxious,TRUE,session373,patient210,373,2022-03-03
Severely Anxious,TRUE,session374,patient217,374,2022-03-20
Severely Anxious,TRUE,session375,patient218,375,2022-03-25
Severely Anxious,TRUE,session376,patient206,376,2022-01-30
Severely Anxious,TRUE,session377,patient207,377,2022-02-17
Severely Anxious,TRUE,session378,patient206,378,2022-03-29
Severely Anxious,TRUE,session379,patient227,379,2022-01-17
Severely Anxious,TRUE,session380,patient221,380,2022-01-24
Severe Depression,FALSE,session381,patient14,381,2022-02-08
Severe Depression,FALSE,session382,patient16,382,2022-03-20
Severe Depression,FALSE,session383,patient40,383,2022-03-20
Severe Depression,FALSE,session384,patient15,384,2022-02-28
Severe Depression,FALSE,session385,patient29,385,2022-03-20
Severe Depression,FALSE,session386,patient5,386,2022-03-23
Severe Depression,FALSE,session387,patient43,387,2022-03-29
Severe Depression,FALSE,session388,patient35,388,2022-03-30
Severe Depression,FALSE,session389,patient23,389,2022-01-12
Severe Depression,FALSE,session390,patient21,390,2022-01-23
Severe Depression,FALSE,session391,patient13,391,2022-02-09
Severe Depression,FALSE,session392,patient26,392,2022-02-22
Severe Depression,FALSE,session393,patient30,393,2022-01-07
Severe Depression,FALSE,session394,patient29,394,2022-01-20
Severe Depression,FALSE,session395,patient26,395,2022-01-21
Severe Depression,FALSE,session396,patient17,396,2022-02-15
Severe Depression,FALSE,session397,patient20,397,2022-01-20
Severe Depression,FALSE,session398,patient28,398,2022-02-11
Severe Depression,FALSE,session399,patient27,399,2022-02-12
Severe Depression,FALSE,session400,patient14,400,2022-02-21
Severe Depression,FALSE,session401,patient34,401,2022-03-10
Severe Depression,FALSE,session402,patient41,402,2022-03-20
Severe Depression,FALSE,session403,patient34,403,2022-03-03
Severe Depression,FALSE,session404,patient34,404,2022-01-05
Severe Depression,FALSE,session405,patient18,405,2022-02-16
Severe Depression,FALSE,session406,patient34,406,2022-02-28
Severe Depression,FALSE,session407,patient39,407,2022-03-01
Severe Depression,FALSE,session408,patient13,408,2022-03-10
Severe Depression,FALSE,session409,patient7,409,2022-01-26
Severe Depression,FALSE,session410,patient45,410,2022-01-27
Severe Depression,FALSE,session411,patient48,411,2022-02-18
Severe Depression,FALSE,session412,patient1,412,2022-02-24
Severe Depression,FALSE,session413,patient40,413,2022-02-28
Severe Depression,FALSE,session414,patient2,414,2022-01-09
Severe Depression,FALSE,session415,patient12,415,2022-02-04
Severe Depression,FALSE,session416,patient19,416,2022-03-20
Severe Depression,FALSE,session417,patient37,417,2022-02-11
Severe Depression,FALSE,session418,patient5,418,2022-02-13
Severe Depression,FALSE,session419,patient13,419,2022-03-22
Severe Depression,FALSE,session420,patient37,420,2022-02-11
Severe Depression,FALSE,session421,patient9,421,2022-02-15
Severe Depression,FALSE,session422,patient6,422,2022-03-01
Severe Depression,FALSE,session423,patient22,423,2022-01-04
Severe Depression,FALSE,session424,patient2,424,2022-01-14
Severe Depression,FALSE,session425,patient38,425,2022-02-14
Severe Depression,FALSE,session426,patient25,426,2022-03-19
Severe Depression,FALSE,session427,patient34,427,2022-03-30
Severe Depression,FALSE,session428,patient27,428,2022-01-05
Severe Depression,FALSE,session429,patient21,429,2022-01-17
Severe Depression,FALSE,session430,patient23,430,2022-02-18
Severe Depression,FALSE,session431,patient38,431,2022-03-25
Severe Depression,FALSE,session432,patient18,432,2022-02-15
Severe Depression,FALSE,session433,patient15,433,2022-02-17
Severe Depression,FALSE,session434,patient29,434,2022-02-19
Severe Depression,FALSE,session435,patient38,435,2022-02-27
Severe Depression,FALSE,session436,patient30,436,2022-01-20
Severe Depression,FALSE,session437,patient47,437,2022-02-02
Severe Depression,FALSE,session438,patient2,438,2022-02-07
Severe Depression,FALSE,session439,patient18,439,2022-02-28
Severe Depression,FALSE,session440,patient1,440,2022-03-30
Moderate Depression,FALSE,session441,patient88,441,2022-02-28
Moderate Depression,FALSE,session442,patient57,442,2022-03-21
Moderate Depression,FALSE,session443,patient55,443,2022-03-25
Moderate Depression,FALSE,session444,patient83,444,2022-02-03
Moderate Depression,FALSE,session445,patient59,445,2022-02-18
Moderate Depression,FALSE,session446,patient91,446,2022-03-16
Moderate Depression,FALSE,session447,patient87,447,2022-03-19
Moderate Depression,FALSE,session448,patient59,448,2022-01-01
Moderate Depression,FALSE,session449,patient81,449,2022-01-04
Moderate Depression,FALSE,session450,patient92,450,2022-01-11
Moderate Depression,FALSE,session451,patient97,451,2022-02-22
Moderate Depression,FALSE,session452,patient72,452,2022-03-09
Moderate Depression,FALSE,session453,patient51,453,2022-01-07
Moderate Depression,FALSE,session454,patient51,454,2022-01-22
Moderate Depression,FALSE,session455,patient53,455,2022-02-25
Moderate Depression,FALSE,session456,patient81,456,2022-01-18
Moderate Depression,FALSE,session457,patient91,457,2022-02-06
Moderate Depression,FALSE,session458,patient63,458,2022-02-21
Moderate Depression,FALSE,session459,patient64,459,2022-02-22
Moderate Depression,FALSE,session460,patient78,460,2022-03-25
Moderate Depression,FALSE,session461,patient86,461,2022-02-05
Moderate Depression,FALSE,session462,patient84,462,2022-03-06
Moderate Depression,FALSE,session463,patient62,463,2022-01-25
Moderate Depression,FALSE,session464,patient97,464,2022-03-08
Moderate Depression,FALSE,session465,patient92,465,2022-03-19
Moderate Depression,FALSE,session466,patient61,466,2022-02-12
Moderate Depression,FALSE,session467,patient90,467,2022-02-22
Moderate Depression,FALSE,session468,patient62,468,2022-01-05
Moderate Depression,FALSE,session469,patient93,469,2022-02-10
Moderate Depression,FALSE,session470,patient51,470,2022-02-16
Moderate Depression,FALSE,session471,patient92,471,2022-03-16
Moderate Depression,FALSE,session472,patient71,472,2022-01-14
Moderate Depression,FALSE,session473,patient88,473,2022-02-16
Moderate Depression,FALSE,session474,patient94,474,2022-02-26
Moderate Depression,FALSE,session475,patient82,475,2022-03-04
Moderate Depression,FALSE,session476,patient65,476,2022-03-13
Moderate Depression,FALSE,session477,patient89,477,2022-03-27
Moderate Depression,FALSE,session478,patient82,478,2022-01-03
Moderate Depression,FALSE,session479,patient66,479,2022-01-09
Moderate Depression,FALSE,session480,patient58,480,2022-01-10
Moderate Depression,FALSE,session481,patient56,481,2022-01-13
Moderate Depression,FALSE,session482,patient83,482,2022-03-12
Moderate Depression,FALSE,session483,patient71,483,2022-03-31
Moderate Depression,FALSE,session484,patient52,484,2022-02-03
Moderate Depression,FALSE,session485,patient69,485,2022-02-07
Moderate Depression,FALSE,session486,patient57,486,2022-03-09
Moderate Depression,FALSE,session487,patient98,487,2022-03-25
Moderate Depression,FALSE,session488,patient67,488,2022-01-07
Moderate Depression,FALSE,session489,patient79,489,2022-01-24
Moderate Depression,FALSE,session490,patient54,490,2022-02-01
Moderate Depression,FALSE,session491,patient79,491,2022-03-20
Moderate Depression,FALSE,session492,patient72,492,2022-01-18
Moderate Depression,FALSE,session493,patient62,493,2022-02-07
Moderate Depression,FALSE,session494,patient56,494,2022-03-06
Moderate Depression,FALSE,session495,patient83,495,2022-03-12
Moderate Depression,FALSE,session496,patient86,496,2022-03-26
Moderate Depression,FALSE,session497,patient62,497,2022-01-05
Moderate Depression,FALSE,session498,patient59,498,2022-01-07
Moderate Depression,FALSE,session499,patient84,499,2022-01-07
Moderate Depression,FALSE,session500,patient70,500,2022-01-10
Moderate Depression,FALSE,session501,patient76,501,2022-01-12
Moderate Depression,FALSE,session502,patient79,502,2022-02-01
Moderate Depression,FALSE,session503,patient69,503,2022-03-30
Moderate Depression,FALSE,session504,patient98,504,2022-01-08
Moderate Depression,FALSE,session505,patient70,505,2022-02-19
Moderate Depression,FALSE,session506,patient51,506,2022-03-15
Moderate Depression,FALSE,session507,patient53,507,2022-01-23
Moderate Depression,FALSE,session508,patient56,508,2022-02-01
Moderate Depression,FALSE,session509,patient91,509,2022-02-21
Moderate Depression,FALSE,session510,patient56,510,2022-03-09
Moderate Depression,FALSE,session511,patient96,511,2022-03-28
Moderate Depression,FALSE,session512,patient54,512,2022-02-09
Moderate Depression,FALSE,session513,patient64,513,2022-03-29
Moderate Depression,FALSE,session514,patient66,514,2022-01-10
Moderate Depression,FALSE,session515,patient69,515,2022-02-07
Moderate Depression,FALSE,session516,patient93,516,2022-02-21
Moderate Depression,FALSE,session517,patient72,517,2022-03-04
Moderate Depression,FALSE,session518,patient65,518,2022-01-17
Moderate Depression,FALSE,session519,patient68,519,2022-02-16
Moderate Depression,FALSE,session520,patient66,520,2022-01-23
Moderate Depression,FALSE,session521,patient76,521,2022-03-03
Moderate Depression,FALSE,session522,patient74,522,2022-03-19
Moderate Depression,FALSE,session523,patient85,523,2022-01-21
Moderate Depression,FALSE,session524,patient72,524,2022-01-26
Moderate Depression,FALSE,session525,patient68,525,2022-02-03
Moderate Depression,FALSE,session526,patient66,526,2022-02-04
Moderate Depression,FALSE,session527,patient65,527,2022-03-07
Moderate Depression,FALSE,session528,patient63,528,2022-03-09
Moderate Depression,FALSE,session529,patient93,529,2022-03-23
Moderate Depression,FALSE,session530,patient63,530,2022-01-07
Moderate Depression,FALSE,session531,patient55,531,2022-01-11
Moderate Depression,FALSE,session532,patient85,532,2022-01-24
Moderate Depression,FALSE,session533,patient92,533,2022-01-29
Moderate Depression,FALSE,session534,patient91,534,2022-02-19
Moderate Depression,FALSE,session535,patient82,535,2022-03-05
Moderate Depression,FALSE,session536,patient84,536,2022-01-19
Moderate Depression,FALSE,session537,patient63,537,2022-02-22
Moderate Depression,FALSE,session538,patient54,538,2022-03-01
Moderate Depression,FALSE,session539,patient54,539,2022-03-21
Moderate Depression,FALSE,session540,patient64,540,2022-03-25
Moderate Depression,FALSE,session541,patient88,541,2022-03-31
Moderate Depression,FALSE,session542,patient65,542,2022-01-14
Moderate Depression,FALSE,session543,patient92,543,2022-02-10
Moderate Depression,FALSE,session544,patient99,544,2022-03-01
Moderate Depression,FALSE,session545,patient62,545,2022-03-01
Moderate Depression,FALSE,session546,patient87,546,2022-03-22
Moderate Depression,FALSE,session547,patient69,547,2022-01-03
Moderate Depression,FALSE,session548,patient81,548,2022-01-22
Moderate Depression,FALSE,session549,patient96,549,2022-02-05
Moderate Depression,FALSE,session550,patient84,550,2022-02-09
Moderate Depression,FALSE,session551,patient74,551,2022-02-13
Moderate Depression,FALSE,session552,patient86,552,2022-03-09
Moderate Depression,FALSE,session553,patient59,553,2022-01-04
Moderate Depression,FALSE,session554,patient89,554,2022-01-09
Moderate Depression,FALSE,session555,patient78,555,2022-02-06
Moderate Depression,FALSE,session556,patient66,556,2022-02-11
Moderate Depression,FALSE,session557,patient86,557,2022-02-11
Moderate Depression,FALSE,session558,patient92,558,2022-03-24
Moderate Depression,FALSE,session559,patient96,559,2022-01-03
Moderate Depression,FALSE,session560,patient84,560,2022-01-03
Moderate Depression,FALSE,session561,patient56,561,2022-02-20
Moderate Depression,FALSE,session562,patient95,562,2022-03-11
Moderate Depression,FALSE,session563,patient92,563,2022-01-01
Moderate Depression,FALSE,session564,patient85,564,2022-03-15
Moderate Depression,FALSE,session565,patient74,565,2022-03-22
Moderate Depression,FALSE,session566,patient59,566,2022-02-11
Moderate Depression,FALSE,session567,patient61,567,2022-02-26
Moderate Depression,FALSE,session568,patient90,568,2022-03-02
Moderate Depression,FALSE,session569,patient98,569,2022-03-08
Moderate Depression,FALSE,session570,patient66,570,2022-03-19
Moderate Depression,FALSE,session571,patient56,571,2022-01-06
Moderate Depression,FALSE,session572,patient86,572,2022-01-08
Moderate Depression,FALSE,session573,patient89,573,2022-01-09
Moderate Depression,FALSE,session574,patient81,574,2022-01-19
Moderate Depression,FALSE,session575,patient74,575,2022-02-10
Moderate Depression,FALSE,session576,patient79,576,2022-02-24
Moderate Depression,FALSE,session577,patient67,577,2022-01-02
Moderate Depression,FALSE,session578,patient91,578,2022-02-10
Moderate Depression,FALSE,session579,patient80,579,2022-03-20
Moderate Depression,FALSE,session580,patient64,580,2022-03-29
Mixed,FALSE,session581,patient138,581,2022-03-31
Mixed,FALSE,session582,patient130,582,2022-01-15
Mixed,FALSE,session583,patient136,583,2022-01-27
Mixed,FALSE,session584,patient137,584,2022-02-15
Mixed,FALSE,session585,patient129,585,2022-02-24
Mixed,FALSE,session586,patient139,586,2022-03-21
Mixed,FALSE,session587,patient101,587,2022-01-02
Mixed,FALSE,session588,patient139,588,2022-03-08
Mixed,FALSE,session589,patient123,589,2022-01-15
Mixed,FALSE,session590,patient141,590,2022-01-24
Mixed,FALSE,session591,patient117,591,2022-02-26
Mixed,FALSE,session592,patient133,592,2022-03-06
Mixed,FALSE,session593,patient109,593,2022-03-10
Mixed,FALSE,session594,patient138,594,2022-01-20
Mixed,FALSE,session595,patient118,595,2022-01-13
Mixed,FALSE,session596,patient111,596,2022-01-23
Mixed,FALSE,session597,patient114,597,2022-02-12
Mixed,FALSE,session598,patient143,598,2022-02-20
Mixed,FALSE,session599,patient116,599,2022-02-20
Mixed,FALSE,session600,patient121,600,2022-02-23
Mixed,FALSE,session601,patient115,601,2022-03-25
Mixed,FALSE,session602,patient103,602,2022-01-12
Mixed,FALSE,session603,patient108,603,2022-01-28
Mixed,FALSE,session604,patient118,604,2022-02-20
Mixed,FALSE,session605,patient127,605,2022-03-05
Mixed,FALSE,session606,patient108,606,2022-03-09
Mixed,FALSE,session607,patient120,607,2022-03-21
Mixed,FALSE,session608,patient138,608,2022-01-20
Mixed,FALSE,session609,patient132,609,2022-01-22
Mixed,FALSE,session610,patient127,610,2022-02-08
Mixed,FALSE,session611,patient105,611,2022-02-18
Mixed,FALSE,session612,patient146,612,2022-03-03
Mixed,FALSE,session613,patient119,613,2022-03-08
Mixed,FALSE,session614,patient129,614,2022-02-27
Mixed,FALSE,session615,patient141,615,2022-01-19
Mixed,FALSE,session616,patient105,616,2022-01-21
Mixed,FALSE,session617,patient146,617,2022-01-24
Mixed,FALSE,session618,patient133,618,2022-01-29
Mixed,FALSE,session619,patient122,619,2022-02-18
Mixed,FALSE,session620,patient115,620,2022-02-22
Mixed,FALSE,session621,patient127,621,2022-03-05
Mixed,FALSE,session622,patient143,622,2022-01-03
Mixed,FALSE,session623,patient144,623,2022-01-07
Mixed,FALSE,session624,patient125,624,2022-01-18
Mixed,FALSE,session625,patient108,625,2022-02-11
Mixed,FALSE,session626,patient116,626,2022-02-14
Mixed,FALSE,session627,patient121,627,2022-02-15
Mixed,FALSE,session628,patient144,628,2022-01-23
Mixed,FALSE,session629,patient149,629,2022-01-29
Mixed,FALSE,session630,patient126,630,2022-02-10
Mixed,FALSE,session631,patient136,631,2022-02-10
Mixed,FALSE,session632,patient124,632,2022-02-20
Mixed,FALSE,session633,patient136,633,2022-02-27
Mixed,FALSE,session634,patient109,634,2022-03-17
Mixed,FALSE,session635,patient141,635,2022-03-22
Mixed,FALSE,session636,patient126,636,2022-01-14
Mixed,FALSE,session637,patient112,637,2022-02-07
Mixed,FALSE,session638,patient103,638,2022-01-16
Mixed,FALSE,session639,patient122,639,2022-01-24
Mixed,FALSE,session640,patient119,640,2022-03-10
Mixed,FALSE,session641,patient127,641,2022-02-13
Mixed,FALSE,session642,patient123,642,2022-03-10
Mixed,FALSE,session643,patient110,643,2022-01-23
Mixed,FALSE,session644,patient147,644,2022-02-21
Mixed,FALSE,session645,patient144,645,2022-03-03
Mixed,FALSE,session646,patient129,646,2022-03-09
Mixed,FALSE,session647,patient129,647,2022-03-21
Mixed,FALSE,session648,patient125,648,2022-01-03
Mixed,FALSE,session649,patient137,649,2022-01-24
Mixed,FALSE,session650,patient112,650,2022-01-31
Mixed,FALSE,session651,patient116,651,2022-02-20
Mixed,FALSE,session652,patient108,652,2022-02-21
Mixed,FALSE,session653,patient123,653,2022-03-06
Mixed,FALSE,session654,patient105,654,2022-03-10
Mixed,FALSE,session655,patient114,655,2022-01-08
Mixed,FALSE,session656,patient133,656,2022-03-01
Mixed,FALSE,session657,patient114,657,2022-03-15
Mixed,FALSE,session658,patient101,658,2022-01-07
Mixed,FALSE,session659,patient111,659,2022-01-31
Mixed,FALSE,session660,patient150,660,2022-02-18
Mixed,FALSE,session661,patient110,661,2022-02-21
Mixed,FALSE,session662,patient105,662,2022-02-24
Mixed,FALSE,session663,patient141,663,2022-03-07
Mixed,FALSE,session664,patient149,664,2022-03-08
Mixed,FALSE,session665,patient142,665,2022-03-08
Mixed,FALSE,session666,patient101,666,2022-03-21
Mixed,FALSE,session667,patient136,667,2022-03-22
Mixed,FALSE,session668,patient124,668,2022-01-02
Mixed,FALSE,session669,patient145,669,2022-01-13
Mixed,FALSE,session670,patient114,670,2022-01-16
Mixed,FALSE,session671,patient113,671,2022-01-18
Mixed,FALSE,session672,patient119,672,2022-01-20
Mixed,FALSE,session673,patient140,673,2022-01-27
Mixed,FALSE,session674,patient111,674,2022-02-16
Mixed,FALSE,session675,patient101,675,2022-02-25
Mixed,FALSE,session676,patient129,676,2022-03-03
Mixed,FALSE,session677,patient133,677,2022-03-22
Mixed,FALSE,session678,patient130,678,2022-01-15
Mixed,FALSE,session679,patient123,679,2022-01-19
Mixed,FALSE,session680,patient134,680,2022-01-21
Mixed,FALSE,session681,patient149,681,2022-01-24
Mixed,FALSE,session682,patient118,682,2022-01-28
Mixed,FALSE,session683,patient112,683,2022-01-30
Mixed,FALSE,session684,patient134,684,2022-02-04
Mixed,FALSE,session685,patient106,685,2022-02-16
Mixed,FALSE,session686,patient128,686,2022-03-31
Mixed,FALSE,session687,patient142,687,2022-01-07
Mixed,FALSE,session688,patient117,688,2022-01-31
Mixed,FALSE,session689,patient127,689,2022-02-19
Mixed,FALSE,session690,patient123,690,2022-02-21
Mixed,FALSE,session691,patient131,691,2022-03-21
Mixed,FALSE,session692,patient133,692,2022-03-30
Mixed,FALSE,session693,patient133,693,2022-01-13
Mixed,FALSE,session694,patient101,694,2022-01-19
Mixed,FALSE,session695,patient111,695,2022-02-10
Mixed,FALSE,session696,patient128,696,2022-02-21
Mixed,FALSE,session697,patient117,697,2022-03-24
Mixed,FALSE,session698,patient119,698,2022-01-07
Mixed,FALSE,session699,patient148,699,2022-01-29
Mixed,FALSE,session700,patient123,700,2022-01-15
Mixed,FALSE,session701,patient142,701,2022-01-20
Mixed,FALSE,session702,patient130,702,2022-02-21
Mixed,FALSE,session703,patient104,703,2022-03-05
Mixed,FALSE,session704,patient150,704,2022-01-13
Mixed,FALSE,session705,patient132,705,2022-01-13
Mixed,FALSE,session706,patient124,706,2022-01-20
Mixed,FALSE,session707,patient125,707,2022-03-11
Mixed,FALSE,session708,patient128,708,2022-03-11
Mixed,FALSE,session709,patient117,709,2022-03-26
Mixed,FALSE,session710,patient119,710,2022-03-27
Mixed,FALSE,session711,patient139,711,2022-03-28
Mixed,FALSE,session712,patient117,712,2022-01-20
Mixed,FALSE,session713,patient131,713,2022-02-10
Mixed,FALSE,session714,patient131,714,2022-03-14
Mixed,FALSE,session715,patient104,715,2022-02-24
Mixed,FALSE,session716,patient136,716,2022-03-19
Mixed,FALSE,session717,patient101,717,2022-01-15
Mixed,FALSE,session718,patient140,718,2022-01-21
Mixed,FALSE,session719,patient133,719,2022-01-23
Mixed,FALSE,session720,patient123,720,2022-02-01
Mixed,FALSE,session721,patient125,721,2022-02-25
Mixed,FALSE,session722,patient146,722,2022-02-28
Mixed,FALSE,session723,patient130,723,2022-03-14
Mixed,FALSE,session724,patient149,724,2022-03-30
Mixed,FALSE,session725,patient130,725,2022-01-07
Mixed,FALSE,session726,patient134,726,2022-01-08
Mixed,FALSE,session727,patient113,727,2022-01-20
Mixed,FALSE,session728,patient107,728,2022-01-27
Mixed,FALSE,session729,patient107,729,2022-01-27
Mixed,FALSE,session730,patient144,730,2022-02-07
Mixed,FALSE,session731,patient103,731,2022-02-18
Mixed,FALSE,session732,patient136,732,2022-02-19
Mixed,FALSE,session733,patient126,733,2022-02-28
Mixed,FALSE,session734,patient138,734,2022-03-04
Mixed,FALSE,session735,patient131,735,2022-03-11
Mixed,FALSE,session736,patient119,736,2022-03-16
Mixed,FALSE,session737,patient109,737,2022-03-25
Mixed,FALSE,session738,patient103,738,2022-01-01
Mixed,FALSE,session739,patient122,739,2022-01-08
Mixed,FALSE,session740,patient104,740,2022-01-09
Mixed,FALSE,session741,patient139,741,2022-02-20
Mixed,FALSE,session742,patient126,742,2022-02-22
Mixed,FALSE,session743,patient145,743,2022-03-06
Mixed,FALSE,session744,patient131,744,2022-03-18
Mixed,FALSE,session745,patient116,745,2022-03-23
Mixed,FALSE,session746,patient116,746,2022-03-24
Mixed,FALSE,session747,patient124,747,2022-03-26
Mixed,FALSE,session748,patient126,748,2022-01-14
Mixed,FALSE,session749,patient129,749,2022-01-09
Mixed,FALSE,session750,patient134,750,2022-01-21
Mixed,FALSE,session751,patient120,751,2022-01-27
Mixed,FALSE,session752,patient142,752,2022-02-04
Mixed,FALSE,session753,patient116,753,2022-02-10
Mixed,FALSE,session754,patient104,754,2022-01-30
Mixed,FALSE,session755,patient107,755,2022-01-06
Mixed,FALSE,session756,patient140,756,2022-01-24
Mixed,FALSE,session757,patient128,757,2022-01-28
Mixed,FALSE,session758,patient147,758,2022-03-04
Mixed,FALSE,session759,patient149,759,2022-03-11
Mixed,FALSE,session760,patient150,760,2022-03-12
Anxious,FALSE,session761,patient185,761,2022-03-18
Anxious,FALSE,session762,patient175,762,2022-03-29
Anxious,FALSE,session763,patient197,763,2022-03-31
Anxious,FALSE,session764,patient197,764,2022-01-10
Anxious,FALSE,session765,patient179,765,2022-01-07
Anxious,FALSE,session766,patient152,766,2022-03-15
Anxious,FALSE,session767,patient171,767,2022-03-15
Anxious,FALSE,session768,patient167,768,2022-02-03
Anxious,FALSE,session769,patient159,769,2022-02-18
Anxious,FALSE,session770,patient165,770,2022-03-21
Anxious,FALSE,session771,patient195,771,2022-03-31
Anxious,FALSE,session772,patient153,772,2022-01-03
Anxious,FALSE,session773,patient171,773,2022-01-03
Anxious,FALSE,session774,patient187,774,2022-01-09
Anxious,FALSE,session775,patient193,775,2022-01-20
Anxious,FALSE,session776,patient185,776,2022-03-17
Anxious,FALSE,session777,patient175,777,2022-03-21
Anxious,FALSE,session778,patient180,778,2022-03-26
Anxious,FALSE,session779,patient176,779,2022-01-13
Anxious,FALSE,session780,patient184,780,2022-01-19
Anxious,FALSE,session781,patient195,781,2022-02-01
Anxious,FALSE,session782,patient175,782,2022-03-28
Anxious,FALSE,session783,patient152,783,2022-01-24
Anxious,FALSE,session784,patient180,784,2022-02-02
Anxious,FALSE,session785,patient154,785,2022-03-18
Anxious,FALSE,session786,patient154,786,2022-03-29
Anxious,FALSE,session787,patient155,787,2022-01-05
Anxious,FALSE,session788,patient171,788,2022-01-30
Anxious,FALSE,session789,patient164,789,2022-01-31
Anxious,FALSE,session790,patient160,790,2022-02-11
Anxious,FALSE,session791,patient167,791,2022-02-14
Anxious,FALSE,session792,patient196,792,2022-02-14
Anxious,FALSE,session793,patient184,793,2022-02-19
Anxious,FALSE,session794,patient172,794,2022-03-06
Anxious,FALSE,session795,patient167,795,2022-03-18
Anxious,FALSE,session796,patient198,796,2022-03-20
Anxious,FALSE,session797,patient200,797,2022-03-30
Anxious,FALSE,session798,patient194,798,2022-03-30
Anxious,FALSE,session799,patient158,799,2022-01-08
Anxious,FALSE,session800,patient175,800,2022-01-12
Anxious,FALSE,session801,patient197,801,2022-01-17
Anxious,FALSE,session802,patient184,802,2022-02-03
Anxious,FALSE,session803,patient195,803,2022-02-09
Anxious,FALSE,session804,patient174,804,2022-02-28
Anxious,FALSE,session805,patient193,805,2022-03-18
Anxious,FALSE,session806,patient168,806,2022-01-07
Anxious,FALSE,session807,patient156,807,2022-01-10
Anxious,FALSE,session808,patient183,808,2022-01-16
Anxious,FALSE,session809,patient177,809,2022-01-20
Anxious,FALSE,session810,patient196,810,2022-01-26
Anxious,FALSE,session811,patient184,811,2022-02-08
Anxious,FALSE,session812,patient171,812,2022-02-11
Anxious,FALSE,session813,patient178,813,2022-03-22
Anxious,FALSE,session814,patient169,814,2022-03-26
Anxious,FALSE,session815,patient199,815,2022-01-11
Anxious,FALSE,session816,patient193,816,2022-01-29
Anxious,FALSE,session817,patient166,817,2022-02-08
Anxious,FALSE,session818,patient187,818,2022-02-15
Anxious,FALSE,session819,patient179,819,2022-02-28
Anxious,FALSE,session820,patient188,820,2022-03-02
Anxious,FALSE,session821,patient200,821,2022-03-16
Anxious,FALSE,session822,patient174,822,2022-03-22
Anxious,FALSE,session823,patient178,823,2022-03-24
Anxious,FALSE,session824,patient188,824,2022-01-23
Anxious,FALSE,session825,patient190,825,2022-02-14
Anxious,FALSE,session826,patient156,826,2022-02-18
Anxious,FALSE,session827,patient163,827,2022-03-10
Anxious,FALSE,session828,patient176,828,2022-03-20
Anxious,FALSE,session829,patient189,829,2022-01-29
Anxious,FALSE,session830,patient197,830,2022-01-29
Anxious,FALSE,session831,patient178,831,2022-02-07
Anxious,FALSE,session832,patient172,832,2022-02-11
Anxious,FALSE,session833,patient174,833,2022-03-02
Anxious,FALSE,session834,patient187,834,2022-03-12
Anxious,FALSE,session835,patient162,835,2022-01-07
Anxious,FALSE,session836,patient162,836,2022-01-13
Anxious,FALSE,session837,patient190,837,2022-01-20
Anxious,FALSE,session838,patient160,838,2022-02-13
Anxious,FALSE,session839,patient179,839,2022-02-13
Anxious,FALSE,session840,patient177,840,2022-02-20
Anxious,FALSE,session841,patient164,841,2022-03-01
Anxious,FALSE,session842,patient190,842,2022-03-09
Anxious,FALSE,session843,patient151,843,2022-03-21
Anxious,FALSE,session844,patient156,844,2022-03-24
Anxious,FALSE,session845,patient193,845,2022-03-26
Anxious,FALSE,session846,patient190,846,2022-03-12
Anxious,FALSE,session847,patient174,847,2022-03-18
Anxious,FALSE,session848,patient182,848,2022-03-21
Anxious,FALSE,session849,patient196,849,2022-03-26
Anxious,FALSE,session850,patient153,850,2022-01-01
Anxious,FALSE,session851,patient168,851,2022-01-21
Anxious,FALSE,session852,patient181,852,2022-02-15
Anxious,FALSE,session853,patient192,853,2022-02-20
Anxious,FALSE,session854,patient192,854,2022-03-14
Anxious,FALSE,session855,patient191,855,2022-01-01
Anxious,FALSE,session856,patient158,856,2022-01-01
Anxious,FALSE,session857,patient200,857,2022-01-08
Anxious,FALSE,session858,patient179,858,2022-01-17
Anxious,FALSE,session859,patient197,859,2022-02-05
Anxious,FALSE,session860,patient179,860,2022-02-19
Anxious,FALSE,session861,patient181,861,2022-03-13
Anxious,FALSE,session862,patient163,862,2022-01-04
Anxious,FALSE,session863,patient164,863,2022-01-12
Anxious,FALSE,session864,patient171,864,2022-01-28
Anxious,FALSE,session865,patient151,865,2022-03-10
Anxious,FALSE,session866,patient156,866,2022-03-24
Anxious,FALSE,session867,patient183,867,2022-03-29
Anxious,FALSE,session868,patient200,868,2022-01-20
Anxious,FALSE,session869,patient200,869,2022-03-09
Anxious,FALSE,session870,patient175,870,2022-03-27
Anxious,FALSE,session871,patient197,871,2022-03-28
Anxious,FALSE,session872,patient189,872,2022-01-08
Anxious,FALSE,session873,patient190,873,2022-01-08
Anxious,FALSE,session874,patient182,874,2022-01-20
Anxious,FALSE,session875,patient183,875,2022-03-01
Anxious,FALSE,session876,patient154,876,2022-01-08
Anxious,FALSE,session877,patient159,877,2022-03-02
Anxious,FALSE,session878,patient175,878,2022-03-12
Anxious,FALSE,session879,patient157,879,2022-03-16
Anxious,FALSE,session880,patient153,880,2022-03-31
Anxious,FALSE,session881,patient154,881,2022-01-24
Anxious,FALSE,session882,patient200,882,2022-02-12
Anxious,FALSE,session883,patient188,883,2022-03-03
Anxious,FALSE,session884,patient166,884,2022-03-08
Anxious,FALSE,session885,patient177,885,2022-03-08
Anxious,FALSE,session886,patient153,886,2022-03-15
Anxious,FALSE,session887,patient161,887,2022-03-26
Anxious,FALSE,session888,patient175,888,2022-03-27
Anxious,FALSE,session889,patient186,889,2022-01-05
Anxious,FALSE,session890,patient198,890,2022-01-10
Anxious,FALSE,session891,patient192,891,2022-01-17
Anxious,FALSE,session892,patient177,892,2022-01-22
Anxious,FALSE,session893,patient198,893,2022-01-29
Anxious,FALSE,session894,patient189,894,2022-01-31
Anxious,FALSE,session895,patient157,895,2022-02-02
Anxious,FALSE,session896,patient153,896,2022-02-03
Anxious,FALSE,session897,patient177,897,2022-02-27
Anxious,FALSE,session898,patient155,898,2022-02-28
Anxious,FALSE,session899,patient163,899,2022-03-04
Anxious,FALSE,session900,patient171,900,2022-01-01
Severely Anxious,FALSE,session901,patient235,901,2022-01-15
Severely Anxious,FALSE,session902,patient213,902,2022-01-18
Severely Anxious,FALSE,session903,patient210,903,2022-02-16
Severely Anxious,FALSE,session904,patient241,904,2022-02-28
Severely Anxious,FALSE,session905,patient220,905,2022-03-03
Severely Anxious,FALSE,session906,patient202,906,2022-03-26
Severely Anxious,FALSE,session907,patient223,907,2022-01-15
Severely Anxious,FALSE,session908,patient229,908,2022-01-15
Severely Anxious,FALSE,session909,patient231,909,2022-01-24
Severely Anxious,FALSE,session910,patient227,910,2022-01-26
Severely Anxious,FALSE,session911,patient244,911,2022-02-23
Severely Anxious,FALSE,session912,patient239,912,2022-02-25
Severely Anxious,FALSE,session913,patient231,913,2022-03-10
Severely Anxious,FALSE,session914,patient223,914,2022-03-24
Severely Anxious,FALSE,session915,patient227,915,2022-03-26
Severely Anxious,FALSE,session916,patient226,916,2022-01-27
Severely Anxious,FALSE,session917,patient225,917,2022-03-11
Severely Anxious,FALSE,session918,patient226,918,2022-03-11
Severely Anxious,FALSE,session919,patient242,919,2022-01-06
Severely Anxious,FALSE,session920,patient210,920,2022-01-06
Severely Anxious,FALSE,session921,patient231,921,2022-01-26
Severely Anxious,FALSE,session922,patient219,922,2022-02-10
Severely Anxious,FALSE,session923,patient248,923,2022-02-11
Severely Anxious,FALSE,session924,patient204,924,2022-02-25
Severely Anxious,FALSE,session925,patient216,925,2022-03-08
Severely Anxious,FALSE,session926,patient201,926,2022-03-08
Severely Anxious,FALSE,session927,patient233,927,2022-03-26
Severely Anxious,FALSE,session928,patient221,928,2022-01-10
Severely Anxious,FALSE,session929,patient246,929,2022-01-13
Severely Anxious,FALSE,session930,patient202,930,2022-01-20
Severely Anxious,FALSE,session931,patient203,931,2022-01-24
Severely Anxious,FALSE,session932,patient233,932,2022-02-05
Severely Anxious,FALSE,session933,patient209,933,2022-02-07
Severely Anxious,FALSE,session934,patient240,934,2022-02-07
Severely Anxious,FALSE,session935,patient224,935,2022-03-11
Severely Anxious,FALSE,session936,patient246,936,2022-03-19
Severely Anxious,FALSE,session937,patient240,937,2022-02-01
Severely Anxious,FALSE,session938,patient209,938,2022-02-07
Severely Anxious,FALSE,session939,patient201,939,2022-02-22
Severely Anxious,FALSE,session940,patient202,940,2022-02-25
Severely Anxious,FALSE,session941,patient248,941,2022-03-03
Severely Anxious,FALSE,session942,patient233,942,2022-03-14
Severely Anxious,FALSE,session943,patient249,943,2022-01-11
Severely Anxious,FALSE,session944,patient231,944,2022-01-20
Severely Anxious,FALSE,session945,patient233,945,2022-01-21
Severely Anxious,FALSE,session946,patient227,946,2022-01-23
Severely Anxious,FALSE,session947,patient213,947,2022-02-28
Severely Anxious,FALSE,session948,patient215,948,2022-03-15
Severely Anxious,FALSE,session949,patient242,949,2022-03-25
Severely Anxious,FALSE,session950,patient219,950,2022-03-28
Severely Anxious,FALSE,session951,patient216,951,2022-03-30
Severely Anxious,FALSE,session952,patient207,952,2022-01-15
Severely Anxious,FALSE,session953,patient222,953,2022-02-04
Severely Anxious,FALSE,session954,patient249,954,2022-02-04
Severely Anxious,FALSE,session955,patient224,955,2022-02-19
Severely Anxious,FALSE,session956,patient242,956,2022-03-16
Severely Anxious,FALSE,session957,patient237,957,2022-01-07
Severely Anxious,FALSE,session958,patient205,958,2022-02-18
Severely Anxious,FALSE,session959,patient236,959,2022-03-05
Severely Anxious,FALSE,session960,patient218,960,2022-03-22