person_type,session_attendance_id,session_id,person_id,idx,session_date
Severe Depression,did_attend,session407,patient1,407,2022-01-15
Severe Depression,did_attend,session422,patient1,422,2022-01-23
Severe Depression,did_not_attend,session107,patient1,107,2022-02-14
Severe Depression,did_not_attend,session118,patient1,118,2022-02-23
Severe Depression,did_not_attend,session102,patient1,102,2022-03-08
Severe Depression,did_not_attend,session23,patient1,23,2022-03-08
Severe Depression,did_not_attend,session50,patient1,50,2022-03-21
Severe Depression,did_not_attend,session83,patient10,83,2022-01-03
Moderate Depression,did_attend,session567,patient100,567,2022-01-17
Moderate Depression,did_not_attend,session134,patient100,134,2022-01-22
Mixed,did_attend,session705,patient100,705,2022-01-28
Moderate Depression,did_attend,session546,patient100,546,2022-02-01
Mixed,did_attend,session630,patient100,630,2022-02-02
Mixed,did_attend,session679,patient100,679,2022-02-03
Moderate Depression,did_attend,session563,patient100,563,2022-02-04
Moderate Depression,did_attend,session468,patient100,468,2022-02-07
Moderate Depression,did_not_attend,session159,patient100,159,2022-02-17
Moderate Depression,did_attend,session453,patient100,453,2022-03-09
Mixed,did_not_attend,session184,patient100,184,2022-03-28
Mixed,did_attend,session752,patient101,752,2022-01-26
Mixed,did_attend,session676,patient101,676,2022-02-11
Mixed,did_attend,session608,patient101,608,2022-02-28
Mixed,did_not_attend,session186,patient101,186,2022-03-30
Mixed,did_attend,session668,patient102,668,2022-01-16
Mixed,did_attend,session637,patient102,637,2022-03-03
Mixed,did_attend,session719,patient102,719,2022-03-03
Mixed,did_attend,session700,patient103,700,2022-01-13
Mixed,did_attend,session646,patient103,646,2022-03-18
Mixed,did_attend,session651,patient104,651,2022-03-01
Mixed,did_attend,session643,patient104,643,2022-03-11
Mixed,did_attend,session728,patient105,728,2022-01-03
Mixed,did_attend,session727,patient105,727,2022-01-31
Mixed,did_not_attend,session192,patient105,192,2022-03-25
Mixed,did_attend,session594,patient106,594,2022-02-08
Mixed,did_attend,session589,patient106,589,2022-02-15
Mixed,did_not_attend,session187,patient106,187,2022-03-06
Mixed,did_attend,session745,patient106,745,2022-03-21
Mixed,did_not_attend,session191,patient107,191,2022-01-27
Mixed,did_attend,session596,patient107,596,2022-01-28
Mixed,did_attend,session665,patient108,665,2022-02-26
Mixed,did_attend,session658,patient108,658,2022-03-18
Mixed,did_attend,session698,patient108,698,2022-03-18
Mixed,did_attend,session714,patient109,714,2022-01-24
Mixed,did_attend,session681,patient109,681,2022-03-22
Severe Depression,did_not_attend,session114,patient11,114,2022-01-25
Severe Depression,did_not_attend,session1,patient11,1,2022-02-27
Severe Depression,did_not_attend,session48,patient11,48,2022-03-24
Mixed,did_not_attend,session183,patient110,183,2022-01-28
Mixed,did_attend,session757,patient110,757,2022-02-01
Mixed,did_attend,session739,patient111,739,2022-01-23
Mixed,did_attend,session726,patient113,726,2022-01-02
Mixed,did_attend,session615,patient113,615,2022-01-19
Mixed,did_attend,session732,patient113,732,2022-03-09
Mixed,did_attend,session683,patient114,683,2022-03-03
Mixed,did_attend,session725,patient114,725,2022-03-24
Mixed,did_attend,session685,patient115,685,2022-02-16
Mixed,did_attend,session595,patient115,595,2022-03-14
Mixed,did_attend,session678,patient116,678,2022-03-21
Mixed,did_attend,session583,patient117,583,2022-01-19
Mixed,did_attend,session687,patient118,687,2022-01-13
Mixed,did_attend,session723,patient119,723,2022-01-18
Mixed,did_attend,session684,patient119,684,2022-02-01
Severe Depression,did_not_attend,session44,patient12,44,2022-01-20
Severe Depression,did_attend,session410,patient12,410,2022-02-25
Severe Depression,did_attend,session399,patient12,399,2022-03-20
Mixed,did_attend,session592,patient120,592,2022-03-19
Mixed,did_attend,session618,patient120,618,2022-03-31
Mixed,did_attend,session694,patient121,694,2022-01-23
Mixed,did_attend,session742,patient121,742,2022-01-30
Mixed,did_attend,session708,patient121,708,2022-03-19
Mixed,did_attend,session588,patient121,588,2022-03-23
Mixed,did_attend,session688,patient123,688,2022-03-02
Mixed,did_attend,session645,patient123,645,2022-03-21
Mixed,did_attend,session619,patient124,619,2022-01-31
Mixed,did_attend,session730,patient124,730,2022-02-01
Mixed,did_attend,session748,patient124,748,2022-03-12
Mixed,did_attend,session599,patient126,599,2022-02-07
Mixed,did_attend,session606,patient127,606,2022-01-02
Mixed,did_not_attend,session193,patient128,193,2022-01-04
Mixed,did_attend,session686,patient128,686,2022-03-08
Mixed,did_attend,session628,patient128,628,2022-03-25
Mixed,did_attend,session662,patient129,662,2022-01-18
Severe Depression,did_not_attend,session120,patient13,120,2022-02-27
Severe Depression,did_not_attend,session82,patient13,82,2022-03-13
Mixed,did_attend,session603,patient130,603,2022-01-24
Mixed,did_attend,session623,patient130,623,2022-01-29
Mixed,did_attend,session731,patient131,731,2022-01-11
Mixed,did_attend,session587,patient131,587,2022-02-02
Mixed,did_attend,session713,patient131,713,2022-03-04
Mixed,did_attend,session627,patient131,627,2022-03-15
Mixed,did_not_attend,session190,patient131,190,2022-03-20
Mixed,did_attend,session631,patient132,631,2022-02-11
Mixed,did_attend,session696,patient134,696,2022-01-22
Mixed,did_attend,session735,patient134,735,2022-01-25
Mixed,did_attend,session600,patient135,600,2022-01-01
Mixed,did_attend,session715,patient135,715,2022-01-17
Mixed,did_attend,session716,patient136,716,2022-02-20
Mixed,did_attend,session692,patient136,692,2022-03-19
Mixed,did_attend,session620,patient138,620,2022-01-20
Mixed,did_attend,session720,patient138,720,2022-02-13
Mixed,did_attend,session671,patient138,671,2022-03-05
Severe Depression,did_attend,session383,patient14,383,2022-01-05
Severe Depression,did_not_attend,session99,patient14,99,2022-02-03
Severe Depression,did_not_attend,session26,patient14,26,2022-02-12
Severe Depression,did_not_attend,session110,patient14,110,2022-02-18
Severe Depression,did_not_attend,session20,patient14,20,2022-02-24
Mixed,did_attend,session707,patient140,707,2022-02-01
Mixed,did_attend,session597,patient140,597,2022-03-02
Mixed,did_attend,session675,patient141,675,2022-01-24
Mixed,did_not_attend,session194,patient141,194,2022-01-26
Mixed,did_attend,session749,patient141,749,2022-02-16
Mixed,did_not_attend,session189,patient142,189,2022-01-23
Mixed,did_attend,session669,patient142,669,2022-03-05
Mixed,did_attend,session729,patient143,729,2022-01-22
Mixed,did_attend,session654,patient143,654,2022-02-01
Mixed,did_attend,session718,patient143,718,2022-02-17
Mixed,did_attend,session655,patient143,655,2022-03-12
Mixed,did_attend,session667,patient144,667,2022-03-20
Mixed,did_attend,session672,patient145,672,2022-02-28
Mixed,did_attend,session743,patient146,743,2022-02-10
Mixed,did_not_attend,session197,patient146,197,2022-03-18
Mixed,did_attend,session759,patient147,759,2022-03-12
Mixed,did_attend,session677,patient148,677,2022-01-18
Mixed,did_attend,session663,patient148,663,2022-03-25
Mixed,did_attend,session699,patient148,699,2022-03-30
Mixed,did_attend,session607,patient149,607,2022-01-04
Mixed,did_attend,session601,patient149,601,2022-01-15
Mixed,did_attend,session609,patient149,609,2022-02-11
Severe Depression,did_not_attend,session91,patient15,91,2022-01-26
Severe Depression,did_attend,session400,patient15,400,2022-02-11
Severe Depression,did_not_attend,session75,patient15,75,2022-03-01
Severe Depression,did_attend,session398,patient15,398,2022-03-08
Severe Depression,did_attend,session420,patient15,420,2022-03-08
Severe Depression,did_not_attend,session98,patient15,98,2022-03-26
Mixed,did_attend,session691,patient150,691,2022-02-22
Anxious,did_not_attend,session235,patient151,235,2022-01-03
Anxious,did_attend,session863,patient151,863,2022-02-10
Anxious,did_not_attend,session243,patient151,243,2022-02-10
Anxious,did_not_attend,session232,patient151,232,2022-02-11
Anxious,did_not_attend,session208,patient151,208,2022-02-13
Anxious,did_attend,session785,patient151,785,2022-02-28
Anxious,did_attend,session815,patient151,815,2022-03-14
Anxious,did_attend,session884,patient151,884,2022-03-15
Anxious,did_attend,session784,patient152,784,2022-01-19
Anxious,did_attend,session846,patient152,846,2022-02-20
Anxious,did_attend,session783,patient152,783,2022-02-20
Anxious,did_not_attend,session201,patient152,201,2022-03-09
Anxious,did_attend,session786,patient152,786,2022-03-23
Anxious,did_not_attend,session218,patient153,218,2022-01-12
Anxious,did_attend,session773,patient153,773,2022-02-06
Anxious,did_not_attend,session252,patient153,252,2022-02-13
Anxious,did_not_attend,session255,patient153,255,2022-02-21
Anxious,did_attend,session811,patient153,811,2022-03-01
Anxious,did_attend,session804,patient153,804,2022-03-17
Anxious,did_attend,session819,patient153,819,2022-03-28
Anxious,did_attend,session790,patient154,790,2022-01-05
Anxious,did_attend,session764,patient154,764,2022-01-08
Anxious,did_attend,session825,patient154,825,2022-02-05
Anxious,did_not_attend,session207,patient154,207,2022-03-14
Anxious,did_attend,session833,patient155,833,2022-01-10
Anxious,did_attend,session826,patient155,826,2022-02-17
Anxious,did_not_attend,session230,patient155,230,2022-03-03
Anxious,did_attend,session887,patient155,887,2022-03-27
Anxious,did_attend,session793,patient156,793,2022-02-16
Anxious,did_not_attend,session254,patient156,254,2022-03-07
Anxious,did_attend,session766,patient156,766,2022-03-18
Anxious,did_attend,session867,patient156,867,2022-03-26
Anxious,did_attend,session866,patient157,866,2022-01-18
Anxious,did_not_attend,session203,patient157,203,2022-02-04
Anxious,did_attend,session765,patient157,765,2022-02-20
Anxious,did_not_attend,session233,patient157,233,2022-03-21
Anxious,did_attend,session857,patient157,857,2022-03-24
Anxious,did_attend,session892,patient157,892,2022-03-31
Anxious,did_not_attend,session242,patient158,242,2022-01-02
Anxious,did_attend,session767,patient158,767,2022-03-01
Anxious,did_attend,session849,patient159,849,2022-01-27
Anxious,did_attend,session900,patient159,900,2022-02-17
Anxious,did_not_attend,session258,patient159,258,2022-03-12
Anxious,did_attend,session818,patient159,818,2022-03-23
Severe Depression,did_not_attend,session64,patient16,64,2022-03-15
Anxious,did_not_attend,session239,patient160,239,2022-01-23
Anxious,did_attend,session778,patient160,778,2022-02-11
Anxious,did_attend,session864,patient160,864,2022-03-20
Anxious,did_attend,session831,patient160,831,2022-03-24
Anxious,did_attend,session842,patient161,842,2022-02-03
Anxious,did_attend,session834,patient162,834,2022-01-07
Anxious,did_attend,session853,patient162,853,2022-01-18
Anxious,did_attend,session829,patient162,829,2022-01-22
Anxious,did_attend,session896,patient162,896,2022-01-29
Anxious,did_not_attend,session245,patient162,245,2022-03-11
Anxious,did_attend,session774,patient162,774,2022-03-16
Anxious,did_attend,session878,patient162,878,2022-03-29
Anxious,did_attend,session893,patient163,893,2022-01-16
Anxious,did_not_attend,session249,patient163,249,2022-02-08
Anxious,did_attend,session895,patient163,895,2022-03-07
Anxious,did_attend,session897,patient163,897,2022-03-21
Anxious,did_attend,session824,patient164,824,2022-01-06
Anxious,did_attend,session762,patient164,762,2022-01-16
Anxious,did_not_attend,session241,patient164,241,2022-02-22
Anxious,did_attend,session761,patient164,761,2022-02-23
Anxious,did_attend,session877,patient164,877,2022-03-02
Anxious,did_attend,session802,patient164,802,2022-03-20
Anxious,did_attend,session770,patient165,770,2022-02-24
Anxious,did_not_attend,session222,patient165,222,2022-03-11
Anxious,did_attend,session816,patient165,816,2022-03-17
Anxious,did_not_attend,session244,patient165,244,2022-03-23
Anxious,did_attend,session889,patient165,889,2022-03-26
Anxious,did_attend,session813,patient166,813,2022-01-06
Anxious,did_not_attend,session216,patient166,216,2022-01-16
Anxious,did_attend,session822,patient166,822,2022-01-18
Anxious,did_attend,session789,patient166,789,2022-03-08
Anxious,did_attend,session808,patient167,808,2022-01-03
Anxious,did_attend,session776,patient168,776,2022-01-26
Anxious,did_not_attend,session204,patient168,204,2022-01-31
Anxious,did_attend,session872,patient168,872,2022-02-18
Anxious,did_attend,session795,patient168,795,2022-03-24
Anxious,did_attend,session805,patient169,805,2022-01-04
Anxious,did_attend,session763,patient169,763,2022-01-15
Anxious,did_attend,session771,patient169,771,2022-01-23
Anxious,did_not_attend,session215,patient169,215,2022-01-25
Anxious,did_not_attend,session246,patient169,246,2022-01-26
Severe Depression,did_not_attend,session57,patient17,57,2022-01-19
Severe Depression,did_not_attend,session52,patient17,52,2022-02-25
Anxious,did_attend,session779,patient170,779,2022-01-18
Anxious,did_attend,session781,patient170,781,2022-02-07
Anxious,did_attend,session881,patient170,881,2022-02-13
Anxious,did_attend,session837,patient170,837,2022-03-03
Anxious,did_attend,session879,patient170,879,2022-03-15
Anxious,did_not_attend,session238,patient171,238,2022-01-10
Anxious,did_attend,session888,patient171,888,2022-01-30
Anxious,did_not_attend,session229,patient171,229,2022-02-17
Anxious,did_attend,session875,patient171,875,2022-03-13
Anxious,did_attend,session780,patient171,780,2022-03-15
Anxious,did_not_attend,session202,patient172,202,2022-01-08
Anxious,did_attend,session821,patient172,821,2022-02-07
Anxious,did_attend,session840,patient172,840,2022-02-24
Anxious,did_attend,session891,patient172,891,2022-03-06
Anxious,did_not_attend,session224,patient173,224,2022-02-15
Anxious,did_attend,session861,patient173,861,2022-02-28
Anxious,did_not_attend,session221,patient174,221,2022-01-02
Anxious,did_attend,session768,patient174,768,2022-01-07
Anxious,did_not_attend,session209,patient174,209,2022-01-21
Anxious,did_not_attend,session225,patient174,225,2022-02-09
Anxious,did_attend,session855,patient174,855,2022-02-18
Anxious,did_not_attend,session253,patient174,253,2022-02-23
Anxious,did_attend,session828,patient174,828,2022-03-29
Anxious,did_not_attend,session251,patient175,251,2022-01-05
Anxious,did_not_attend,session226,patient175,226,2022-02-17
Anxious,did_not_attend,session206,patient175,206,2022-03-15
Anxious,did_attend,session799,patient176,799,2022-01-27
Anxious,did_attend,session871,patient176,871,2022-02-02
Anxious,did_attend,session772,patient176,772,2022-03-17
Anxious,did_not_attend,session227,patient176,227,2022-03-31
Anxious,did_attend,session830,patient177,830,2022-01-18
Anxious,did_attend,session820,patient177,820,2022-03-05
Anxious,did_attend,session809,patient177,809,2022-03-31
Anxious,did_not_attend,session259,patient178,259,2022-01-29
Anxious,did_attend,session854,patient178,854,2022-02-17
Anxious,did_not_attend,session210,patient178,210,2022-02-18
Anxious,did_attend,session848,patient178,848,2022-02-20
Anxious,did_not_attend,session214,patient178,214,2022-03-18
Anxious,did_not_attend,session257,patient178,257,2022-03-22
Anxious,did_attend,session847,patient179,847,2022-01-11
Anxious,did_attend,session886,patient179,886,2022-02-23
Anxious,did_not_attend,session250,patient179,250,2022-03-31
Severe Depression,did_attend,session406,patient18,406,2022-01-19
Severe Depression,did_not_attend,session70,patient18,70,2022-02-11
Severe Depression,did_attend,session417,patient18,417,2022-03-05
Severe Depression,did_attend,session388,patient18,388,2022-03-14
Severe Depression,did_not_attend,session85,patient18,85,2022-03-15
Anxious,did_attend,session791,patient180,791,2022-01-09
Anxious,did_attend,session859,patient180,859,2022-02-17
Anxious,did_attend,session800,patient180,800,2022-03-09
Anxious,did_attend,session817,patient181,817,2022-02-02
Anxious,did_attend,session797,patient181,797,2022-03-05
Anxious,did_attend,session870,patient182,870,2022-01-03
Anxious,did_attend,session880,patient182,880,2022-01-17
Anxious,did_not_attend,session217,patient183,217,2022-01-04
Anxious,did_attend,session835,patient183,835,2022-02-18
Anxious,did_attend,session787,patient183,787,2022-02-25
Anxious,did_attend,session852,patient183,852,2022-02-25
Anxious,did_not_attend,session219,patient184,219,2022-01-31
Anxious,did_not_attend,session211,patient184,211,2022-03-09
Anxious,did_attend,session796,patient184,796,2022-03-18
Anxious,did_attend,session865,patient185,865,2022-01-15
Anxious,did_not_attend,session228,patient185,228,2022-02-21
Anxious,did_attend,session856,patient185,856,2022-02-25
Anxious,did_not_attend,session212,patient185,212,2022-03-30
Anxious,did_attend,session801,patient186,801,2022-01-09
Anxious,did_attend,session838,patient186,838,2022-02-19
Anxious,did_attend,session803,patient186,803,2022-02-26
Anxious,did_attend,session794,patient186,794,2022-02-28
Anxious,did_not_attend,session220,patient186,220,2022-03-14
Anxious,did_not_attend,session247,patient187,247,2022-01-03
Anxious,did_not_attend,session237,patient187,237,2022-01-26
Anxious,did_attend,session807,patient187,807,2022-01-28
Anxious,did_attend,session782,patient187,782,2022-02-02
Anxious,did_attend,session890,patient187,890,2022-02-09
Anxious,did_not_attend,session223,patient187,223,2022-03-17
Anxious,did_attend,session844,patient188,844,2022-01-06
Anxious,did_attend,session874,patient188,874,2022-01-17
Anxious,did_attend,session806,patient188,806,2022-02-09
Anxious,did_attend,session836,patient188,836,2022-02-28
Anxious,did_attend,session882,patient188,882,2022-03-05
Anxious,did_attend,session868,patient189,868,2022-03-09
Anxious,did_not_attend,session260,patient189,260,2022-03-14
Anxious,did_attend,session850,patient189,850,2022-03-14
Anxious,did_attend,session845,patient189,845,2022-03-25
Severe Depression,did_not_attend,session13,patient19,13,2022-01-21
Severe Depression,did_not_attend,session34,patient19,34,2022-01-22
Severe Depression,did_not_attend,session104,patient19,104,2022-02-07
Anxious,did_attend,session858,patient190,858,2022-03-03
Anxious,did_not_attend,session256,patient190,256,2022-03-09
Anxious,did_not_attend,session248,patient190,248,2022-03-10
Anxious,did_attend,session862,patient191,862,2022-01-28
Anxious,did_attend,session899,patient191,899,2022-02-03
Anxious,did_attend,session769,patient191,769,2022-03-01
Anxious,did_attend,session869,patient192,869,2022-01-10
Anxious,did_attend,session823,patient192,823,2022-02-22
Anxious,did_attend,session876,patient192,876,2022-02-26
Anxious,did_attend,session894,patient192,894,2022-03-27
Anxious,did_attend,session873,patient192,873,2022-03-28
Anxious,did_attend,session812,patient193,812,2022-02-20
Anxious,did_attend,session775,patient193,775,2022-02-28
Anxious,did_attend,session843,patient193,843,2022-03-05
Anxious,did_not_attend,session231,patient194,231,2022-01-16
Anxious,did_attend,session832,patient194,832,2022-02-06
Anxious,did_attend,session798,patient194,798,2022-03-02
Anxious,did_attend,session841,patient194,841,2022-03-13
Anxious,did_not_attend,session205,patient195,205,2022-01-06
Anxious,did_attend,session839,patient196,839,2022-02-02
Anxious,did_not_attend,session213,patient196,213,2022-02-03
Anxious,did_attend,session827,patient196,827,2022-02-21
Anxious,did_attend,session777,patient196,777,2022-03-25
Anxious,did_attend,session898,patient197,898,2022-03-09
Anxious,did_attend,session860,patient198,860,2022-03-04
Anxious,did_attend,session851,patient199,851,2022-01-08
Anxious,did_attend,session885,patient199,885,2022-01-13
Anxious,did_attend,session814,patient199,814,2022-01-24
Anxious,did_attend,session792,patient199,792,2022-02-27
Severe Depression,did_not_attend,session5,patient2,5,2022-01-11
Severe Depression,did_not_attend,session105,patient2,105,2022-02-23
Severe Depression,did_not_attend,session6,patient20,6,2022-02-18
Severe Depression,did_not_attend,session39,patient20,39,2022-02-22
Severe Depression,did_attend,session437,patient20,437,2022-02-26
Severe Depression,did_not_attend,session41,patient20,41,2022-02-27
Anxious,did_attend,session883,patient200,883,2022-01-09
Anxious,did_not_attend,session240,patient200,240,2022-01-10
Anxious,did_not_attend,session236,patient200,236,2022-01-24
Anxious,did_not_attend,session234,patient200,234,2022-02-02
Anxious,did_attend,session788,patient200,788,2022-03-10
Anxious,did_attend,session810,patient200,810,2022-03-16
Severely Anxious,did_not_attend,session297,patient201,297,2022-02-05
Severely Anxious,did_not_attend,session261,patient201,261,2022-03-01
Severely Anxious,did_attend,session950,patient202,950,2022-03-07
Severely Anxious,did_not_attend,session329,patient202,329,2022-03-25
Severely Anxious,did_attend,session952,patient203,952,2022-03-18
Severely Anxious,did_not_attend,session340,patient204,340,2022-01-15
Severely Anxious,did_not_attend,session356,patient204,356,2022-02-22
Severely Anxious,did_not_attend,session288,patient204,288,2022-03-07
Severely Anxious,did_not_attend,session363,patient205,363,2022-03-06
Severely Anxious,did_not_attend,session352,patient205,352,2022-03-31
Severely Anxious,did_not_attend,session313,patient206,313,2022-02-20
Severely Anxious,did_attend,session936,patient206,936,2022-02-23
Severely Anxious,did_not_attend,session376,patient206,376,2022-03-01
Severely Anxious,did_not_attend,session362,patient206,362,2022-03-18
Severely Anxious,did_not_attend,session320,patient207,320,2022-02-06
Severely Anxious,did_attend,session931,patient207,931,2022-02-06
Severely Anxious,did_not_attend,session366,patient207,366,2022-03-03
Severely Anxious,did_attend,session908,patient207,908,2022-03-22
Severely Anxious,did_attend,session937,patient208,937,2022-01-10
Severely Anxious,did_not_attend,session324,patient208,324,2022-01-28
Severely Anxious,did_not_attend,session373,patient208,373,2022-03-03
Severely Anxious,did_not_attend,session292,patient208,292,2022-03-20
Severely Anxious,did_not_attend,session364,patient208,364,2022-03-25
Severely Anxious,did_attend,session958,patient209,958,2022-01-30
Severely Anxious,did_not_attend,session378,patient209,378,2022-02-17
Severely Anxious,did_not_attend,session309,patient209,309,2022-03-29
Severe Depression,did_attend,session413,patient21,413,2022-01-17
Severe Depression,did_attend,session428,patient21,428,2022-01-24
Severe Depression,did_attend,session439,patient21,439,2022-02-08
Severe Depression,did_attend,session432,patient21,432,2022-03-20
Severe Depression,did_not_attend,session3,patient21,3,2022-03-20
Severely Anxious,did_not_attend,session346,patient210,346,2022-02-28
Severely Anxious,did_attend,session906,patient210,906,2022-03-20
Severely Anxious,did_not_attend,session360,patient210,360,2022-03-23
Severely Anxious,did_not_attend,session339,patient210,339,2022-03-29
Severely Anxious,did_attend,session930,patient211,930,2022-03-30
Severely Anxious,did_not_attend,session355,patient212,355,2022-01-12
Severely Anxious,did_not_attend,session282,patient212,282,2022-01-23
Severely Anxious,did_not_attend,session333,patient212,333,2022-02-09
Severely Anxious,did_not_attend,session344,patient212,344,2022-02-22
Severely Anxious,did_not_attend,session304,patient213,304,2022-01-07
Severely Anxious,did_attend,session959,patient213,959,2022-01-20
Severely Anxious,did_not_attend,session334,patient213,334,2022-01-21
Severely Anxious,did_attend,session954,patient213,954,2022-02-15
Severely Anxious,did_attend,session924,patient214,924,2022-01-20
Severely Anxious,did_not_attend,session283,patient214,283,2022-02-11
Severely Anxious,did_not_attend,session361,patient214,361,2022-02-12
Severely Anxious,did_not_attend,session306,patient214,306,2022-02-21
Severely Anxious,did_attend,session938,patient214,938,2022-03-10
Severely Anxious,did_not_attend,session325,patient215,325,2022-03-20
Severely Anxious,did_not_attend,session345,patient216,345,2022-03-03
Severely Anxious,did_not_attend,session311,patient217,311,2022-01-05
Severely Anxious,did_attend,session957,patient217,957,2022-02-16
Severely Anxious,did_attend,session914,patient217,914,2022-02-28
Severely Anxious,did_not_attend,session353,patient217,353,2022-03-01
Severely Anxious,did_not_attend,session303,patient217,303,2022-03-10
Severely Anxious,did_not_attend,session359,patient218,359,2022-01-26
Severely Anxious,did_not_attend,session314,patient218,314,2022-01-27
Severely Anxious,did_not_attend,session331,patient218,331,2022-02-18
Severely Anxious,did_not_attend,session286,patient218,286,2022-02-24
Severely Anxious,did_attend,session920,patient219,920,2022-02-28
Severe Depression,did_not_attend,session111,patient22,111,2022-01-09
Severely Anxious,did_not_attend,session280,patient220,280,2022-02-04
Severely Anxious,did_not_attend,session271,patient220,271,2022-03-20
Severely Anxious,did_not_attend,session336,patient221,336,2022-02-11
Severely Anxious,did_attend,session942,patient221,942,2022-02-13
Severely Anxious,did_attend,session943,patient221,943,2022-03-22
Severely Anxious,did_not_attend,session293,patient222,293,2022-02-11
Severely Anxious,did_attend,session916,patient222,916,2022-02-15
Severely Anxious,did_attend,session912,patient222,912,2022-03-01
Severely Anxious,did_not_attend,session348,patient223,348,2022-01-04
Severely Anxious,did_attend,session921,patient223,921,2022-01-14
Severely Anxious,did_not_attend,session322,patient223,322,2022-02-14
Severely Anxious,did_attend,session911,patient223,911,2022-03-19
Severely Anxious,did_not_attend,session312,patient223,312,2022-03-30
Severely Anxious,did_attend,session947,patient224,947,2022-01-05
Severely Anxious,did_not_attend,session308,patient224,308,2022-01-17
Severely Anxious,did_not_attend,session368,patient224,368,2022-02-18
Severely Anxious,did_attend,session932,patient224,932,2022-03-25
Severely Anxious,did_not_attend,session285,patient225,285,2022-02-15
Severely Anxious,did_attend,session901,patient225,901,2022-02-17
Severely Anxious,did_attend,session905,patient225,905,2022-02-19
Severely Anxious,did_not_attend,session318,patient225,318,2022-02-27
Severely Anxious,did_not_attend,session273,patient226,273,2022-01-20
Severely Anxious,did_not_attend,session281,patient226,281,2022-02-02
Severely Anxious,did_not_attend,session289,patient226,289,2022-02-07
Severely Anxious,did_not_attend,session369,patient226,369,2022-02-28
Severely Anxious,did_not_attend,session379,patient226,379,2022-03-30
Severely Anxious,did_attend,session944,patient227,944,2022-02-28
Severely Anxious,did_attend,session956,patient227,956,2022-03-21
Severely Anxious,did_attend,session925,patient227,925,2022-03-25
Severely Anxious,did_not_attend,session279,patient228,279,2022-02-03
Severely Anxious,did_attend,session918,patient228,918,2022-02-18
Severely Anxious,did_attend,session960,patient228,960,2022-03-16
Severely Anxious,did_not_attend,session343,patient228,343,2022-03-19
Severely Anxious,did_not_attend,session269,patient229,269,2022-01-01
Severely Anxious,did_not_attend,session357,patient229,357,2022-01-04
Severely Anxious,did_attend,session923,patient229,923,2022-01-11
Severely Anxious,did_attend,session945,patient229,945,2022-02-22
Severely Anxious,did_not_attend,session367,patient229,367,2022-03-09
Severe Depression,did_not_attend,session95,patient23,95,2022-01-07
Severe Depression,did_not_attend,session108,patient23,108,2022-01-22
Severe Depression,did_not_attend,session79,patient23,79,2022-02-25
Severely Anxious,did_not_attend,session301,patient230,301,2022-01-18
Severely Anxious,did_attend,session939,patient230,939,2022-02-06
Severely Anxious,did_not_attend,session370,patient230,370,2022-02-21
Severely Anxious,did_attend,session946,patient230,946,2022-02-22
Severely Anxious,did_attend,session948,patient230,948,2022-03-25
Severely Anxious,did_not_attend,session377,patient231,377,2022-02-05
Severely Anxious,did_not_attend,session298,patient231,298,2022-03-06
Severely Anxious,did_not_attend,session335,patient232,335,2022-01-25
Severely Anxious,did_attend,session915,patient232,915,2022-03-08
Severely Anxious,did_not_attend,session326,patient232,326,2022-03-19
Severely Anxious,did_attend,session953,patient233,953,2022-02-12
Severely Anxious,did_not_attend,session305,patient233,305,2022-02-22
Severely Anxious,did_attend,session917,patient234,917,2022-01-05
Severely Anxious,did_not_attend,session276,patient234,276,2022-02-10
Severely Anxious,did_not_attend,session299,patient234,299,2022-02-16
Severely Anxious,did_attend,session941,patient234,941,2022-03-16
Severely Anxious,did_not_attend,session327,patient235,327,2022-01-14
Severely Anxious,did_not_attend,session341,patient235,341,2022-02-16
Severely Anxious,did_attend,session909,patient235,909,2022-02-26
Severely Anxious,did_not_attend,session317,patient235,317,2022-03-04
Severely Anxious,did_not_attend,session321,patient235,321,2022-03-13
Severely Anxious,did_attend,session910,patient235,910,2022-03-27
Severely Anxious,did_not_attend,session337,patient236,337,2022-01-03
Severely Anxious,did_attend,session934,patient236,934,2022-01-09
Severely Anxious,did_not_attend,session266,patient236,266,2022-01-10
Severely Anxious,did_not_attend,session349,patient236,349,2022-01-13
Severely Anxious,did_not_attend,session354,patient236,354,2022-03-12
Severely Anxious,did_not_attend,session294,patient236,294,2022-03-31
Severely Anxious,did_not_attend,session277,patient237,277,2022-02-03
Severely Anxious,did_not_attend,session330,patient237,330,2022-02-07
Severely Anxious,did_not_attend,session315,patient237,315,2022-03-09
Severely Anxious,did_attend,session919,patient237,919,2022-03-25
Severely Anxious,did_not_attend,session270,patient238,270,2022-01-07
Severely Anxious,did_attend,session922,patient238,922,2022-01-24
Severely Anxious,did_not_attend,session291,patient238,291,2022-02-01
Severely Anxious,did_not_attend,session302,patient238,302,2022-03-20
Severely Anxious,did_attend,session904,patient239,904,2022-01-18
Severely Anxious,did_attend,session940,patient239,940,2022-02-07
Severely Anxious,did_not_attend,session323,patient239,323,2022-03-06
Severely Anxious,did_attend,session955,patient239,955,2022-03-12
Severely Anxious,did_not_attend,session328,patient239,328,2022-03-26
Severe Depression,did_not_attend,session46,patient24,46,2022-01-05
Severe Depression,did_attend,session393,patient24,393,2022-01-07
Severe Depression,did_not_attend,session89,patient24,89,2022-01-07
Severe Depression,did_not_attend,session80,patient24,80,2022-01-10
Severe Depression,did_attend,session397,patient24,397,2022-01-12
Severe Depression,did_attend,session381,patient24,381,2022-02-01
Severe Depression,did_attend,session387,patient24,387,2022-03-30
Severely Anxious,did_not_attend,session274,patient240,274,2022-01-08
Severely Anxious,did_not_attend,session284,patient240,284,2022-02-19
Severely Anxious,did_not_attend,session307,patient240,307,2022-03-15
Severely Anxious,did_not_attend,session374,patient241,374,2022-01-23
Severely Anxious,did_not_attend,session351,patient241,351,2022-02-01
Severely Anxious,did_not_attend,session263,patient241,263,2022-02-21
Severely Anxious,did_attend,session951,patient241,951,2022-03-09
Severely Anxious,did_attend,session949,patient241,949,2022-03-28
Severely Anxious,did_not_attend,session342,patient242,342,2022-02-09
Severely Anxious,did_attend,session913,patient242,913,2022-03-29
Severely Anxious,did_not_attend,session296,patient243,296,2022-01-10
Severely Anxious,did_not_attend,session295,patient243,295,2022-02-07
Severely Anxious,did_attend,session929,patient243,929,2022-02-21
Severely Anxious,did_not_attend,session350,patient243,350,2022-03-04
Severely Anxious,did_not_attend,session262,patient244,262,2022-01-17
Severely Anxious,did_not_attend,session358,patient244,358,2022-02-16
Severely Anxious,did_not_attend,session375,patient245,375,2022-01-23
Severely Anxious,did_not_attend,session287,patient245,287,2022-03-03
Severely Anxious,did_not_attend,session372,patient245,372,2022-03-19
Severely Anxious,did_not_attend,session338,patient246,338,2022-01-21
Severely Anxious,did_not_attend,session319,patient246,319,2022-01-26
Severely Anxious,did_not_attend,session267,patient246,267,2022-02-03
Severely Anxious,did_attend,session927,patient246,927,2022-02-04
Severely Anxious,did_not_attend,session265,patient246,265,2022-03-07
Severely Anxious,did_not_attend,session310,patient246,310,2022-03-09
Severely Anxious,did_attend,session902,patient246,902,2022-03-23
Severely Anxious,did_not_attend,session332,patient247,332,2022-01-07
Severely Anxious,did_not_attend,session268,patient247,268,2022-01-11
Severely Anxious,did_attend,session907,patient247,907,2022-01-24
Severely Anxious,did_not_attend,session300,patient247,300,2022-01-29
Severely Anxious,did_not_attend,session371,patient247,371,2022-02-19
Severely Anxious,did_attend,session935,patient247,935,2022-03-05
Severely Anxious,did_not_attend,session264,patient248,264,2022-01-19
Severely Anxious,did_not_attend,session347,patient248,347,2022-02-22
Severely Anxious,did_not_attend,session380,patient248,380,2022-03-01
Severely Anxious,did_not_attend,session278,patient248,278,2022-03-21
Severely Anxious,did_attend,session928,patient248,928,2022-03-25
Severely Anxious,did_not_attend,session275,patient248,275,2022-03-31
Severely Anxious,did_not_attend,session365,patient249,365,2022-01-14
Severely Anxious,did_attend,session933,patient249,933,2022-02-10
Severely Anxious,did_not_attend,session272,patient249,272,2022-03-01
Severely Anxious,did_not_attend,session290,patient249,290,2022-03-01
Severely Anxious,did_attend,session926,patient249,926,2022-03-22
Severe Depression,did_not_attend,session58,patient25,58,2022-01-03
Severe Depression,did_not_attend,session54,patient25,54,2022-01-22
Severe Depression,did_attend,session386,patient25,386,2022-02-05
Severe Depression,did_not_attend,session112,patient25,112,2022-02-09
Severely Anxious,did_not_attend,session316,patient250,316,2022-02-13
Severely Anxious,did_attend,session903,patient250,903,2022-03-09
Severe Depression,did_attend,session427,patient26,427,2022-01-04
Severe Depression,did_attend,session430,patient26,430,2022-01-09
Severe Depression,did_attend,session438,patient26,438,2022-02-06
Severe Depression,did_not_attend,session115,patient26,115,2022-02-11
Severe Depression,did_not_attend,session65,patient26,65,2022-02-11
Severe Depression,did_not_attend,session73,patient26,73,2022-03-24
Severe Depression,did_not_attend,session22,patient27,22,2022-01-03
Severe Depression,did_attend,session392,patient27,392,2022-01-03
Severe Depression,did_attend,session396,patient27,396,2022-02-20
Severe Depression,did_not_attend,session103,patient27,103,2022-03-11
Severe Depression,did_attend,session433,patient28,433,2022-01-01
Severe Depression,did_not_attend,session69,patient28,69,2022-03-15
Severe Depression,did_attend,session419,patient28,419,2022-03-22
Severe Depression,did_not_attend,session81,patient29,81,2022-02-11
Severe Depression,did_not_attend,session24,patient29,24,2022-02-26
Severe Depression,did_not_attend,session17,patient29,17,2022-03-02
Severe Depression,did_attend,session395,patient29,395,2022-03-08
Severe Depression,did_not_attend,session74,patient3,74,2022-03-19
Severe Depression,did_not_attend,session53,patient30,53,2022-01-06
Severe Depression,did_not_attend,session116,patient30,116,2022-01-08
Severe Depression,did_not_attend,session4,patient30,4,2022-01-09
Severe Depression,did_not_attend,session86,patient31,86,2022-01-19
Severe Depression,did_not_attend,session76,patient31,76,2022-02-10
Severe Depression,did_not_attend,session61,patient31,61,2022-02-24
Severe Depression,did_attend,session390,patient32,390,2022-01-02
Severe Depression,did_not_attend,session100,patient32,100,2022-02-10
Severe Depression,did_attend,session414,patient32,414,2022-03-20
Severe Depression,did_not_attend,session38,patient32,38,2022-03-29
Severe Depression,did_not_attend,session25,patient32,25,2022-03-31
Severe Depression,did_not_attend,session37,patient34,37,2022-01-15
Severe Depression,did_attend,session403,patient34,403,2022-01-27
Severe Depression,did_attend,session391,patient34,391,2022-02-15
Severe Depression,did_not_attend,session45,patient34,45,2022-02-24
Severe Depression,did_not_attend,session56,patient35,56,2022-03-21
Severe Depression,did_not_attend,session2,patient36,2,2022-01-02
Severe Depression,did_attend,session384,patient36,384,2022-03-08
Severe Depression,did_not_attend,session94,patient37,94,2022-01-15
Severe Depression,did_attend,session424,patient37,424,2022-01-24
Severe Depression,did_attend,session434,patient37,434,2022-02-26
Severe Depression,did_not_attend,session19,patient37,19,2022-03-06
Severe Depression,did_attend,session409,patient37,409,2022-03-10
Severe Depression,did_not_attend,session27,patient38,27,2022-01-20
Severe Depression,did_not_attend,session8,patient39,8,2022-01-13
Severe Depression,did_not_attend,session30,patient39,30,2022-01-23
Severe Depression,did_attend,session418,patient39,418,2022-02-12
Severe Depression,did_not_attend,session49,patient39,49,2022-02-20
Severe Depression,did_attend,session411,patient4,411,2022-02-20
Severe Depression,did_attend,session423,patient4,423,2022-02-23
Severe Depression,did_not_attend,session47,patient4,47,2022-03-25
Severe Depression,did_not_attend,session63,patient40,63,2022-01-12
Severe Depression,did_not_attend,session101,patient40,101,2022-01-28
Severe Depression,did_attend,session412,patient40,412,2022-02-20
Severe Depression,did_not_attend,session88,patient40,88,2022-03-05
Severe Depression,did_not_attend,session21,patient40,21,2022-03-09
Severe Depression,did_not_attend,session18,patient40,18,2022-03-21
Severe Depression,did_not_attend,session16,patient41,16,2022-01-20
Severe Depression,did_attend,session425,patient41,425,2022-01-22
Severe Depression,did_attend,session421,patient41,421,2022-02-08
Severe Depression,did_not_attend,session68,patient41,68,2022-02-18
Severe Depression,did_not_attend,session14,patient41,14,2022-03-03
Severe Depression,did_not_attend,session96,patient41,96,2022-03-08
Severe Depression,did_not_attend,session117,patient42,117,2022-02-27
Severe Depression,did_not_attend,session109,patient43,109,2022-01-19
Severe Depression,did_not_attend,session119,patient43,119,2022-01-21
Severe Depression,did_not_attend,session62,patient43,62,2022-01-24
Severe Depression,did_not_attend,session28,patient43,28,2022-01-29
Severe Depression,did_not_attend,session59,patient43,59,2022-02-18
Severe Depression,did_not_attend,session87,patient43,87,2022-02-22
Severe Depression,did_attend,session404,patient43,404,2022-03-05
Severe Depression,did_not_attend,session113,patient44,113,2022-01-03
Severe Depression,did_not_attend,session40,patient44,40,2022-01-07
Severe Depression,did_not_attend,session55,patient44,55,2022-01-18
Severe Depression,did_not_attend,session92,patient44,92,2022-02-11
Severe Depression,did_attend,session405,patient44,405,2022-02-14
Severe Depression,did_attend,session385,patient44,385,2022-02-15
Severe Depression,did_not_attend,session93,patient45,93,2022-01-23
Severe Depression,did_not_attend,session51,patient45,51,2022-01-29
Severe Depression,did_not_attend,session67,patient45,67,2022-02-10
Severe Depression,did_not_attend,session66,patient45,66,2022-02-10
Severe Depression,did_not_attend,session84,patient45,84,2022-02-20
Severe Depression,did_not_attend,session42,patient45,42,2022-02-27
Severe Depression,did_attend,session429,patient45,429,2022-03-17
Severe Depression,did_attend,session440,patient45,440,2022-03-22
Severe Depression,did_attend,session431,patient46,431,2022-01-14
Severe Depression,did_attend,session401,patient46,401,2022-02-07
Severe Depression,did_not_attend,session12,patient47,12,2022-01-16
Severe Depression,did_not_attend,session7,patient47,7,2022-01-24
Severe Depression,did_not_attend,session60,patient47,60,2022-03-10
Severe Depression,did_attend,session416,patient48,416,2022-02-13
Severe Depression,did_not_attend,session35,patient48,35,2022-03-10
Severe Depression,did_attend,session389,patient49,389,2022-01-23
Severe Depression,did_not_attend,session97,patient49,97,2022-02-21
Severe Depression,did_not_attend,session90,patient49,90,2022-03-03
Severe Depression,did_not_attend,session72,patient49,72,2022-03-09
Severe Depression,did_not_attend,session11,patient49,11,2022-03-21
Severe Depression,did_not_attend,session15,patient5,15,2022-01-03
Severe Depression,did_not_attend,session78,patient5,78,2022-01-24
Severe Depression,did_attend,session402,patient5,402,2022-01-31
Severe Depression,did_not_attend,session9,patient5,9,2022-02-20
Severe Depression,did_not_attend,session29,patient5,29,2022-02-21
Severe Depression,did_not_attend,session71,patient5,71,2022-03-06
Severe Depression,did_not_attend,session32,patient5,32,2022-03-10
Severe Depression,did_not_attend,session10,patient50,10,2022-01-08
Severe Depression,did_attend,session426,patient50,426,2022-03-01
Severe Depression,did_not_attend,session106,patient50,106,2022-03-15
Mixed,did_attend,session760,patient51,760,2022-01-07
Mixed,did_attend,session622,patient51,622,2022-01-31
Moderate Depression,did_attend,session560,patient51,560,2022-02-18
Mixed,did_attend,session750,patient51,750,2022-02-21
Moderate Depression,did_attend,session497,patient51,497,2022-02-24
Mixed,did_not_attend,session198,patient51,198,2022-03-07
Mixed,did_attend,session724,patient51,724,2022-03-08
Moderate Depression,did_not_attend,session176,patient51,176,2022-03-08
Mixed,did_attend,session584,patient51,584,2022-03-21
Mixed,did_attend,session733,patient51,733,2022-03-22
Mixed,did_attend,session756,patient52,756,2022-01-02
Moderate Depression,did_attend,session447,patient52,447,2022-01-13
Moderate Depression,did_not_attend,session165,patient52,165,2022-01-16
Moderate Depression,did_attend,session445,patient52,445,2022-01-18
Mixed,did_attend,session670,patient52,670,2022-01-20
Moderate Depression,did_attend,session554,patient52,554,2022-01-27
Mixed,did_attend,session661,patient52,661,2022-02-16
Moderate Depression,did_not_attend,session142,patient52,142,2022-02-25
Moderate Depression,did_attend,session523,patient52,523,2022-03-03
Moderate Depression,did_attend,session490,patient52,490,2022-03-22
Mixed,did_attend,session621,patient53,621,2022-01-15
Mixed,did_attend,session582,patient53,582,2022-01-19
Moderate Depression,did_attend,session578,patient53,578,2022-01-21
Moderate Depression,did_attend,session446,patient53,446,2022-01-24
Moderate Depression,did_not_attend,session152,patient53,152,2022-01-28
Moderate Depression,did_not_attend,session127,patient53,127,2022-01-30
Mixed,did_attend,session634,patient53,634,2022-02-04
Moderate Depression,did_attend,session482,patient53,482,2022-02-16
Moderate Depression,did_attend,session579,patient53,579,2022-03-31
Moderate Depression,did_not_attend,session149,patient54,149,2022-01-07
Moderate Depression,did_attend,session575,patient54,575,2022-01-31
Mixed,did_attend,session712,patient54,712,2022-02-19
Moderate Depression,did_attend,session481,patient54,481,2022-02-21
Moderate Depression,did_attend,session456,patient54,456,2022-03-21
Moderate Depression,did_not_attend,session180,patient54,180,2022-03-30
Moderate Depression,did_attend,session489,patient55,489,2022-01-13
Mixed,did_attend,session581,patient55,581,2022-01-19
Mixed,did_attend,session635,patient55,635,2022-02-10
Moderate Depression,did_not_attend,session163,patient55,163,2022-02-21
Moderate Depression,did_attend,session491,patient55,491,2022-03-24
Moderate Depression,did_attend,session466,patient56,466,2022-01-07
Mixed,did_attend,session659,patient56,659,2022-01-29
Moderate Depression,did_not_attend,session132,patient57,132,2022-01-15
Moderate Depression,did_attend,session518,patient57,518,2022-01-20
Mixed,did_attend,session617,patient57,617,2022-02-21
Moderate Depression,did_attend,session527,patient57,527,2022-03-05
Mixed,did_attend,session626,patient58,626,2022-01-13
Mixed,did_attend,session647,patient58,647,2022-01-13
Moderate Depression,did_not_attend,session154,patient58,154,2022-01-20
Moderate Depression,did_not_attend,session136,patient58,136,2022-03-11
Moderate Depression,did_attend,session530,patient58,530,2022-03-11
Mixed,did_attend,session736,patient58,736,2022-03-26
Moderate Depression,did_attend,session556,patient58,556,2022-03-27
Moderate Depression,did_attend,session449,patient59,449,2022-03-28
Severe Depression,did_not_attend,session31,patient6,31,2022-01-20
Severe Depression,did_not_attend,session77,patient6,77,2022-02-10
Severe Depression,did_attend,session436,patient6,436,2022-03-14
Mixed,did_attend,session653,patient60,653,2022-02-24
Moderate Depression,did_attend,session516,patient60,516,2022-03-19
Mixed,did_attend,session666,patient61,666,2022-01-15
Mixed,did_attend,session709,patient61,709,2022-01-21
Moderate Depression,did_attend,session512,patient61,512,2022-01-23
Moderate Depression,did_not_attend,session162,patient61,162,2022-02-01
Mixed,did_attend,session689,patient61,689,2022-02-25
Moderate Depression,did_not_attend,session133,patient61,133,2022-02-28
Moderate Depression,did_attend,session566,patient61,566,2022-03-14
Moderate Depression,did_attend,session493,patient61,493,2022-03-30
Mixed,did_attend,session639,patient62,639,2022-01-07
Moderate Depression,did_not_attend,session150,patient62,150,2022-01-08
Moderate Depression,did_attend,session531,patient62,531,2022-01-20
Moderate Depression,did_attend,session572,patient62,572,2022-01-27
Mixed,did_attend,session625,patient62,625,2022-01-27
Moderate Depression,did_attend,session473,patient62,473,2022-02-07
Moderate Depression,did_not_attend,session170,patient62,170,2022-02-18
Moderate Depression,did_attend,session485,patient62,485,2022-02-19
Moderate Depression,did_attend,session472,patient62,472,2022-02-28
Moderate Depression,did_attend,session478,patient62,478,2022-03-04
Moderate Depression,did_not_attend,session128,patient62,128,2022-03-11
Moderate Depression,did_attend,session470,patient62,470,2022-03-16
Mixed,did_attend,session642,patient62,642,2022-03-25
Moderate Depression,did_not_attend,session143,patient63,143,2022-01-01
Moderate Depression,did_attend,session547,patient63,547,2022-01-08
Moderate Depression,did_attend,session525,patient63,525,2022-01-09
Moderate Depression,did_attend,session474,patient63,474,2022-02-20
Moderate Depression,did_not_attend,session161,patient63,161,2022-02-22
Moderate Depression,did_not_attend,session122,patient63,122,2022-03-06
Moderate Depression,did_attend,session457,patient63,457,2022-03-18
Mixed,did_attend,session648,patient63,648,2022-03-23
Moderate Depression,did_not_attend,session153,patient63,153,2022-03-24
Mixed,did_attend,session703,patient63,703,2022-03-26
Mixed,did_attend,session644,patient64,644,2022-01-14
Moderate Depression,did_not_attend,session138,patient65,138,2022-01-09
Moderate Depression,did_attend,session496,patient65,496,2022-01-21
Moderate Depression,did_attend,session500,patient65,500,2022-01-27
Mixed,did_attend,session650,patient65,650,2022-02-04
Mixed,did_attend,session611,patient65,611,2022-02-10
Moderate Depression,did_attend,session476,patient66,476,2022-01-30
Moderate Depression,did_attend,session540,patient67,540,2022-01-06
Moderate Depression,did_attend,session454,patient67,454,2022-01-24
Mixed,did_attend,session660,patient67,660,2022-01-28
Moderate Depression,did_attend,session498,patient67,498,2022-03-04
Mixed,did_attend,session695,patient67,695,2022-03-11
Mixed,did_not_attend,session185,patient67,185,2022-03-12
Mixed,did_attend,session753,patient67,753,2022-03-18
Mixed,did_attend,session585,patient67,585,2022-03-29
Mixed,did_attend,session604,patient67,604,2022-03-31
Moderate Depression,did_not_attend,session129,patient68,129,2022-01-10
Moderate Depression,did_not_attend,session121,patient69,121,2022-01-07
Moderate Depression,did_not_attend,session151,patient69,151,2022-03-15
Moderate Depression,did_attend,session536,patient69,536,2022-03-15
Severe Depression,did_not_attend,session33,patient7,33,2022-02-03
Severe Depression,did_not_attend,session43,patient7,43,2022-02-18
Severe Depression,did_attend,session435,patient7,435,2022-03-21
Severe Depression,did_attend,session394,patient7,394,2022-03-31
Moderate Depression,did_attend,session480,patient70,480,2022-01-03
Moderate Depression,did_not_attend,session156,patient70,156,2022-01-03
Moderate Depression,did_attend,session487,patient70,487,2022-01-09
Moderate Depression,did_attend,session450,patient70,450,2022-01-20
Moderate Depression,did_not_attend,session126,patient70,126,2022-03-17
Mixed,did_attend,session673,patient70,673,2022-03-21
Moderate Depression,did_attend,session513,patient70,513,2022-03-26
Moderate Depression,did_attend,session503,patient71,503,2022-01-13
Moderate Depression,did_attend,session451,patient71,451,2022-01-19
Mixed,did_attend,session737,patient71,737,2022-02-01
Mixed,did_attend,session674,patient71,674,2022-03-28
Mixed,did_attend,session751,patient72,751,2022-01-24
Moderate Depression,did_attend,session539,patient72,539,2022-02-02
Moderate Depression,did_attend,session565,patient72,565,2022-03-18
Moderate Depression,did_attend,session467,patient72,467,2022-03-29
Mixed,did_attend,session586,patient73,586,2022-01-05
Mixed,did_attend,session717,patient73,717,2022-01-30
Moderate Depression,did_attend,session461,patient73,461,2022-01-31
Mixed,did_attend,session734,patient73,734,2022-02-11
Moderate Depression,did_attend,session549,patient73,549,2022-02-14
Mixed,did_attend,session755,patient73,755,2022-02-14
Moderate Depression,did_attend,session548,patient73,548,2022-02-19
Mixed,did_attend,session629,patient73,629,2022-03-06
Moderate Depression,did_attend,session488,patient73,488,2022-03-18
Moderate Depression,did_attend,session564,patient73,564,2022-03-20
Moderate Depression,did_attend,session494,patient73,494,2022-03-30
Mixed,did_attend,session613,patient73,613,2022-03-30
Mixed,did_attend,session706,patient74,706,2022-01-08
Mixed,did_attend,session722,patient74,722,2022-01-12
Moderate Depression,did_attend,session570,patient74,570,2022-01-17
Moderate Depression,did_attend,session537,patient74,537,2022-02-03
Moderate Depression,did_attend,session458,patient74,458,2022-02-09
Moderate Depression,did_attend,session477,patient74,477,2022-02-28
Moderate Depression,did_not_attend,session140,patient74,140,2022-03-18
Moderate Depression,did_not_attend,session141,patient75,141,2022-01-07
Moderate Depression,did_attend,session514,patient75,514,2022-01-10
Moderate Depression,did_attend,session534,patient75,534,2022-01-16
Mixed,did_attend,session640,patient75,640,2022-01-20
Moderate Depression,did_attend,session460,patient75,460,2022-01-26
Moderate Depression,did_not_attend,session157,patient75,157,2022-02-08
Moderate Depression,did_attend,session576,patient75,576,2022-02-11
Mixed,did_attend,session593,patient75,593,2022-03-22
Moderate Depression,did_not_attend,session177,patient75,177,2022-03-26
Mixed,did_not_attend,session181,patient76,181,2022-01-11
Moderate Depression,did_not_attend,session172,patient76,172,2022-01-29
Moderate Depression,did_not_attend,session167,patient76,167,2022-02-08
Moderate Depression,did_attend,session459,patient76,459,2022-02-15
Mixed,did_attend,session680,patient76,680,2022-02-28
Moderate Depression,did_attend,session483,patient76,483,2022-03-02
Moderate Depression,did_attend,session538,patient76,538,2022-03-16
Moderate Depression,did_attend,session515,patient76,515,2022-03-22
Mixed,did_attend,session741,patient76,741,2022-03-24
Mixed,did_attend,session636,patient77,636,2022-01-23
Mixed,did_attend,session682,patient77,682,2022-02-14
Moderate Depression,did_not_attend,session173,patient77,173,2022-02-18
Mixed,did_attend,session711,patient77,711,2022-03-10
Moderate Depression,did_attend,session442,patient77,442,2022-03-20
Moderate Depression,did_attend,session545,patient78,545,2022-01-29
Moderate Depression,did_attend,session509,patient78,509,2022-01-29
Moderate Depression,did_not_attend,session123,patient78,123,2022-02-07
Moderate Depression,did_attend,session573,patient78,573,2022-02-11
Moderate Depression,did_attend,session524,patient78,524,2022-03-02
Moderate Depression,did_attend,session542,patient78,542,2022-03-12
Mixed,did_not_attend,session196,patient79,196,2022-01-07
Mixed,did_attend,session721,patient79,721,2022-01-13
Mixed,did_attend,session641,patient79,641,2022-01-20
Moderate Depression,did_not_attend,session130,patient79,130,2022-02-13
Moderate Depression,did_attend,session471,patient79,471,2022-02-13
Moderate Depression,did_attend,session551,patient79,551,2022-02-20
Moderate Depression,did_attend,session444,patient79,444,2022-03-01
Moderate Depression,did_not_attend,session137,patient79,137,2022-03-09
Moderate Depression,did_not_attend,session175,patient79,175,2022-03-21
Moderate Depression,did_attend,session486,patient79,486,2022-03-24
Mixed,did_attend,session693,patient79,693,2022-03-26
Moderate Depression,did_not_attend,session144,patient80,144,2022-03-12
Mixed,did_attend,session649,patient80,649,2022-03-18
Moderate Depression,did_attend,session529,patient80,529,2022-03-21
Moderate Depression,did_attend,session463,patient80,463,2022-03-26
Mixed,did_attend,session657,patient81,657,2022-01-01
Moderate Depression,did_not_attend,session155,patient81,155,2022-01-21
Moderate Depression,did_attend,session508,patient81,508,2022-02-15
Moderate Depression,did_attend,session520,patient81,520,2022-02-20
Mixed,did_attend,session738,patient81,738,2022-03-14
Moderate Depression,did_attend,session559,patient82,559,2022-01-01
Moderate Depression,did_not_attend,session124,patient82,124,2022-01-01
Moderate Depression,did_attend,session455,patient82,455,2022-01-08
Mixed,did_attend,session598,patient82,598,2022-01-17
Moderate Depression,did_attend,session465,patient82,465,2022-02-05
Moderate Depression,did_attend,session505,patient82,505,2022-02-19
Moderate Depression,did_attend,session517,patient82,517,2022-03-13
Mixed,did_attend,session616,patient84,616,2022-01-04
Moderate Depression,did_attend,session441,patient84,441,2022-01-12
Moderate Depression,did_not_attend,session171,patient84,171,2022-01-28
Mixed,did_not_attend,session199,patient84,199,2022-03-10
Moderate Depression,did_attend,session510,patient84,510,2022-03-24
Moderate Depression,did_attend,session532,patient84,532,2022-03-29
Moderate Depression,did_attend,session526,patient85,526,2022-01-20
Mixed,did_attend,session710,patient85,710,2022-03-09
Moderate Depression,did_not_attend,session179,patient85,179,2022-03-27
Mixed,did_not_attend,session188,patient85,188,2022-03-28
Moderate Depression,did_attend,session507,patient86,507,2022-01-08
Mixed,did_attend,session602,patient86,602,2022-01-08
Mixed,did_attend,session697,patient86,697,2022-01-20
Mixed,did_not_attend,session195,patient86,195,2022-03-01
Mixed,did_attend,session656,patient87,656,2022-01-08
Moderate Depression,did_not_attend,session147,patient87,147,2022-03-02
Moderate Depression,did_not_attend,session158,patient87,158,2022-03-12
Mixed,did_attend,session758,patient87,758,2022-03-16
Moderate Depression,did_attend,session521,patient87,521,2022-03-31
Moderate Depression,did_attend,session528,patient88,528,2022-01-24
Moderate Depression,did_attend,session469,patient88,469,2022-02-12
Mixed,did_not_attend,session200,patient88,200,2022-03-03
Mixed,did_attend,session591,patient88,591,2022-03-08
Moderate Depression,did_not_attend,session148,patient88,148,2022-03-08
Moderate Depression,did_attend,session553,patient88,553,2022-03-15
Moderate Depression,did_attend,session577,patient88,577,2022-03-26
Mixed,did_not_attend,session182,patient88,182,2022-03-27
Moderate Depression,did_attend,session499,patient89,499,2022-01-05
Mixed,did_attend,session701,patient89,701,2022-01-10
Moderate Depression,did_not_attend,session139,patient89,139,2022-01-17
Moderate Depression,did_attend,session504,patient89,504,2022-01-22
Moderate Depression,did_not_attend,session166,patient89,166,2022-01-29
Mixed,did_attend,session664,patient89,664,2022-01-31
Mixed,did_attend,session652,patient89,652,2022-02-02
Severe Depression,did_attend,session408,patient9,408,2022-02-03
Severe Depression,did_not_attend,session36,patient9,36,2022-02-27
Severe Depression,did_attend,session415,patient9,415,2022-02-28
Severe Depression,did_attend,session382,patient9,382,2022-03-04
Moderate Depression,did_attend,session550,patient90,550,2022-01-01
Moderate Depression,did_attend,session501,patient90,501,2022-01-15
Moderate Depression,did_attend,session519,patient90,519,2022-01-18
Moderate Depression,did_attend,session533,patient90,533,2022-02-16
Mixed,did_attend,session704,patient90,704,2022-02-28
Mixed,did_attend,session610,patient90,610,2022-03-03
Moderate Depression,did_attend,session562,patient90,562,2022-03-26
Moderate Depression,did_attend,session448,patient91,448,2022-01-15
Mixed,did_attend,session590,patient91,590,2022-01-15
Moderate Depression,did_attend,session568,patient91,568,2022-01-24
Moderate Depression,did_attend,session464,patient91,464,2022-01-26
Moderate Depression,did_not_attend,session178,patient91,178,2022-02-23
Moderate Depression,did_attend,session479,patient91,479,2022-02-25
Moderate Depression,did_attend,session511,patient91,511,2022-03-10
Moderate Depression,did_attend,session544,patient91,544,2022-03-24
Moderate Depression,did_not_attend,session146,patient91,146,2022-03-26
Mixed,did_attend,session754,patient92,754,2022-01-27
Mixed,did_attend,session746,patient92,746,2022-03-11
Mixed,did_attend,session702,patient92,702,2022-03-11
Moderate Depression,did_not_attend,session145,patient93,145,2022-01-06
Moderate Depression,did_attend,session555,patient93,555,2022-01-06
Moderate Depression,did_attend,session571,patient93,571,2022-01-26
Moderate Depression,did_attend,session574,patient93,574,2022-02-10
Moderate Depression,did_attend,session492,patient93,492,2022-02-11
Mixed,did_attend,session744,patient93,744,2022-02-25
Moderate Depression,did_not_attend,session135,patient93,135,2022-03-08
Moderate Depression,did_not_attend,session131,patient93,131,2022-03-08
Moderate Depression,did_attend,session475,patient93,475,2022-03-26
Moderate Depression,did_attend,session552,patient94,552,2022-01-10
Mixed,did_attend,session614,patient94,614,2022-01-13
Moderate Depression,did_attend,session452,patient94,452,2022-01-20
Moderate Depression,did_not_attend,session168,patient94,168,2022-01-24
Moderate Depression,did_not_attend,session169,patient94,169,2022-02-05
Mixed,did_attend,session747,patient94,747,2022-02-07
Mixed,did_attend,session605,patient94,605,2022-02-07
Moderate Depression,did_attend,session443,patient94,443,2022-03-11
Moderate Depression,did_attend,session484,patient94,484,2022-03-19
Moderate Depression,did_attend,session506,patient95,506,2022-02-01
Moderate Depression,did_not_attend,session160,patient95,160,2022-02-07
Moderate Depression,did_attend,session495,patient95,495,2022-02-22
Mixed,did_attend,session624,patient95,624,2022-02-25
Moderate Depression,did_not_attend,session125,patient95,125,2022-03-03
Moderate Depression,did_not_attend,session164,patient95,164,2022-03-14
Moderate Depression,did_attend,session543,patient96,543,2022-01-11
Moderate Depression,did_attend,session535,patient96,535,2022-01-20
Moderate Depression,did_attend,session558,patient96,558,2022-01-21
Moderate Depression,did_attend,session541,patient96,541,2022-01-23
Moderate Depression,did_attend,session462,patient96,462,2022-02-28
Moderate Depression,did_attend,session569,patient96,569,2022-03-15
Mixed,did_attend,session633,patient96,633,2022-03-25
Mixed,did_attend,session632,patient96,632,2022-03-28
Moderate Depression,did_attend,session580,patient96,580,2022-03-30
Moderate Depression,did_attend,session502,patient97,502,2022-01-15
Mixed,did_attend,session612,patient98,612,2022-02-04
Moderate Depression,did_not_attend,session174,patient98,174,2022-02-04
Moderate Depression,did_attend,session557,patient98,557,2022-02-19
Moderate Depression,did_attend,session522,patient98,522,2022-03-16
Mixed,did_attend,session690,patient99,690,2022-01-07
Moderate Depression,did_attend,session561,patient99,561,2022-02-18
Mixed,did_attend,session740,patient99,740,2022-03-05
Mixed,did_attend,session638,patient99,638,2022-03-22